2026-02-05 23:03:41,019 - WARNING - Sensor 3 (28-3cc1f649ac53): Incomplete response
2026-02-05 23:03:41,882 - WARNING - Sensor 4 (28-3cf2f6498873): Incomplete response
2026-02-05 23:03:41,883 - WARNING - 2026-02-05 23:03:41 - Invalid readings from sensors: [3] (1/4 failed)
2026-02-05 23:04:42,811 - WARNING - Sensor 0 (28-3c4ef649f11d): Incomplete response
2026-02-05 23:04:43,674 - WARNING - Sensor 1 (28-3c68f6499bcd): Incomplete response
2026-02-05 23:04:44,538 - WARNING - Sensor 2 (28-3cb9f64947fe): Incomplete response
2026-02-05 23:04:45,434 - WARNING - Sensor 3 (28-3cc1f649ac53): Incomplete response
2026-02-05 23:04:46,330 - WARNING - Sensor 4 (28-3cf2f6498873): Incomplete response
2026-02-05 23:04:46,331 - WARNING - 2026-02-05 23:04:46 - Invalid readings from sensors: [0, 1, 2, 3] (4/4 failed)
2026-02-05 23:05:46,391 - WARNING - Sensor 0 (28-3c4ef649f11d): Device file not found
2026-02-05 23:05:46,392 - WARNING - Sensor 1 (28-3c68f6499bcd): Device file not found
2026-02-05 23:05:46,392 - WARNING - Sensor 2 (28-3cb9f64947fe): Device file not found
2026-02-05 23:05:46,393 - WARNING - Sensor 3 (28-3cc1f649ac53): Device file not found
2026-02-05 23:05:46,393 - WARNING - Sensor 4 (28-3cf2f6498873): Device file not found
2026-02-05 23:05:46,394 - WARNING - 2026-02-05 23:05:46 - Invalid readings from sensors: [0, 1, 2, 3] (4/4 failed)
2026-02-05 23:06:46,454 - WARNING - Sensor 0 (28-3c4ef649f11d): Device file not found
2026-02-05 23:06:46,455 - WARNING - Sensor 1 (28-3c68f6499bcd): Device file not found
2026-02-05 23:06:46,456 - WARNING - Sensor 2 (28-3cb9f64947fe): Device file not found
2026-02-05 23:06:46,456 - WARNING - Sensor 3 (28-3cc1f649ac53): Device file not found
2026-02-05 23:06:46,456 - WARNING - Sensor 4 (28-3cf2f6498873): Device file not found
2026-02-05 23:06:46,457 - WARNING - 2026-02-05 23:06:46 - Invalid readings from sensors: [0, 1, 2, 3] (4/4 failed)
2026-02-05 23:07:46,502 - WARNING - Sensor 0 (28-3c4ef649f11d): Device file not found
2026-02-05 23:07:46,503 - WARNING - Sensor 1 (28-3c68f6499bcd): Device file not found
2026-02-05 23:07:46,503 - WARNING - Sensor 2 (28-3cb9f64947fe): Device file not found
2026-02-05 23:07:46,504 - WARNING - Sensor 3 (28-3cc1f649ac53): Device file not found
2026-02-05 23:07:46,504 - WARNING - Sensor 4 (28-3cf2f6498873): Device file not found
2026-02-05 23:07:46,505 - WARNING - 2026-02-05 23:07:46 - Invalid readings from sensors: [0, 1, 2, 3] (4/4 failed)
2026-02-05 23:08:46,565 - WARNING - Sensor 0 (28-3c4ef649f11d): Device file not found
2026-02-05 23:08:46,566 - WARNING - Sensor 1 (28-3c68f6499bcd): Device file not found
2026-02-05 23:08:46,566 - WARNING - Sensor 2 (28-3cb9f64947fe): Device file not found
2026-02-05 23:08:46,567 - WARNING - Sensor 3 (28-3cc1f649ac53): Device file not found
2026-02-05 23:08:46,567 - WARNING - Sensor 4 (28-3cf2f6498873): Device file not found
2026-02-05 23:08:46,568 - WARNING - 2026-02-05 23:08:46 - Invalid readings from sensors: [0, 1, 2, 3] (4/4 failed)
2026-02-05 23:09:46,629 - WARNING - Sensor 0 (28-3c4ef649f11d): Device file not found
2026-02-05 23:09:46,629 - WARNING - Sensor 1 (28-3c68f6499bcd): Device file not found
2026-02-05 23:09:46,630 - WARNING - Sensor 2 (28-3cb9f64947fe): Device file not found
2026-02-05 23:09:46,630 - WARNING - Sensor 3 (28-3cc1f649ac53): Device file not found
2026-02-05 23:09:46,630 - WARNING - Sensor 4 (28-3cf2f6498873): Device file not found
2026-02-05 23:09:46,631 - WARNING - 2026-02-05 23:09:46 - Invalid readings from sensors: [0, 1, 2, 3] (4/4 failed)
2026-02-05 23:10:46,691 - WARNING - Sensor 0 (28-3c4ef649f11d): Device file not found
2026-02-05 23:10:46,692 - WARNING - Sensor 1 (28-3c68f6499bcd): Device file not found
2026-02-05 23:10:46,692 - WARNING - Sensor 2 (28-3cb9f64947fe): Device file not found
2026-02-05 23:10:46,692 - WARNING - Sensor 3 (28-3cc1f649ac53): Device file not found
2026-02-05 23:10:46,692 - WARNING - Sensor 4 (28-3cf2f6498873): Device file not found
2026-02-05 23:10:46,692 - WARNING - 2026-02-05 23:10:46 - Invalid readings from sensors: [0, 1, 2, 3] (4/4 failed)
2026-02-05 23:11:46,695 - WARNING - Sensor 0 (28-3c4ef649f11d): Device file not found
2026-02-05 23:11:46,696 - WARNING - Sensor 1 (28-3c68f6499bcd): Device file not found
2026-02-05 23:11:46,696 - WARNING - Sensor 2 (28-3cb9f64947fe): Device file not found
2026-02-05 23:11:46,696 - WARNING - Sensor 3 (28-3cc1f649ac53): Device file not found
2026-02-05 23:11:46,696 - WARNING - Sensor 4 (28-3cf2f6498873): Device file not found
2026-02-05 23:11:46,696 - WARNING - 2026-02-05 23:11:46 - Invalid readings from sensors: [0, 1, 2, 3] (4/4 failed)
2026-02-05 23:12:46,751 - WARNING - Sensor 0 (28-3c4ef649f11d): Device file not found
2026-02-05 23:12:46,751 - WARNING - Sensor 1 (28-3c68f6499bcd): Device file not found
2026-02-05 23:12:46,752 - WARNING - Sensor 2 (28-3cb9f64947fe): Device file not found
2026-02-05 23:12:46,752 - WARNING - Sensor 3 (28-3cc1f649ac53): Device file not found
2026-02-05 23:12:46,752 - WARNING - Sensor 4 (28-3cf2f6498873): Device file not found
2026-02-05 23:12:46,753 - WARNING - 2026-02-05 23:12:46 - Invalid readings from sensors: [0, 1, 2, 3] (4/4 failed)
2026-02-05 23:13:46,792 - WARNING - Sensor 0 (28-3c4ef649f11d): Device file not found
2026-02-05 23:13:46,792 - WARNING - Sensor 1 (28-3c68f6499bcd): Device file not found
2026-02-05 23:13:46,793 - WARNING - Sensor 2 (28-3cb9f64947fe): Device file not found
2026-02-05 23:13:46,793 - WARNING - Sensor 3 (28-3cc1f649ac53): Device file not found
2026-02-05 23:13:46,793 - WARNING - Sensor 4 (28-3cf2f6498873): Device file not found
2026-02-05 23:13:46,794 - WARNING - 2026-02-05 23:13:46 - Invalid readings from sensors: [0, 1, 2, 3] (4/4 failed)
2026-02-05 23:14:46,800 - WARNING - Sensor 0 (28-3c4ef649f11d): Device file not found
2026-02-05 23:14:46,800 - WARNING - Sensor 1 (28-3c68f6499bcd): Device file not found
2026-02-05 23:14:46,801 - WARNING - Sensor 2 (28-3cb9f64947fe): Device file not found
2026-02-05 23:14:46,801 - WARNING - Sensor 3 (28-3cc1f649ac53): Device file not found
2026-02-05 23:14:46,801 - WARNING - Sensor 4 (28-3cf2f6498873): Device file not found
2026-02-05 23:14:46,802 - WARNING - 2026-02-05 23:14:46 - Invalid readings from sensors: [0, 1, 2, 3] (4/4 failed)
2026-02-05 23:15:46,829 - WARNING - Sensor 0 (28-3c4ef649f11d): Device file not found
2026-02-05 23:15:46,829 - WARNING - Sensor 1 (28-3c68f6499bcd): Device file not found
2026-02-05 23:15:46,830 - WARNING - Sensor 2 (28-3cb9f64947fe): Device file not found
2026-02-05 23:15:46,830 - WARNING - Sensor 3 (28-3cc1f649ac53): Device file not found
2026-02-05 23:15:46,831 - WARNING - Sensor 4 (28-3cf2f6498873): Device file not found
2026-02-05 23:15:46,831 - WARNING - 2026-02-05 23:15:46 - Invalid readings from sensors: [0, 1, 2, 3] (4/4 failed)
2026-02-05 23:16:46,892 - WARNING - Sensor 0 (28-3c4ef649f11d): Device file not found
2026-02-05 23:16:46,892 - WARNING - Sensor 1 (28-3c68f6499bcd): Device file not found
2026-02-05 23:16:46,892 - WARNING - Sensor 2 (28-3cb9f64947fe): Device file not found
2026-02-05 23:16:46,893 - WARNING - Sensor 3 (28-3cc1f649ac53): Device file not found
2026-02-05 23:16:46,893 - WARNING - Sensor 4 (28-3cf2f6498873): Device file not found
2026-02-05 23:16:46,893 - WARNING - 2026-02-05 23:16:46 - Invalid readings from sensors: [0, 1, 2, 3] (4/4 failed)
2026-02-05 23:17:46,935 - WARNING - Sensor 0 (28-3c4ef649f11d): Device file not found
2026-02-05 23:17:46,936 - WARNING - Sensor 1 (28-3c68f6499bcd): Device file not found
2026-02-05 23:17:46,936 - WARNING - Sensor 2 (28-3cb9f64947fe): Device file not found
2026-02-05 23:17:46,936 - WARNING - Sensor 3 (28-3cc1f649ac53): Device file not found
2026-02-05 23:17:46,936 - WARNING - Sensor 4 (28-3cf2f6498873): Device file not found
2026-02-05 23:17:46,936 - WARNING - 2026-02-05 23:17:46 - Invalid readings from sensors: [0, 1, 2, 3] (4/4 failed)
2026-02-05 23:18:46,997 - WARNING - Sensor 0 (28-3c4ef649f11d): Device file not found
2026-02-05 23:18:46,997 - WARNING - Sensor 1 (28-3c68f6499bcd): Device file not found
2026-02-05 23:18:46,997 - WARNING - Sensor 2 (28-3cb9f64947fe): Device file not found
2026-02-05 23:18:46,997 - WARNING - Sensor 3 (28-3cc1f649ac53): Device file not found
2026-02-05 23:18:46,997 - WARNING - Sensor 4 (28-3cf2f6498873): Device file not found
2026-02-05 23:18:46,998 - WARNING - 2026-02-05 23:18:46 - Invalid readings from sensors: [0, 1, 2, 3] (4/4 failed)
2026-02-05 23:19:47,058 - WARNING - Sensor 0 (28-3c4ef649f11d): Device file not found
2026-02-05 23:19:47,059 - WARNING - Sensor 1 (28-3c68f6499bcd): Device file not found
2026-02-05 23:19:47,059 - WARNING - Sensor 2 (28-3cb9f64947fe): Device file not found
2026-02-05 23:19:47,060 - WARNING - Sensor 3 (28-3cc1f649ac53): Device file not found
2026-02-05 23:19:47,060 - WARNING - Sensor 4 (28-3cf2f6498873): Device file not found
2026-02-05 23:19:47,061 - WARNING - 2026-02-05 23:19:47 - Invalid readings from sensors: [0, 1, 2, 3] (4/4 failed)
2026-02-05 23:20:47,121 - WARNING - Sensor 0 (28-3c4ef649f11d): Device file not found
2026-02-05 23:20:47,122 - WARNING - Sensor 1 (28-3c68f6499bcd): Device file not found
2026-02-05 23:20:47,122 - WARNING - Sensor 2 (28-3cb9f64947fe): Device file not found
2026-02-05 23:20:47,123 - WARNING - Sensor 3 (28-3cc1f649ac53): Device file not found
2026-02-05 23:20:47,123 - WARNING - Sensor 4 (28-3cf2f6498873): Device file not found
2026-02-05 23:20:47,124 - WARNING - 2026-02-05 23:20:47 - Invalid readings from sensors: [0, 1, 2, 3] (4/4 failed)
2026-02-05 23:21:47,136 - WARNING - Sensor 0 (28-3c4ef649f11d): Device file not found
2026-02-05 23:21:47,136 - WARNING - Sensor 1 (28-3c68f6499bcd): Device file not found
2026-02-05 23:21:47,136 - WARNING - Sensor 2 (28-3cb9f64947fe): Device file not found
2026-02-05 23:21:47,137 - WARNING - Sensor 3 (28-3cc1f649ac53): Device file not found
2026-02-05 23:21:47,137 - WARNING - Sensor 4 (28-3cf2f6498873): Device file not found
2026-02-05 23:21:47,138 - WARNING - 2026-02-05 23:21:47 - Invalid readings from sensors: [0, 1, 2, 3] (4/4 failed)
2026-02-05 23:22:47,176 - WARNING - Sensor 0 (28-3c4ef649f11d): Device file not found
2026-02-05 23:22:47,176 - WARNING - Sensor 1 (28-3c68f6499bcd): Device file not found
2026-02-05 23:22:47,176 - WARNING - Sensor 2 (28-3cb9f64947fe): Device file not found
2026-02-05 23:22:47,177 - WARNING - Sensor 3 (28-3cc1f649ac53): Device file not found
2026-02-05 23:22:47,177 - WARNING - Sensor 4 (28-3cf2f6498873): Device file not found
2026-02-05 23:22:47,178 - WARNING - 2026-02-05 23:22:47 - Invalid readings from sensors: [0, 1, 2, 3] (4/4 failed)
2026-02-05 23:23:47,232 - WARNING - Sensor 0 (28-3c4ef649f11d): Device file not found
2026-02-05 23:23:47,232 - WARNING - Sensor 1 (28-3c68f6499bcd): Device file not found
2026-02-05 23:23:47,232 - WARNING - Sensor 2 (28-3cb9f64947fe): Device file not found
2026-02-05 23:23:47,232 - WARNING - Sensor 3 (28-3cc1f649ac53): Device file not found
2026-02-05 23:23:47,233 - WARNING - Sensor 4 (28-3cf2f6498873): Device file not found
2026-02-05 23:23:47,233 - WARNING - 2026-02-05 23:23:47 - Invalid readings from sensors: [0, 1, 2, 3] (4/4 failed)
2026-02-05 23:24:47,272 - WARNING - Sensor 0 (28-3c4ef649f11d): Device file not found
2026-02-05 23:24:47,272 - WARNING - Sensor 1 (28-3c68f6499bcd): Device file not found
2026-02-05 23:24:47,273 - WARNING - Sensor 2 (28-3cb9f64947fe): Device file not found
2026-02-05 23:24:47,273 - WARNING - Sensor 3 (28-3cc1f649ac53): Device file not found
2026-02-05 23:24:47,273 - WARNING - Sensor 4 (28-3cf2f6498873): Device file not found
2026-02-05 23:24:47,274 - WARNING - 2026-02-05 23:24:47 - Invalid readings from sensors: [0, 1, 2, 3] (4/4 failed)
2026-02-05 23:25:47,334 - WARNING - Sensor 0 (28-3c4ef649f11d): Device file not found
2026-02-05 23:25:47,335 - WARNING - Sensor 1 (28-3c68f6499bcd): Device file not found
2026-02-05 23:25:47,335 - WARNING - Sensor 2 (28-3cb9f64947fe): Device file not found
2026-02-05 23:25:47,335 - WARNING - Sensor 3 (28-3cc1f649ac53): Device file not found
2026-02-05 23:25:47,335 - WARNING - Sensor 4 (28-3cf2f6498873): Device file not found
2026-02-05 23:25:47,336 - WARNING - 2026-02-05 23:25:47 - Invalid readings from sensors: [0, 1, 2, 3] (4/4 failed)
2026-02-05 23:26:47,340 - WARNING - Sensor 0 (28-3c4ef649f11d): Device file not found
2026-02-05 23:26:47,340 - WARNING - Sensor 1 (28-3c68f6499bcd): Device file not found
2026-02-05 23:26:47,341 - WARNING - Sensor 2 (28-3cb9f64947fe): Device file not found
2026-02-05 23:26:47,341 - WARNING - Sensor 3 (28-3cc1f649ac53): Device file not found
2026-02-05 23:26:47,341 - WARNING - Sensor 4 (28-3cf2f6498873): Device file not found
2026-02-05 23:26:47,342 - WARNING - 2026-02-05 23:26:47 - Invalid readings from sensors: [0, 1, 2, 3] (4/4 failed)
2026-02-05 23:27:47,400 - WARNING - Sensor 0 (28-3c4ef649f11d): Device file not found
2026-02-05 23:27:47,400 - WARNING - Sensor 1 (28-3c68f6499bcd): Device file not found
2026-02-05 23:27:47,400 - WARNING - Sensor 2 (28-3cb9f64947fe): Device file not found
2026-02-05 23:27:47,401 - WARNING - Sensor 3 (28-3cc1f649ac53): Device file not found
2026-02-05 23:27:47,401 - WARNING - Sensor 4 (28-3cf2f6498873): Device file not found
2026-02-05 23:27:47,402 - WARNING - 2026-02-05 23:27:47 - Invalid readings from sensors: [0, 1, 2, 3] (4/4 failed)
2026-02-05 23:28:47,433 - WARNING - Sensor 0 (28-3c4ef649f11d): Device file not found
2026-02-05 23:28:47,434 - WARNING - Sensor 1 (28-3c68f6499bcd): Device file not found
2026-02-05 23:28:47,434 - WARNING - Sensor 2 (28-3cb9f64947fe): Device file not found
2026-02-05 23:28:47,435 - WARNING - Sensor 3 (28-3cc1f649ac53): Device file not found
2026-02-05 23:28:47,435 - WARNING - Sensor 4 (28-3cf2f6498873): Device file not found
2026-02-05 23:28:47,436 - WARNING - 2026-02-05 23:28:47 - Invalid readings from sensors: [0, 1, 2, 3] (4/4 failed)
2026-02-05 23:29:47,460 - WARNING - Sensor 0 (28-3c4ef649f11d): Device file not found
2026-02-05 23:29:47,460 - WARNING - Sensor 1 (28-3c68f6499bcd): Device file not found
2026-02-05 23:29:47,460 - WARNING - Sensor 2 (28-3cb9f64947fe): Device file not found
2026-02-05 23:29:47,461 - WARNING - Sensor 3 (28-3cc1f649ac53): Device file not found
2026-02-05 23:29:47,461 - WARNING - Sensor 4 (28-3cf2f6498873): Device file not found
2026-02-05 23:29:47,462 - WARNING - 2026-02-05 23:29:47 - Invalid readings from sensors: [0, 1, 2, 3] (4/4 failed)
2026-02-05 23:30:47,522 - WARNING - Sensor 0 (28-3c4ef649f11d): Device file not found
2026-02-05 23:30:47,523 - WARNING - Sensor 1 (28-3c68f6499bcd): Device file not found
2026-02-05 23:30:47,523 - WARNING - Sensor 2 (28-3cb9f64947fe): Device file not found
2026-02-05 23:30:47,524 - WARNING - Sensor 3 (28-3cc1f649ac53): Device file not found
2026-02-05 23:30:47,524 - WARNING - Sensor 4 (28-3cf2f6498873): Device file not found
2026-02-05 23:30:47,525 - WARNING - 2026-02-05 23:30:47 - Invalid readings from sensors: [0, 1, 2, 3] (4/4 failed)
2026-02-05 23:31:47,581 - WARNING - Sensor 0 (28-3c4ef649f11d): Device file not found
2026-02-05 23:31:47,582 - WARNING - Sensor 1 (28-3c68f6499bcd): Device file not found
2026-02-05 23:31:47,582 - WARNING - Sensor 2 (28-3cb9f64947fe): Device file not found
2026-02-05 23:31:47,582 - WARNING - Sensor 3 (28-3cc1f649ac53): Device file not found
2026-02-05 23:31:47,582 - WARNING - Sensor 4 (28-3cf2f6498873): Device file not found
2026-02-05 23:31:47,582 - WARNING - 2026-02-05 23:31:47 - Invalid readings from sensors: [0, 1, 2, 3] (4/4 failed)
2026-02-05 23:32:47,642 - WARNING - Sensor 0 (28-3c4ef649f11d): Device file not found
2026-02-05 23:32:47,642 - WARNING - Sensor 1 (28-3c68f6499bcd): Device file not found
2026-02-05 23:32:47,642 - WARNING - Sensor 2 (28-3cb9f64947fe): Device file not found
2026-02-05 23:32:47,642 - WARNING - Sensor 3 (28-3cc1f649ac53): Device file not found
2026-02-05 23:32:47,642 - WARNING - Sensor 4 (28-3cf2f6498873): Device file not found
2026-02-05 23:32:47,643 - WARNING - 2026-02-05 23:32:47 - Invalid readings from sensors: [0, 1, 2, 3] (4/4 failed)
2026-02-05 23:33:47,703 - WARNING - Sensor 0 (28-3c4ef649f11d): Device file not found
2026-02-05 23:33:47,703 - WARNING - Sensor 1 (28-3c68f6499bcd): Device file not found
2026-02-05 23:33:47,703 - WARNING - Sensor 2 (28-3cb9f64947fe): Device file not found
2026-02-05 23:33:47,703 - WARNING - Sensor 3 (28-3cc1f649ac53): Device file not found
2026-02-05 23:33:47,704 - WARNING - Sensor 4 (28-3cf2f6498873): Device file not found
2026-02-05 23:33:47,704 - WARNING - 2026-02-05 23:33:47 - Invalid readings from sensors: [0, 1, 2, 3] (4/4 failed)
2026-02-05 23:34:47,720 - WARNING - Sensor 0 (28-3c4ef649f11d): Device file not found
2026-02-05 23:34:47,720 - WARNING - Sensor 1 (28-3c68f6499bcd): Device file not found
2026-02-05 23:34:47,721 - WARNING - Sensor 2 (28-3cb9f64947fe): Device file not found
2026-02-05 23:34:47,721 - WARNING - Sensor 3 (28-3cc1f649ac53): Device file not found
2026-02-05 23:34:47,721 - WARNING - Sensor 4 (28-3cf2f6498873): Device file not found
2026-02-05 23:34:47,722 - WARNING - 2026-02-05 23:34:47 - Invalid readings from sensors: [0, 1, 2, 3] (4/4 failed)
2026-02-05 23:35:47,752 - WARNING - Sensor 0 (28-3c4ef649f11d): Device file not found
2026-02-05 23:35:47,752 - WARNING - Sensor 1 (28-3c68f6499bcd): Device file not found
2026-02-05 23:35:47,753 - WARNING - Sensor 2 (28-3cb9f64947fe): Device file not found
2026-02-05 23:35:47,753 - WARNING - Sensor 3 (28-3cc1f649ac53): Device file not found
2026-02-05 23:35:47,753 - WARNING - Sensor 4 (28-3cf2f6498873): Device file not found
2026-02-05 23:35:47,754 - WARNING - 2026-02-05 23:35:47 - Invalid readings from sensors: [0, 1, 2, 3] (4/4 failed)
2026-02-05 23:36:47,800 - WARNING - Sensor 0 (28-3c4ef649f11d): Device file not found
2026-02-05 23:36:47,801 - WARNING - Sensor 1 (28-3c68f6499bcd): Device file not found
2026-02-05 23:36:47,802 - WARNING - Sensor 2 (28-3cb9f64947fe): Device file not found
2026-02-05 23:36:47,803 - WARNING - Sensor 3 (28-3cc1f649ac53): Device file not found
2026-02-05 23:36:47,803 - WARNING - Sensor 4 (28-3cf2f6498873): Device file not found
2026-02-05 23:36:47,804 - WARNING - 2026-02-05 23:36:47 - Invalid readings from sensors: [0, 1, 2, 3] (4/4 failed)
2026-02-05 23:37:47,864 - WARNING - Sensor 0 (28-3c4ef649f11d): Device file not found
2026-02-05 23:37:47,865 - WARNING - Sensor 1 (28-3c68f6499bcd): Device file not found
2026-02-05 23:37:47,865 - WARNING - Sensor 2 (28-3cb9f64947fe): Device file not found
2026-02-05 23:37:47,866 - WARNING - Sensor 3 (28-3cc1f649ac53): Device file not found
2026-02-05 23:37:47,866 - WARNING - Sensor 4 (28-3cf2f6498873): Device file not found
2026-02-05 23:37:47,867 - WARNING - 2026-02-05 23:37:47 - Invalid readings from sensors: [0, 1, 2, 3] (4/4 failed)
2026-02-05 23:38:47,927 - WARNING - Sensor 0 (28-3c4ef649f11d): Device file not found
2026-02-05 23:38:47,928 - WARNING - Sensor 1 (28-3c68f6499bcd): Device file not found
2026-02-05 23:38:47,928 - WARNING - Sensor 2 (28-3cb9f64947fe): Device file not found
2026-02-05 23:38:47,928 - WARNING - Sensor 3 (28-3cc1f649ac53): Device file not found
2026-02-05 23:38:47,928 - WARNING - Sensor 4 (28-3cf2f6498873): Device file not found
2026-02-05 23:38:47,928 - WARNING - 2026-02-05 23:38:47 - Invalid readings from sensors: [0, 1, 2, 3] (4/4 failed)
2026-02-05 23:39:47,948 - WARNING - Sensor 0 (28-3c4ef649f11d): Device file not found
2026-02-05 23:39:47,948 - WARNING - Sensor 1 (28-3c68f6499bcd): Device file not found
2026-02-05 23:39:47,948 - WARNING - Sensor 2 (28-3cb9f64947fe): Device file not found
2026-02-05 23:39:47,948 - WARNING - Sensor 3 (28-3cc1f649ac53): Device file not found
2026-02-05 23:39:47,948 - WARNING - Sensor 4 (28-3cf2f6498873): Device file not found
2026-02-05 23:39:47,949 - WARNING - 2026-02-05 23:39:47 - Invalid readings from sensors: [0, 1, 2, 3] (4/4 failed)
2026-02-05 23:40:48,009 - WARNING - Sensor 0 (28-3c4ef649f11d): Device file not found
2026-02-05 23:40:48,009 - WARNING - Sensor 1 (28-3c68f6499bcd): Device file not found
2026-02-05 23:40:48,009 - WARNING - Sensor 2 (28-3cb9f64947fe): Device file not found
2026-02-05 23:40:48,009 - WARNING - Sensor 3 (28-3cc1f649ac53): Device file not found
2026-02-05 23:40:48,009 - WARNING - Sensor 4 (28-3cf2f6498873): Device file not found
2026-02-05 23:40:48,010 - WARNING - 2026-02-05 23:40:48 - Invalid readings from sensors: [0, 1, 2, 3] (4/4 failed)
2026-02-05 23:41:48,070 - WARNING - Sensor 0 (28-3c4ef649f11d): Device file not found
2026-02-05 23:41:48,074 - WARNING - Sensor 1 (28-3c68f6499bcd): Device file not found
2026-02-05 23:41:48,075 - WARNING - Sensor 2 (28-3cb9f64947fe): Device file not found
2026-02-05 23:41:48,075 - WARNING - Sensor 3 (28-3cc1f649ac53): Device file not found
2026-02-05 23:41:48,076 - WARNING - Sensor 4 (28-3cf2f6498873): Device file not found
2026-02-05 23:41:48,076 - WARNING - 2026-02-05 23:41:48 - Invalid readings from sensors: [0, 1, 2, 3] (4/4 failed)
2026-02-05 23:42:48,092 - WARNING - Sensor 0 (28-3c4ef649f11d): Device file not found
2026-02-05 23:42:48,092 - WARNING - Sensor 1 (28-3c68f6499bcd): Device file not found
2026-02-05 23:42:48,093 - WARNING - Sensor 2 (28-3cb9f64947fe): Device file not found
2026-02-05 23:42:48,093 - WARNING - Sensor 3 (28-3cc1f649ac53): Device file not found
2026-02-05 23:42:48,093 - WARNING - Sensor 4 (28-3cf2f6498873): Device file not found
2026-02-05 23:42:48,094 - WARNING - 2026-02-05 23:42:48 - Invalid readings from sensors: [0, 1, 2, 3] (4/4 failed)
2026-02-05 23:43:48,116 - WARNING - Sensor 0 (28-3c4ef649f11d): Device file not found
2026-02-05 23:43:48,116 - WARNING - Sensor 1 (28-3c68f6499bcd): Device file not found
2026-02-05 23:43:48,117 - WARNING - Sensor 2 (28-3cb9f64947fe): Device file not found
2026-02-05 23:43:48,117 - WARNING - Sensor 3 (28-3cc1f649ac53): Device file not found
2026-02-05 23:43:48,117 - WARNING - Sensor 4 (28-3cf2f6498873): Device file not found
2026-02-05 23:43:48,118 - WARNING - 2026-02-05 23:43:48 - Invalid readings from sensors: [0, 1, 2, 3] (4/4 failed)
2026-02-05 23:44:48,135 - WARNING - Sensor 0 (28-3c4ef649f11d): Device file not found
2026-02-05 23:44:48,136 - WARNING - Sensor 1 (28-3c68f6499bcd): Device file not found
2026-02-05 23:44:48,136 - WARNING - Sensor 2 (28-3cb9f64947fe): Device file not found
2026-02-05 23:44:48,136 - WARNING - Sensor 3 (28-3cc1f649ac53): Device file not found
2026-02-05 23:44:48,137 - WARNING - Sensor 4 (28-3cf2f6498873): Device file not found
2026-02-05 23:44:48,137 - WARNING - 2026-02-05 23:44:48 - Invalid readings from sensors: [0, 1, 2, 3] (4/4 failed)
2026-02-05 23:45:48,198 - WARNING - Sensor 0 (28-3c4ef649f11d): Device file not found
2026-02-05 23:45:48,198 - WARNING - Sensor 1 (28-3c68f6499bcd): Device file not found
2026-02-05 23:45:48,198 - WARNING - Sensor 2 (28-3cb9f64947fe): Device file not found
2026-02-05 23:45:48,198 - WARNING - Sensor 3 (28-3cc1f649ac53): Device file not found
2026-02-05 23:45:48,198 - WARNING - Sensor 4 (28-3cf2f6498873): Device file not found
2026-02-05 23:45:48,199 - WARNING - 2026-02-05 23:45:48 - Invalid readings from sensors: [0, 1, 2, 3] (4/4 failed)
2026-02-05 23:46:48,231 - WARNING - Sensor 0 (28-3c4ef649f11d): Device file not found
2026-02-05 23:46:48,232 - WARNING - Sensor 1 (28-3c68f6499bcd): Device file not found
2026-02-05 23:46:48,232 - WARNING - Sensor 2 (28-3cb9f64947fe): Device file not found
2026-02-05 23:46:48,232 - WARNING - Sensor 3 (28-3cc1f649ac53): Device file not found
2026-02-05 23:46:48,232 - WARNING - Sensor 4 (28-3cf2f6498873): Device file not found
2026-02-05 23:46:48,232 - WARNING - 2026-02-05 23:46:48 - Invalid readings from sensors: [0, 1, 2, 3] (4/4 failed)
2026-02-05 23:47:48,293 - WARNING - Sensor 0 (28-3c4ef649f11d): Device file not found
2026-02-05 23:47:48,293 - WARNING - Sensor 1 (28-3c68f6499bcd): Device file not found
2026-02-05 23:47:48,294 - WARNING - Sensor 2 (28-3cb9f64947fe): Device file not found
2026-02-05 23:47:48,294 - WARNING - Sensor 3 (28-3cc1f649ac53): Device file not found
2026-02-05 23:47:48,294 - WARNING - Sensor 4 (28-3cf2f6498873): Device file not found
2026-02-05 23:47:48,295 - WARNING - 2026-02-05 23:47:48 - Invalid readings from sensors: [0, 1, 2, 3] (4/4 failed)
2026-02-05 23:48:48,356 - WARNING - Sensor 0 (28-3c4ef649f11d): Device file not found
2026-02-05 23:48:48,356 - WARNING - Sensor 1 (28-3c68f6499bcd): Device file not found
2026-02-05 23:48:48,356 - WARNING - Sensor 2 (28-3cb9f64947fe): Device file not found
2026-02-05 23:48:48,357 - WARNING - Sensor 3 (28-3cc1f649ac53): Device file not found
2026-02-05 23:48:48,357 - WARNING - Sensor 4 (28-3cf2f6498873): Device file not found
2026-02-05 23:48:48,357 - WARNING - 2026-02-05 23:48:48 - Invalid readings from sensors: [0, 1, 2, 3] (4/4 failed)
2026-02-05 23:49:48,364 - WARNING - Sensor 0 (28-3c4ef649f11d): Device file not found
2026-02-05 23:49:48,364 - WARNING - Sensor 1 (28-3c68f6499bcd): Device file not found
2026-02-05 23:49:48,364 - WARNING - Sensor 2 (28-3cb9f64947fe): Device file not found
2026-02-05 23:49:48,365 - WARNING - Sensor 3 (28-3cc1f649ac53): Device file not found
2026-02-05 23:49:48,365 - WARNING - Sensor 4 (28-3cf2f6498873): Device file not found
2026-02-05 23:49:48,366 - WARNING - 2026-02-05 23:49:48 - Invalid readings from sensors: [0, 1, 2, 3] (4/4 failed)
2026-02-05 23:50:48,373 - WARNING - Sensor 0 (28-3c4ef649f11d): Device file not found
2026-02-05 23:50:48,374 - WARNING - Sensor 1 (28-3c68f6499bcd): Device file not found
2026-02-05 23:50:48,375 - WARNING - Sensor 2 (28-3cb9f64947fe): Device file not found
2026-02-05 23:50:48,375 - WARNING - Sensor 3 (28-3cc1f649ac53): Device file not found
2026-02-05 23:50:48,375 - WARNING - Sensor 4 (28-3cf2f6498873): Device file not found
2026-02-05 23:50:48,376 - WARNING - 2026-02-05 23:50:48 - Invalid readings from sensors: [0, 1, 2, 3] (4/4 failed)
2026-02-05 23:51:48,437 - WARNING - Sensor 0 (28-3c4ef649f11d): Device file not found
2026-02-05 23:51:48,438 - WARNING - Sensor 1 (28-3c68f6499bcd): Device file not found
2026-02-05 23:51:48,438 - WARNING - Sensor 2 (28-3cb9f64947fe): Device file not found
2026-02-05 23:51:48,438 - WARNING - Sensor 3 (28-3cc1f649ac53): Device file not found
2026-02-05 23:51:48,439 - WARNING - Sensor 4 (28-3cf2f6498873): Device file not found
2026-02-05 23:51:48,439 - WARNING - 2026-02-05 23:51:48 - Invalid readings from sensors: [0, 1, 2, 3] (4/4 failed)
2026-02-05 23:52:48,500 - WARNING - Sensor 0 (28-3c4ef649f11d): Device file not found
2026-02-05 23:52:48,500 - WARNING - Sensor 1 (28-3c68f6499bcd): Device file not found
2026-02-05 23:52:48,500 - WARNING - Sensor 2 (28-3cb9f64947fe): Device file not found
2026-02-05 23:52:48,500 - WARNING - Sensor 3 (28-3cc1f649ac53): Device file not found
2026-02-05 23:52:48,501 - WARNING - Sensor 4 (28-3cf2f6498873): Device file not found
2026-02-05 23:52:48,501 - WARNING - 2026-02-05 23:52:48 - Invalid readings from sensors: [0, 1, 2, 3] (4/4 failed)
2026-02-05 23:53:48,539 - WARNING - Sensor 0 (28-3c4ef649f11d): Device file not found
2026-02-05 23:53:48,540 - WARNING - Sensor 1 (28-3c68f6499bcd): Device file not found
2026-02-05 23:53:48,540 - WARNING - Sensor 2 (28-3cb9f64947fe): Device file not found
2026-02-05 23:53:48,540 - WARNING - Sensor 3 (28-3cc1f649ac53): Device file not found
2026-02-05 23:53:48,540 - WARNING - Sensor 4 (28-3cf2f6498873): Device file not found
2026-02-05 23:53:48,540 - WARNING - 2026-02-05 23:53:48 - Invalid readings from sensors: [0, 1, 2, 3] (4/4 failed)
2026-02-05 23:54:48,547 - WARNING - Sensor 0 (28-3c4ef649f11d): Device file not found
2026-02-05 23:54:48,548 - WARNING - Sensor 1 (28-3c68f6499bcd): Device file not found
2026-02-05 23:54:48,548 - WARNING - Sensor 2 (28-3cb9f64947fe): Device file not found
2026-02-05 23:54:48,548 - WARNING - Sensor 3 (28-3cc1f649ac53): Device file not found
2026-02-05 23:54:48,548 - WARNING - Sensor 4 (28-3cf2f6498873): Device file not found
2026-02-05 23:54:48,548 - WARNING - 2026-02-05 23:54:48 - Invalid readings from sensors: [0, 1, 2, 3] (4/4 failed)
2026-02-05 23:55:48,564 - WARNING - Sensor 0 (28-3c4ef649f11d): Device file not found
2026-02-05 23:55:48,564 - WARNING - Sensor 1 (28-3c68f6499bcd): Device file not found
2026-02-05 23:55:48,565 - WARNING - Sensor 2 (28-3cb9f64947fe): Device file not found
2026-02-05 23:55:48,565 - WARNING - Sensor 3 (28-3cc1f649ac53): Device file not found
2026-02-05 23:55:48,565 - WARNING - Sensor 4 (28-3cf2f6498873): Device file not found
2026-02-05 23:55:48,565 - WARNING - 2026-02-05 23:55:48 - Invalid readings from sensors: [0, 1, 2, 3] (4/4 failed)
2026-02-05 23:56:48,616 - WARNING - Sensor 0 (28-3c4ef649f11d): Device file not found
2026-02-05 23:56:48,616 - WARNING - Sensor 1 (28-3c68f6499bcd): Device file not found
2026-02-05 23:56:48,617 - WARNING - Sensor 2 (28-3cb9f64947fe): Device file not found
2026-02-05 23:56:48,617 - WARNING - Sensor 3 (28-3cc1f649ac53): Device file not found
2026-02-05 23:56:48,617 - WARNING - Sensor 4 (28-3cf2f6498873): Device file not found
2026-02-05 23:56:48,618 - WARNING - 2026-02-05 23:56:48 - Invalid readings from sensors: [0, 1, 2, 3] (4/4 failed)
2026-02-05 23:57:48,679 - WARNING - Sensor 0 (28-3c4ef649f11d): Device file not found
2026-02-05 23:57:48,679 - WARNING - Sensor 1 (28-3c68f6499bcd): Device file not found
2026-02-05 23:57:48,679 - WARNING - Sensor 2 (28-3cb9f64947fe): Device file not found
2026-02-05 23:57:48,680 - WARNING - Sensor 3 (28-3cc1f649ac53): Device file not found
2026-02-05 23:57:48,680 - WARNING - Sensor 4 (28-3cf2f6498873): Device file not found
2026-02-05 23:57:48,681 - WARNING - 2026-02-05 23:57:48 - Invalid readings from sensors: [0, 1, 2, 3] (4/4 failed)
2026-02-05 23:58:48,741 - WARNING - Sensor 0 (28-3c4ef649f11d): Device file not found
2026-02-05 23:58:48,742 - WARNING - Sensor 1 (28-3c68f6499bcd): Device file not found
2026-02-05 23:58:48,742 - WARNING - Sensor 2 (28-3cb9f64947fe): Device file not found
2026-02-05 23:58:48,743 - WARNING - Sensor 3 (28-3cc1f649ac53): Device file not found
2026-02-05 23:58:48,743 - WARNING - Sensor 4 (28-3cf2f6498873): Device file not found
2026-02-05 23:58:48,744 - WARNING - 2026-02-05 23:58:48 - Invalid readings from sensors: [0, 1, 2, 3] (4/4 failed)
2026-02-05 23:59:48,752 - WARNING - Sensor 0 (28-3c4ef649f11d): Device file not found
2026-02-05 23:59:48,753 - WARNING - Sensor 1 (28-3c68f6499bcd): Device file not found
2026-02-05 23:59:48,753 - WARNING - Sensor 2 (28-3cb9f64947fe): Device file not found
2026-02-05 23:59:48,753 - WARNING - Sensor 3 (28-3cc1f649ac53): Device file not found
2026-02-05 23:59:48,754 - WARNING - Sensor 4 (28-3cf2f6498873): Device file not found
2026-02-05 23:59:48,755 - WARNING - 2026-02-05 23:59:48 - Invalid readings from sensors: [0, 1, 2, 3] (4/4 failed)
2026-02-06 00:00:48,815 - WARNING - Sensor 0 (28-3c4ef649f11d): Device file not found
2026-02-06 00:00:48,815 - WARNING - Sensor 1 (28-3c68f6499bcd): Device file not found
2026-02-06 00:00:48,815 - WARNING - Sensor 2 (28-3cb9f64947fe): Device file not found
2026-02-06 00:00:48,816 - WARNING - Sensor 3 (28-3cc1f649ac53): Device file not found
2026-02-06 00:00:48,816 - WARNING - Sensor 4 (28-3cf2f6498873): Device file not found
2026-02-06 00:00:48,816 - WARNING - 2026-02-06 00:00:48 - Invalid readings from sensors: [0, 1, 2, 3] (4/4 failed)
2026-02-06 00:01:48,852 - WARNING - Sensor 0 (28-3c4ef649f11d): Device file not found
2026-02-06 00:01:48,852 - WARNING - Sensor 1 (28-3c68f6499bcd): Device file not found
2026-02-06 00:01:48,853 - WARNING - Sensor 2 (28-3cb9f64947fe): Device file not found
2026-02-06 00:01:48,853 - WARNING - Sensor 3 (28-3cc1f649ac53): Device file not found
2026-02-06 00:01:48,853 - WARNING - Sensor 4 (28-3cf2f6498873): Device file not found
2026-02-06 00:01:48,854 - WARNING - 2026-02-06 00:01:48 - Invalid readings from sensors: [0, 1, 2, 3] (4/4 failed)
2026-02-06 00:02:48,915 - WARNING - Sensor 0 (28-3c4ef649f11d): Device file not found
2026-02-06 00:02:48,915 - WARNING - Sensor 1 (28-3c68f6499bcd): Device file not found
2026-02-06 00:02:48,915 - WARNING - Sensor 2 (28-3cb9f64947fe): Device file not found
2026-02-06 00:02:48,915 - WARNING - Sensor 3 (28-3cc1f649ac53): Device file not found
2026-02-06 00:02:48,915 - WARNING - Sensor 4 (28-3cf2f6498873): Device file not found
2026-02-06 00:02:48,916 - WARNING - 2026-02-06 00:02:48 - Invalid readings from sensors: [0, 1, 2, 3] (4/4 failed)
2026-02-06 00:03:48,976 - WARNING - Sensor 0 (28-3c4ef649f11d): Device file not found
2026-02-06 00:03:48,977 - WARNING - Sensor 1 (28-3c68f6499bcd): Device file not found
2026-02-06 00:03:48,977 - WARNING - Sensor 2 (28-3cb9f64947fe): Device file not found
2026-02-06 00:03:48,977 - WARNING - Sensor 3 (28-3cc1f649ac53): Device file not found
2026-02-06 00:03:48,978 - WARNING - Sensor 4 (28-3cf2f6498873): Device file not found
2026-02-06 00:03:48,979 - WARNING - 2026-02-06 00:03:48 - Invalid readings from sensors: [0, 1, 2, 3] (4/4 failed)
2026-02-06 00:04:49,039 - WARNING - Sensor 0 (28-3c4ef649f11d): Device file not found
2026-02-06 00:04:49,040 - WARNING - Sensor 1 (28-3c68f6499bcd): Device file not found
2026-02-06 00:04:49,040 - WARNING - Sensor 2 (28-3cb9f64947fe): Device file not found
2026-02-06 00:04:49,041 - WARNING - Sensor 3 (28-3cc1f649ac53): Device file not found
2026-02-06 00:04:49,041 - WARNING - Sensor 4 (28-3cf2f6498873): Device file not found
2026-02-06 00:04:49,042 - WARNING - 2026-02-06 00:04:49 - Invalid readings from sensors: [0, 1, 2, 3] (4/4 failed)
2026-02-06 00:05:49,102 - WARNING - Sensor 0 (28-3c4ef649f11d): Device file not found
2026-02-06 00:05:49,103 - WARNING - Sensor 1 (28-3c68f6499bcd): Device file not found
2026-02-06 00:05:49,103 - WARNING - Sensor 2 (28-3cb9f64947fe): Device file not found
2026-02-06 00:05:49,104 - WARNING - Sensor 3 (28-3cc1f649ac53): Device file not found
2026-02-06 00:05:49,104 - WARNING - Sensor 4 (28-3cf2f6498873): Device file not found
2026-02-06 00:05:49,105 - WARNING - 2026-02-06 00:05:49 - Invalid readings from sensors: [0, 1, 2, 3] (4/4 failed)
2026-02-06 00:06:49,165 - WARNING - Sensor 0 (28-3c4ef649f11d): Device file not found
2026-02-06 00:06:49,166 - WARNING - Sensor 1 (28-3c68f6499bcd): Device file not found
2026-02-06 00:06:49,166 - WARNING - Sensor 2 (28-3cb9f64947fe): Device file not found
2026-02-06 00:06:49,167 - WARNING - Sensor 3 (28-3cc1f649ac53): Device file not found
2026-02-06 00:06:49,167 - WARNING - Sensor 4 (28-3cf2f6498873): Device file not found
2026-02-06 00:06:49,168 - WARNING - 2026-02-06 00:06:49 - Invalid readings from sensors: [0, 1, 2, 3] (4/4 failed)
2026-02-06 00:07:49,228 - WARNING - Sensor 0 (28-3c4ef649f11d): Device file not found
2026-02-06 00:07:49,229 - WARNING - Sensor 1 (28-3c68f6499bcd): Device file not found
2026-02-06 00:07:49,229 - WARNING - Sensor 2 (28-3cb9f64947fe): Device file not found
2026-02-06 00:07:49,229 - WARNING - Sensor 3 (28-3cc1f649ac53): Device file not found
2026-02-06 00:07:49,229 - WARNING - Sensor 4 (28-3cf2f6498873): Device file not found
2026-02-06 00:07:49,229 - WARNING - 2026-02-06 00:07:49 - Invalid readings from sensors: [0, 1, 2, 3] (4/4 failed)
2026-02-06 00:08:49,275 - WARNING - Sensor 0 (28-3c4ef649f11d): Device file not found
2026-02-06 00:08:49,275 - WARNING - Sensor 1 (28-3c68f6499bcd): Device file not found
2026-02-06 00:08:49,275 - WARNING - Sensor 2 (28-3cb9f64947fe): Device file not found
2026-02-06 00:08:49,276 - WARNING - Sensor 3 (28-3cc1f649ac53): Device file not found
2026-02-06 00:08:49,276 - WARNING - Sensor 4 (28-3cf2f6498873): Device file not found
2026-02-06 00:08:49,276 - WARNING - 2026-02-06 00:08:49 - Invalid readings from sensors: [0, 1, 2, 3] (4/4 failed)
2026-02-06 00:09:49,300 - WARNING - Sensor 0 (28-3c4ef649f11d): Device file not found
2026-02-06 00:09:49,301 - WARNING - Sensor 1 (28-3c68f6499bcd): Device file not found
2026-02-06 00:09:49,301 - WARNING - Sensor 2 (28-3cb9f64947fe): Device file not found
2026-02-06 00:09:49,301 - WARNING - Sensor 3 (28-3cc1f649ac53): Device file not found
2026-02-06 00:09:49,301 - WARNING - Sensor 4 (28-3cf2f6498873): Device file not found
2026-02-06 00:09:49,301 - WARNING - 2026-02-06 00:09:49 - Invalid readings from sensors: [0, 1, 2, 3] (4/4 failed)
2026-02-06 00:10:49,319 - WARNING - Sensor 0 (28-3c4ef649f11d): Device file not found
2026-02-06 00:10:49,320 - WARNING - Sensor 1 (28-3c68f6499bcd): Device file not found
2026-02-06 00:10:49,320 - WARNING - Sensor 2 (28-3cb9f64947fe): Device file not found
2026-02-06 00:10:49,320 - WARNING - Sensor 3 (28-3cc1f649ac53): Device file not found
2026-02-06 00:10:49,320 - WARNING - Sensor 4 (28-3cf2f6498873): Device file not found
2026-02-06 00:10:49,320 - WARNING - 2026-02-06 00:10:49 - Invalid readings from sensors: [0, 1, 2, 3] (4/4 failed)
2026-02-06 00:11:49,324 - WARNING - Sensor 0 (28-3c4ef649f11d): Device file not found
2026-02-06 00:11:49,324 - WARNING - Sensor 1 (28-3c68f6499bcd): Device file not found
2026-02-06 00:11:49,325 - WARNING - Sensor 2 (28-3cb9f64947fe): Device file not found
2026-02-06 00:11:49,325 - WARNING - Sensor 3 (28-3cc1f649ac53): Device file not found
2026-02-06 00:11:49,325 - WARNING - Sensor 4 (28-3cf2f6498873): Device file not found
2026-02-06 00:11:49,326 - WARNING - 2026-02-06 00:11:49 - Invalid readings from sensors: [0, 1, 2, 3] (4/4 failed)
2026-02-06 00:12:49,387 - WARNING - Sensor 0 (28-3c4ef649f11d): Device file not found
2026-02-06 00:12:49,387 - WARNING - Sensor 1 (28-3c68f6499bcd): Device file not found
2026-02-06 00:12:49,388 - WARNING - Sensor 2 (28-3cb9f64947fe): Device file not found
2026-02-06 00:12:49,388 - WARNING - Sensor 3 (28-3cc1f649ac53): Device file not found
2026-02-06 00:12:49,388 - WARNING - Sensor 4 (28-3cf2f6498873): Device file not found
2026-02-06 00:12:49,389 - WARNING - 2026-02-06 00:12:49 - Invalid readings from sensors: [0, 1, 2, 3] (4/4 failed)
2026-02-06 00:13:49,424 - WARNING - Sensor 0 (28-3c4ef649f11d): Device file not found
2026-02-06 00:13:49,425 - WARNING - Sensor 1 (28-3c68f6499bcd): Device file not found
2026-02-06 00:13:49,425 - WARNING - Sensor 2 (28-3cb9f64947fe): Device file not found
2026-02-06 00:13:49,426 - WARNING - Sensor 3 (28-3cc1f649ac53): Device file not found
2026-02-06 00:13:49,426 - WARNING - Sensor 4 (28-3cf2f6498873): Device file not found
2026-02-06 00:13:49,427 - WARNING - 2026-02-06 00:13:49 - Invalid readings from sensors: [0, 1, 2, 3] (4/4 failed)
2026-02-06 00:14:49,487 - WARNING - Sensor 0 (28-3c4ef649f11d): Device file not found
2026-02-06 00:14:49,488 - WARNING - Sensor 1 (28-3c68f6499bcd): Device file not found
2026-02-06 00:14:49,488 - WARNING - Sensor 2 (28-3cb9f64947fe): Device file not found
2026-02-06 00:14:49,489 - WARNING - Sensor 3 (28-3cc1f649ac53): Device file not found
2026-02-06 00:14:49,489 - WARNING - Sensor 4 (28-3cf2f6498873): Device file not found
2026-02-06 00:14:49,490 - WARNING - 2026-02-06 00:14:49 - Invalid readings from sensors: [0, 1, 2, 3] (4/4 failed)
2026-02-06 00:15:49,550 - WARNING - Sensor 0 (28-3c4ef649f11d): Device file not found
2026-02-06 00:15:49,551 - WARNING - Sensor 1 (28-3c68f6499bcd): Device file not found
2026-02-06 00:15:49,551 - WARNING - Sensor 2 (28-3cb9f64947fe): Device file not found
2026-02-06 00:15:49,551 - WARNING - Sensor 3 (28-3cc1f649ac53): Device file not found
2026-02-06 00:15:49,551 - WARNING - Sensor 4 (28-3cf2f6498873): Device file not found
2026-02-06 00:15:49,551 - WARNING - 2026-02-06 00:15:49 - Invalid readings from sensors: [0, 1, 2, 3] (4/4 failed)
2026-02-06 00:16:49,612 - WARNING - Sensor 0 (28-3c4ef649f11d): Device file not found
2026-02-06 00:16:49,612 - WARNING - Sensor 1 (28-3c68f6499bcd): Device file not found
2026-02-06 00:16:49,612 - WARNING - Sensor 2 (28-3cb9f64947fe): Device file not found
2026-02-06 00:16:49,612 - WARNING - Sensor 3 (28-3cc1f649ac53): Device file not found
2026-02-06 00:16:49,612 - WARNING - Sensor 4 (28-3cf2f6498873): Device file not found
2026-02-06 00:16:49,613 - WARNING - 2026-02-06 00:16:49 - Invalid readings from sensors: [0, 1, 2, 3] (4/4 failed)
2026-02-06 00:17:49,673 - WARNING - Sensor 0 (28-3c4ef649f11d): Device file not found
2026-02-06 00:17:49,673 - WARNING - Sensor 1 (28-3c68f6499bcd): Device file not found
2026-02-06 00:17:49,673 - WARNING - Sensor 2 (28-3cb9f64947fe): Device file not found
2026-02-06 00:17:49,673 - WARNING - Sensor 3 (28-3cc1f649ac53): Device file not found
2026-02-06 00:17:49,674 - WARNING - Sensor 4 (28-3cf2f6498873): Device file not found
2026-02-06 00:17:49,674 - WARNING - 2026-02-06 00:17:49 - Invalid readings from sensors: [0, 1, 2, 3] (4/4 failed)
2026-02-06 00:18:49,704 - WARNING - Sensor 0 (28-3c4ef649f11d): Device file not found
2026-02-06 00:18:49,704 - WARNING - Sensor 1 (28-3c68f6499bcd): Device file not found
2026-02-06 00:18:49,705 - WARNING - Sensor 2 (28-3cb9f64947fe): Device file not found
2026-02-06 00:18:49,705 - WARNING - Sensor 3 (28-3cc1f649ac53): Device file not found
2026-02-06 00:18:49,705 - WARNING - Sensor 4 (28-3cf2f6498873): Device file not found
2026-02-06 00:18:49,706 - WARNING - 2026-02-06 00:18:49 - Invalid readings from sensors: [0, 1, 2, 3] (4/4 failed)
2026-02-06 00:19:49,767 - WARNING - Sensor 0 (28-3c4ef649f11d): Device file not found
2026-02-06 00:19:49,767 - WARNING - Sensor 1 (28-3c68f6499bcd): Device file not found
2026-02-06 00:19:49,768 - WARNING - Sensor 2 (28-3cb9f64947fe): Device file not found
2026-02-06 00:19:49,768 - WARNING - Sensor 3 (28-3cc1f649ac53): Device file not found
2026-02-06 00:19:49,768 - WARNING - Sensor 4 (28-3cf2f6498873): Device file not found
2026-02-06 00:19:49,769 - WARNING - 2026-02-06 00:19:49 - Invalid readings from sensors: [0, 1, 2, 3] (4/4 failed)
2026-02-06 00:20:49,828 - WARNING - Sensor 0 (28-3c4ef649f11d): Device file not found
2026-02-06 00:20:49,828 - WARNING - Sensor 1 (28-3c68f6499bcd): Device file not found
2026-02-06 00:20:49,829 - WARNING - Sensor 2 (28-3cb9f64947fe): Device file not found
2026-02-06 00:20:49,829 - WARNING - Sensor 3 (28-3cc1f649ac53): Device file not found
2026-02-06 00:20:49,829 - WARNING - Sensor 4 (28-3cf2f6498873): Device file not found
2026-02-06 00:20:49,830 - WARNING - 2026-02-06 00:20:49 - Invalid readings from sensors: [0, 1, 2, 3] (4/4 failed)
2026-02-06 00:21:49,866 - WARNING - Sensor 0 (28-3c4ef649f11d): Device file not found
2026-02-06 00:21:49,867 - WARNING - Sensor 1 (28-3c68f6499bcd): Device file not found
2026-02-06 00:21:49,867 - WARNING - Sensor 2 (28-3cb9f64947fe): Device file not found
2026-02-06 00:21:49,867 - WARNING - Sensor 3 (28-3cc1f649ac53): Device file not found
2026-02-06 00:21:49,867 - WARNING - Sensor 4 (28-3cf2f6498873): Device file not found
2026-02-06 00:21:49,868 - WARNING - 2026-02-06 00:21:49 - Invalid readings from sensors: [0, 1, 2, 3] (4/4 failed)
2026-02-06 00:22:49,896 - WARNING - Sensor 0 (28-3c4ef649f11d): Device file not found
2026-02-06 00:22:49,896 - WARNING - Sensor 1 (28-3c68f6499bcd): Device file not found
2026-02-06 00:22:49,897 - WARNING - Sensor 2 (28-3cb9f64947fe): Device file not found
2026-02-06 00:22:49,897 - WARNING - Sensor 3 (28-3cc1f649ac53): Device file not found
2026-02-06 00:22:49,897 - WARNING - Sensor 4 (28-3cf2f6498873): Device file not found
2026-02-06 00:22:49,898 - WARNING - 2026-02-06 00:22:49 - Invalid readings from sensors: [0, 1, 2, 3] (4/4 failed)
2026-02-06 00:23:49,958 - WARNING - Sensor 0 (28-3c4ef649f11d): Device file not found
2026-02-06 00:23:49,959 - WARNING - Sensor 1 (28-3c68f6499bcd): Device file not found
2026-02-06 00:23:49,959 - WARNING - Sensor 2 (28-3cb9f64947fe): Device file not found
2026-02-06 00:23:49,959 - WARNING - Sensor 3 (28-3cc1f649ac53): Device file not found
2026-02-06 00:23:49,959 - WARNING - Sensor 4 (28-3cf2f6498873): Device file not found
2026-02-06 00:23:49,959 - WARNING - 2026-02-06 00:23:49 - Invalid readings from sensors: [0, 1, 2, 3] (4/4 failed)
2026-02-06 00:24:50,020 - WARNING - Sensor 0 (28-3c4ef649f11d): Device file not found
2026-02-06 00:24:50,020 - WARNING - Sensor 1 (28-3c68f6499bcd): Device file not found
2026-02-06 00:24:50,020 - WARNING - Sensor 2 (28-3cb9f64947fe): Device file not found
2026-02-06 00:24:50,020 - WARNING - Sensor 3 (28-3cc1f649ac53): Device file not found
2026-02-06 00:24:50,020 - WARNING - Sensor 4 (28-3cf2f6498873): Device file not found
2026-02-06 00:24:50,021 - WARNING - 2026-02-06 00:24:50 - Invalid readings from sensors: [0, 1, 2, 3] (4/4 failed)
2026-02-06 00:25:50,081 - WARNING - Sensor 0 (28-3c4ef649f11d): Device file not found
2026-02-06 00:25:50,082 - WARNING - Sensor 1 (28-3c68f6499bcd): Device file not found
2026-02-06 00:25:50,082 - WARNING - Sensor 2 (28-3cb9f64947fe): Device file not found
2026-02-06 00:25:50,082 - WARNING - Sensor 3 (28-3cc1f649ac53): Device file not found
2026-02-06 00:25:50,083 - WARNING - Sensor 4 (28-3cf2f6498873): Device file not found
2026-02-06 00:25:50,084 - WARNING - 2026-02-06 00:25:50 - Invalid readings from sensors: [0, 1, 2, 3] (4/4 failed)
2026-02-06 00:26:50,144 - WARNING - Sensor 0 (28-3c4ef649f11d): Device file not found
2026-02-06 00:26:50,145 - WARNING - Sensor 1 (28-3c68f6499bcd): Device file not found
2026-02-06 00:26:50,145 - WARNING - Sensor 2 (28-3cb9f64947fe): Device file not found
2026-02-06 00:26:50,146 - WARNING - Sensor 3 (28-3cc1f649ac53): Device file not found
2026-02-06 00:26:50,146 - WARNING - Sensor 4 (28-3cf2f6498873): Device file not found
2026-02-06 00:26:50,147 - WARNING - 2026-02-06 00:26:50 - Invalid readings from sensors: [0, 1, 2, 3] (4/4 failed)
2026-02-06 00:27:50,207 - WARNING - Sensor 0 (28-3c4ef649f11d): Device file not found
2026-02-06 00:27:50,208 - WARNING - Sensor 1 (28-3c68f6499bcd): Device file not found
2026-02-06 00:27:50,208 - WARNING - Sensor 2 (28-3cb9f64947fe): Device file not found
2026-02-06 00:27:50,209 - WARNING - Sensor 3 (28-3cc1f649ac53): Device file not found
2026-02-06 00:27:50,209 - WARNING - Sensor 4 (28-3cf2f6498873): Device file not found
2026-02-06 00:27:50,210 - WARNING - 2026-02-06 00:27:50 - Invalid readings from sensors: [0, 1, 2, 3] (4/4 failed)
2026-02-06 00:28:50,270 - WARNING - Sensor 0 (28-3c4ef649f11d): Device file not found
2026-02-06 00:28:50,271 - WARNING - Sensor 1 (28-3c68f6499bcd): Device file not found
2026-02-06 00:28:50,272 - WARNING - Sensor 2 (28-3cb9f64947fe): Device file not found
2026-02-06 00:28:50,272 - WARNING - Sensor 3 (28-3cc1f649ac53): Device file not found
2026-02-06 00:28:50,272 - WARNING - Sensor 4 (28-3cf2f6498873): Device file not found
2026-02-06 00:28:50,273 - WARNING - 2026-02-06 00:28:50 - Invalid readings from sensors: [0, 1, 2, 3] (4/4 failed)
2026-02-06 00:29:50,320 - WARNING - Sensor 0 (28-3c4ef649f11d): Device file not found
2026-02-06 00:29:50,320 - WARNING - Sensor 1 (28-3c68f6499bcd): Device file not found
2026-02-06 00:29:50,321 - WARNING - Sensor 2 (28-3cb9f64947fe): Device file not found
2026-02-06 00:29:50,321 - WARNING - Sensor 3 (28-3cc1f649ac53): Device file not found
2026-02-06 00:29:50,321 - WARNING - Sensor 4 (28-3cf2f6498873): Device file not found
2026-02-06 00:29:50,322 - WARNING - 2026-02-06 00:29:50 - Invalid readings from sensors: [0, 1, 2, 3] (4/4 failed)
2026-02-06 00:30:50,363 - WARNING - Sensor 0 (28-3c4ef649f11d): Device file not found
2026-02-06 00:30:50,364 - WARNING - Sensor 1 (28-3c68f6499bcd): Device file not found
2026-02-06 00:30:50,364 - WARNING - Sensor 2 (28-3cb9f64947fe): Device file not found
2026-02-06 00:30:50,365 - WARNING - Sensor 3 (28-3cc1f649ac53): Device file not found
2026-02-06 00:30:50,365 - WARNING - Sensor 4 (28-3cf2f6498873): Device file not found
2026-02-06 00:30:50,365 - WARNING - 2026-02-06 00:30:50 - Invalid readings from sensors: [0, 1, 2, 3] (4/4 failed)
2026-02-06 00:31:50,424 - WARNING - Sensor 0 (28-3c4ef649f11d): Device file not found
2026-02-06 00:31:50,424 - WARNING - Sensor 1 (28-3c68f6499bcd): Device file not found
2026-02-06 00:31:50,425 - WARNING - Sensor 2 (28-3cb9f64947fe): Device file not found
2026-02-06 00:31:50,425 - WARNING - Sensor 3 (28-3cc1f649ac53): Device file not found
2026-02-06 00:31:50,425 - WARNING - Sensor 4 (28-3cf2f6498873): Device file not found
2026-02-06 00:31:50,426 - WARNING - 2026-02-06 00:31:50 - Invalid readings from sensors: [0, 1, 2, 3] (4/4 failed)
2026-02-06 00:32:50,471 - WARNING - Sensor 0 (28-3c4ef649f11d): Device file not found
2026-02-06 00:32:50,472 - WARNING - Sensor 1 (28-3c68f6499bcd): Device file not found
2026-02-06 00:32:50,472 - WARNING - Sensor 2 (28-3cb9f64947fe): Device file not found
2026-02-06 00:32:50,472 - WARNING - Sensor 3 (28-3cc1f649ac53): Device file not found
2026-02-06 00:32:50,473 - WARNING - Sensor 4 (28-3cf2f6498873): Device file not found
2026-02-06 00:32:50,473 - WARNING - 2026-02-06 00:32:50 - Invalid readings from sensors: [0, 1, 2, 3] (4/4 failed)
2026-02-06 00:33:50,516 - WARNING - Sensor 0 (28-3c4ef649f11d): Device file not found
2026-02-06 00:33:50,517 - WARNING - Sensor 1 (28-3c68f6499bcd): Device file not found
2026-02-06 00:33:50,517 - WARNING - Sensor 2 (28-3cb9f64947fe): Device file not found
2026-02-06 00:33:50,518 - WARNING - Sensor 3 (28-3cc1f649ac53): Device file not found
2026-02-06 00:33:50,518 - WARNING - Sensor 4 (28-3cf2f6498873): Device file not found
2026-02-06 00:33:50,519 - WARNING - 2026-02-06 00:33:50 - Invalid readings from sensors: [0, 1, 2, 3] (4/4 failed)
2026-02-06 00:34:50,536 - WARNING - Sensor 0 (28-3c4ef649f11d): Device file not found
2026-02-06 00:34:50,536 - WARNING - Sensor 1 (28-3c68f6499bcd): Device file not found
2026-02-06 00:34:50,537 - WARNING - Sensor 2 (28-3cb9f64947fe): Device file not found
2026-02-06 00:34:50,537 - WARNING - Sensor 3 (28-3cc1f649ac53): Device file not found
2026-02-06 00:34:50,537 - WARNING - Sensor 4 (28-3cf2f6498873): Device file not found
2026-02-06 00:34:50,538 - WARNING - 2026-02-06 00:34:50 - Invalid readings from sensors: [0, 1, 2, 3] (4/4 failed)
2026-02-06 00:35:50,541 - WARNING - Sensor 0 (28-3c4ef649f11d): Device file not found
2026-02-06 00:35:50,541 - WARNING - Sensor 1 (28-3c68f6499bcd): Device file not found
2026-02-06 00:35:50,542 - WARNING - Sensor 2 (28-3cb9f64947fe): Device file not found
2026-02-06 00:35:50,542 - WARNING - Sensor 3 (28-3cc1f649ac53): Device file not found
2026-02-06 00:35:50,542 - WARNING - Sensor 4 (28-3cf2f6498873): Device file not found
2026-02-06 00:35:50,543 - WARNING - 2026-02-06 00:35:50 - Invalid readings from sensors: [0, 1, 2, 3] (4/4 failed)
2026-02-06 00:36:50,580 - WARNING - Sensor 0 (28-3c4ef649f11d): Device file not found
2026-02-06 00:36:50,580 - WARNING - Sensor 1 (28-3c68f6499bcd): Device file not found
2026-02-06 00:36:50,580 - WARNING - Sensor 2 (28-3cb9f64947fe): Device file not found
2026-02-06 00:36:50,580 - WARNING - Sensor 3 (28-3cc1f649ac53): Device file not found
2026-02-06 00:36:50,580 - WARNING - Sensor 4 (28-3cf2f6498873): Device file not found
2026-02-06 00:36:50,581 - WARNING - 2026-02-06 00:36:50 - Invalid readings from sensors: [0, 1, 2, 3] (4/4 failed)
2026-02-06 00:37:50,641 - WARNING - Sensor 0 (28-3c4ef649f11d): Device file not found
2026-02-06 00:37:50,641 - WARNING - Sensor 1 (28-3c68f6499bcd): Device file not found
2026-02-06 00:37:50,641 - WARNING - Sensor 2 (28-3cb9f64947fe): Device file not found
2026-02-06 00:37:50,641 - WARNING - Sensor 3 (28-3cc1f649ac53): Device file not found
2026-02-06 00:37:50,642 - WARNING - Sensor 4 (28-3cf2f6498873): Device file not found
2026-02-06 00:37:50,642 - WARNING - 2026-02-06 00:37:50 - Invalid readings from sensors: [0, 1, 2, 3] (4/4 failed)
2026-02-06 00:38:50,664 - WARNING - Sensor 0 (28-3c4ef649f11d): Device file not found
2026-02-06 00:38:50,664 - WARNING - Sensor 1 (28-3c68f6499bcd): Device file not found
2026-02-06 00:38:50,664 - WARNING - Sensor 2 (28-3cb9f64947fe): Device file not found
2026-02-06 00:38:50,664 - WARNING - Sensor 3 (28-3cc1f649ac53): Device file not found
2026-02-06 00:38:50,664 - WARNING - Sensor 4 (28-3cf2f6498873): Device file not found
2026-02-06 00:38:50,665 - WARNING - 2026-02-06 00:38:50 - Invalid readings from sensors: [0, 1, 2, 3] (4/4 failed)
2026-02-06 00:39:50,720 - WARNING - Sensor 0 (28-3c4ef649f11d): Device file not found
2026-02-06 00:39:50,720 - WARNING - Sensor 1 (28-3c68f6499bcd): Device file not found
2026-02-06 00:39:50,720 - WARNING - Sensor 2 (28-3cb9f64947fe): Device file not found
2026-02-06 00:39:50,720 - WARNING - Sensor 3 (28-3cc1f649ac53): Device file not found
2026-02-06 00:39:50,720 - WARNING - Sensor 4 (28-3cf2f6498873): Device file not found
2026-02-06 00:39:50,720 - WARNING - 2026-02-06 00:39:50 - Invalid readings from sensors: [0, 1, 2, 3] (4/4 failed)
2026-02-06 00:40:50,779 - WARNING - Sensor 0 (28-3c4ef649f11d): Device file not found
2026-02-06 00:40:50,780 - WARNING - Sensor 1 (28-3c68f6499bcd): Device file not found
2026-02-06 00:40:50,780 - WARNING - Sensor 2 (28-3cb9f64947fe): Device file not found
2026-02-06 00:40:50,781 - WARNING - Sensor 3 (28-3cc1f649ac53): Device file not found
2026-02-06 00:40:50,781 - WARNING - Sensor 4 (28-3cf2f6498873): Device file not found
2026-02-06 00:40:50,782 - WARNING - 2026-02-06 00:40:50 - Invalid readings from sensors: [0, 1, 2, 3] (4/4 failed)
2026-02-06 00:41:50,784 - WARNING - Sensor 0 (28-3c4ef649f11d): Device file not found
2026-02-06 00:41:50,784 - WARNING - Sensor 1 (28-3c68f6499bcd): Device file not found
2026-02-06 00:41:50,785 - WARNING - Sensor 2 (28-3cb9f64947fe): Device file not found
2026-02-06 00:41:50,785 - WARNING - Sensor 3 (28-3cc1f649ac53): Device file not found
2026-02-06 00:41:50,785 - WARNING - Sensor 4 (28-3cf2f6498873): Device file not found
2026-02-06 00:41:50,786 - WARNING - 2026-02-06 00:41:50 - Invalid readings from sensors: [0, 1, 2, 3] (4/4 failed)
2026-02-06 00:42:50,847 - WARNING - Sensor 0 (28-3c4ef649f11d): Device file not found
2026-02-06 00:42:50,847 - WARNING - Sensor 1 (28-3c68f6499bcd): Device file not found
2026-02-06 00:42:50,848 - WARNING - Sensor 2 (28-3cb9f64947fe): Device file not found
2026-02-06 00:42:50,848 - WARNING - Sensor 3 (28-3cc1f649ac53): Device file not found
2026-02-06 00:42:50,848 - WARNING - Sensor 4 (28-3cf2f6498873): Device file not found
2026-02-06 00:42:50,849 - WARNING - 2026-02-06 00:42:50 - Invalid readings from sensors: [0, 1, 2, 3] (4/4 failed)
2026-02-06 00:43:50,910 - WARNING - Sensor 0 (28-3c4ef649f11d): Device file not found
2026-02-06 00:43:50,910 - WARNING - Sensor 1 (28-3c68f6499bcd): Device file not found
2026-02-06 00:43:50,911 - WARNING - Sensor 2 (28-3cb9f64947fe): Device file not found
2026-02-06 00:43:50,911 - WARNING - Sensor 3 (28-3cc1f649ac53): Device file not found
2026-02-06 00:43:50,912 - WARNING - Sensor 4 (28-3cf2f6498873): Device file not found
2026-02-06 00:43:50,912 - WARNING - 2026-02-06 00:43:50 - Invalid readings from sensors: [0, 1, 2, 3] (4/4 failed)
2026-02-06 00:44:50,927 - WARNING - Sensor 0 (28-3c4ef649f11d): Device file not found
2026-02-06 00:44:50,928 - WARNING - Sensor 1 (28-3c68f6499bcd): Device file not found
2026-02-06 00:44:50,928 - WARNING - Sensor 2 (28-3cb9f64947fe): Device file not found
2026-02-06 00:44:50,928 - WARNING - Sensor 3 (28-3cc1f649ac53): Device file not found
2026-02-06 00:44:50,928 - WARNING - Sensor 4 (28-3cf2f6498873): Device file not found
2026-02-06 00:44:50,928 - WARNING - 2026-02-06 00:44:50 - Invalid readings from sensors: [0, 1, 2, 3] (4/4 failed)
2026-02-06 00:45:50,989 - WARNING - Sensor 0 (28-3c4ef649f11d): Device file not found
2026-02-06 00:45:50,989 - WARNING - Sensor 1 (28-3c68f6499bcd): Device file not found
2026-02-06 00:45:50,989 - WARNING - Sensor 2 (28-3cb9f64947fe): Device file not found
2026-02-06 00:45:50,989 - WARNING - Sensor 3 (28-3cc1f649ac53): Device file not found
2026-02-06 00:45:50,989 - WARNING - Sensor 4 (28-3cf2f6498873): Device file not found
2026-02-06 00:45:50,990 - WARNING - 2026-02-06 00:45:50 - Invalid readings from sensors: [0, 1, 2, 3] (4/4 failed)
2026-02-06 00:46:51,050 - WARNING - Sensor 0 (28-3c4ef649f11d): Device file not found
2026-02-06 00:46:51,050 - WARNING - Sensor 1 (28-3c68f6499bcd): Device file not found
2026-02-06 00:46:51,050 - WARNING - Sensor 2 (28-3cb9f64947fe): Device file not found
2026-02-06 00:46:51,050 - WARNING - Sensor 3 (28-3cc1f649ac53): Device file not found
2026-02-06 00:46:51,051 - WARNING - Sensor 4 (28-3cf2f6498873): Device file not found
2026-02-06 00:46:51,051 - WARNING - 2026-02-06 00:46:51 - Invalid readings from sensors: [0, 1, 2, 3] (4/4 failed)
2026-02-06 00:47:51,080 - WARNING - Sensor 0 (28-3c4ef649f11d): Device file not found
2026-02-06 00:47:51,080 - WARNING - Sensor 1 (28-3c68f6499bcd): Device file not found
2026-02-06 00:47:51,081 - WARNING - Sensor 2 (28-3cb9f64947fe): Device file not found
2026-02-06 00:47:51,081 - WARNING - Sensor 3 (28-3cc1f649ac53): Device file not found
2026-02-06 00:47:51,081 - WARNING - Sensor 4 (28-3cf2f6498873): Device file not found
2026-02-06 00:47:51,082 - WARNING - 2026-02-06 00:47:51 - Invalid readings from sensors: [0, 1, 2, 3] (4/4 failed)
2026-02-06 00:48:51,122 - WARNING - Sensor 0 (28-3c4ef649f11d): Device file not found
2026-02-06 00:48:51,122 - WARNING - Sensor 1 (28-3c68f6499bcd): Device file not found
2026-02-06 00:48:51,122 - WARNING - Sensor 2 (28-3cb9f64947fe): Device file not found
2026-02-06 00:48:51,123 - WARNING - Sensor 3 (28-3cc1f649ac53): Device file not found
2026-02-06 00:48:51,123 - WARNING - Sensor 4 (28-3cf2f6498873): Device file not found
2026-02-06 00:48:51,124 - WARNING - 2026-02-06 00:48:51 - Invalid readings from sensors: [0, 1, 2, 3] (4/4 failed)
2026-02-06 00:49:51,184 - WARNING - Sensor 0 (28-3c4ef649f11d): Device file not found
2026-02-06 00:49:51,185 - WARNING - Sensor 1 (28-3c68f6499bcd): Device file not found
2026-02-06 00:49:51,185 - WARNING - Sensor 2 (28-3cb9f64947fe): Device file not found
2026-02-06 00:49:51,186 - WARNING - Sensor 3 (28-3cc1f649ac53): Device file not found
2026-02-06 00:49:51,186 - WARNING - Sensor 4 (28-3cf2f6498873): Device file not found
2026-02-06 00:49:51,187 - WARNING - 2026-02-06 00:49:51 - Invalid readings from sensors: [0, 1, 2, 3] (4/4 failed)
2026-02-06 00:50:51,248 - WARNING - Sensor 0 (28-3c4ef649f11d): Device file not found
2026-02-06 00:50:51,248 - WARNING - Sensor 1 (28-3c68f6499bcd): Device file not found
2026-02-06 00:50:51,249 - WARNING - Sensor 2 (28-3cb9f64947fe): Device file not found
2026-02-06 00:50:51,249 - WARNING - Sensor 3 (28-3cc1f649ac53): Device file not found
2026-02-06 00:50:51,249 - WARNING - Sensor 4 (28-3cf2f6498873): Device file not found
2026-02-06 00:50:51,250 - WARNING - 2026-02-06 00:50:51 - Invalid readings from sensors: [0, 1, 2, 3] (4/4 failed)
2026-02-06 00:51:51,310 - WARNING - Sensor 0 (28-3c4ef649f11d): Device file not found
2026-02-06 00:51:51,311 - WARNING - Sensor 1 (28-3c68f6499bcd): Device file not found
2026-02-06 00:51:51,311 - WARNING - Sensor 2 (28-3cb9f64947fe): Device file not found
2026-02-06 00:51:51,311 - WARNING - Sensor 3 (28-3cc1f649ac53): Device file not found
2026-02-06 00:51:51,311 - WARNING - Sensor 4 (28-3cf2f6498873): Device file not found
2026-02-06 00:51:51,311 - WARNING - 2026-02-06 00:51:51 - Invalid readings from sensors: [0, 1, 2, 3] (4/4 failed)
2026-02-06 00:52:51,372 - WARNING - Sensor 0 (28-3c4ef649f11d): Device file not found
2026-02-06 00:52:51,372 - WARNING - Sensor 1 (28-3c68f6499bcd): Device file not found
2026-02-06 00:52:51,372 - WARNING - Sensor 2 (28-3cb9f64947fe): Device file not found
2026-02-06 00:52:51,372 - WARNING - Sensor 3 (28-3cc1f649ac53): Device file not found
2026-02-06 00:52:51,372 - WARNING - Sensor 4 (28-3cf2f6498873): Device file not found
2026-02-06 00:52:51,373 - WARNING - 2026-02-06 00:52:51 - Invalid readings from sensors: [0, 1, 2, 3] (4/4 failed)
2026-02-06 00:53:51,400 - WARNING - Sensor 0 (28-3c4ef649f11d): Device file not found
2026-02-06 00:53:51,400 - WARNING - Sensor 1 (28-3c68f6499bcd): Device file not found
2026-02-06 00:53:51,401 - WARNING - Sensor 2 (28-3cb9f64947fe): Device file not found
2026-02-06 00:53:51,401 - WARNING - Sensor 3 (28-3cc1f649ac53): Device file not found
2026-02-06 00:53:51,401 - WARNING - Sensor 4 (28-3cf2f6498873): Device file not found
2026-02-06 00:53:51,402 - WARNING - 2026-02-06 00:53:51 - Invalid readings from sensors: [0, 1, 2, 3] (4/4 failed)
2026-02-06 00:54:51,407 - WARNING - Sensor 0 (28-3c4ef649f11d): Device file not found
2026-02-06 00:54:51,408 - WARNING - Sensor 1 (28-3c68f6499bcd): Device file not found
2026-02-06 00:54:51,408 - WARNING - Sensor 2 (28-3cb9f64947fe): Device file not found
2026-02-06 00:54:51,408 - WARNING - Sensor 3 (28-3cc1f649ac53): Device file not found
2026-02-06 00:54:51,408 - WARNING - Sensor 4 (28-3cf2f6498873): Device file not found
2026-02-06 00:54:51,408 - WARNING - 2026-02-06 00:54:51 - Invalid readings from sensors: [0, 1, 2, 3] (4/4 failed)
2026-02-06 00:55:51,469 - WARNING - Sensor 0 (28-3c4ef649f11d): Device file not found
2026-02-06 00:55:51,469 - WARNING - Sensor 1 (28-3c68f6499bcd): Device file not found
2026-02-06 00:55:51,470 - WARNING - Sensor 2 (28-3cb9f64947fe): Device file not found
2026-02-06 00:55:51,470 - WARNING - Sensor 3 (28-3cc1f649ac53): Device file not found
2026-02-06 00:55:51,470 - WARNING - Sensor 4 (28-3cf2f6498873): Device file not found
2026-02-06 00:55:51,471 - WARNING - 2026-02-06 00:55:51 - Invalid readings from sensors: [0, 1, 2, 3] (4/4 failed)
2026-02-06 00:56:51,532 - WARNING - Sensor 0 (28-3c4ef649f11d): Device file not found
2026-02-06 00:56:51,533 - WARNING - Sensor 1 (28-3c68f6499bcd): Device file not found
2026-02-06 00:56:51,533 - WARNING - Sensor 2 (28-3cb9f64947fe): Device file not found
2026-02-06 00:56:51,533 - WARNING - Sensor 3 (28-3cc1f649ac53): Device file not found
2026-02-06 00:56:51,534 - WARNING - Sensor 4 (28-3cf2f6498873): Device file not found
2026-02-06 00:56:51,534 - WARNING - 2026-02-06 00:56:51 - Invalid readings from sensors: [0, 1, 2, 3] (4/4 failed)
2026-02-06 00:57:51,595 - WARNING - Sensor 0 (28-3c4ef649f11d): Device file not found
2026-02-06 00:57:51,596 - WARNING - Sensor 1 (28-3c68f6499bcd): Device file not found
2026-02-06 00:57:51,596 - WARNING - Sensor 2 (28-3cb9f64947fe): Device file not found
2026-02-06 00:57:51,596 - WARNING - Sensor 3 (28-3cc1f649ac53): Device file not found
2026-02-06 00:57:51,597 - WARNING - Sensor 4 (28-3cf2f6498873): Device file not found
2026-02-06 00:57:51,597 - WARNING - 2026-02-06 00:57:51 - Invalid readings from sensors: [0, 1, 2, 3] (4/4 failed)
2026-02-06 00:58:51,625 - WARNING - Sensor 0 (28-3c4ef649f11d): Device file not found
2026-02-06 00:58:51,626 - WARNING - Sensor 1 (28-3c68f6499bcd): Device file not found
2026-02-06 00:58:51,627 - WARNING - Sensor 2 (28-3cb9f64947fe): Device file not found
2026-02-06 00:58:51,627 - WARNING - Sensor 3 (28-3cc1f649ac53): Device file not found
2026-02-06 00:58:51,628 - WARNING - Sensor 4 (28-3cf2f6498873): Device file not found
2026-02-06 00:58:51,628 - WARNING - 2026-02-06 00:58:51 - Invalid readings from sensors: [0, 1, 2, 3] (4/4 failed)
2026-02-06 00:59:51,669 - WARNING - Sensor 0 (28-3c4ef649f11d): Device file not found
2026-02-06 00:59:51,670 - WARNING - Sensor 1 (28-3c68f6499bcd): Device file not found
2026-02-06 00:59:51,670 - WARNING - Sensor 2 (28-3cb9f64947fe): Device file not found
2026-02-06 00:59:51,671 - WARNING - Sensor 3 (28-3cc1f649ac53): Device file not found
2026-02-06 00:59:51,671 - WARNING - Sensor 4 (28-3cf2f6498873): Device file not found
2026-02-06 00:59:51,672 - WARNING - 2026-02-06 00:59:51 - Invalid readings from sensors: [0, 1, 2, 3] (4/4 failed)
2026-02-06 01:00:51,732 - WARNING - Sensor 0 (28-3c4ef649f11d): Device file not found
2026-02-06 01:00:51,733 - WARNING - Sensor 1 (28-3c68f6499bcd): Device file not found
2026-02-06 01:00:51,733 - WARNING - Sensor 2 (28-3cb9f64947fe): Device file not found
2026-02-06 01:00:51,733 - WARNING - Sensor 3 (28-3cc1f649ac53): Device file not found
2026-02-06 01:00:51,733 - WARNING - Sensor 4 (28-3cf2f6498873): Device file not found
2026-02-06 01:00:51,733 - WARNING - 2026-02-06 01:00:51 - Invalid readings from sensors: [0, 1, 2, 3] (4/4 failed)
2026-02-06 01:01:51,784 - WARNING - Sensor 0 (28-3c4ef649f11d): Device file not found
2026-02-06 01:01:51,784 - WARNING - Sensor 1 (28-3c68f6499bcd): Device file not found
2026-02-06 01:01:51,784 - WARNING - Sensor 2 (28-3cb9f64947fe): Device file not found
2026-02-06 01:01:51,785 - WARNING - Sensor 3 (28-3cc1f649ac53): Device file not found
2026-02-06 01:01:51,785 - WARNING - Sensor 4 (28-3cf2f6498873): Device file not found
2026-02-06 01:01:51,786 - WARNING - 2026-02-06 01:01:51 - Invalid readings from sensors: [0, 1, 2, 3] (4/4 failed)
2026-02-06 01:02:51,846 - WARNING - Sensor 0 (28-3c4ef649f11d): Device file not found
2026-02-06 01:02:51,847 - WARNING - Sensor 1 (28-3c68f6499bcd): Device file not found
2026-02-06 01:02:51,847 - WARNING - Sensor 2 (28-3cb9f64947fe): Device file not found
2026-02-06 01:02:51,848 - WARNING - Sensor 3 (28-3cc1f649ac53): Device file not found
2026-02-06 01:02:51,848 - WARNING - Sensor 4 (28-3cf2f6498873): Device file not found
2026-02-06 01:02:51,849 - WARNING - 2026-02-06 01:02:51 - Invalid readings from sensors: [0, 1, 2, 3] (4/4 failed)
2026-02-06 01:03:51,909 - WARNING - Sensor 0 (28-3c4ef649f11d): Device file not found
2026-02-06 01:03:51,910 - WARNING - Sensor 1 (28-3c68f6499bcd): Device file not found
2026-02-06 01:03:51,910 - WARNING - Sensor 2 (28-3cb9f64947fe): Device file not found
2026-02-06 01:03:51,911 - WARNING - Sensor 3 (28-3cc1f649ac53): Device file not found
2026-02-06 01:03:51,911 - WARNING - Sensor 4 (28-3cf2f6498873): Device file not found
2026-02-06 01:03:51,912 - WARNING - 2026-02-06 01:03:51 - Invalid readings from sensors: [0, 1, 2, 3] (4/4 failed)
2026-02-06 01:04:51,952 - WARNING - Sensor 0 (28-3c4ef649f11d): Device file not found
2026-02-06 01:04:51,952 - WARNING - Sensor 1 (28-3c68f6499bcd): Device file not found
2026-02-06 01:04:51,952 - WARNING - Sensor 2 (28-3cb9f64947fe): Device file not found
2026-02-06 01:04:51,953 - WARNING - Sensor 3 (28-3cc1f649ac53): Device file not found
2026-02-06 01:04:51,953 - WARNING - Sensor 4 (28-3cf2f6498873): Device file not found
2026-02-06 01:04:51,953 - WARNING - 2026-02-06 01:04:51 - Invalid readings from sensors: [0, 1, 2, 3] (4/4 failed)
2026-02-06 01:05:52,014 - WARNING - Sensor 0 (28-3c4ef649f11d): Device file not found
2026-02-06 01:05:52,015 - WARNING - Sensor 1 (28-3c68f6499bcd): Device file not found
2026-02-06 01:05:52,015 - WARNING - Sensor 2 (28-3cb9f64947fe): Device file not found
2026-02-06 01:05:52,015 - WARNING - Sensor 3 (28-3cc1f649ac53): Device file not found
2026-02-06 01:05:52,016 - WARNING - Sensor 4 (28-3cf2f6498873): Device file not found
2026-02-06 01:05:52,016 - WARNING - 2026-02-06 01:05:52 - Invalid readings from sensors: [0, 1, 2, 3] (4/4 failed)
2026-02-06 01:06:52,067 - WARNING - Sensor 0 (28-3c4ef649f11d): Device file not found
2026-02-06 01:06:52,067 - WARNING - Sensor 1 (28-3c68f6499bcd): Device file not found
2026-02-06 01:06:52,067 - WARNING - Sensor 2 (28-3cb9f64947fe): Device file not found
2026-02-06 01:06:52,067 - WARNING - Sensor 3 (28-3cc1f649ac53): Device file not found
2026-02-06 01:06:52,067 - WARNING - Sensor 4 (28-3cf2f6498873): Device file not found
2026-02-06 01:06:52,068 - WARNING - 2026-02-06 01:06:52 - Invalid readings from sensors: [0, 1, 2, 3] (4/4 failed)
2026-02-06 01:07:52,093 - WARNING - Sensor 0 (28-3c4ef649f11d): Device file not found
2026-02-06 01:07:52,094 - WARNING - Sensor 1 (28-3c68f6499bcd): Device file not found
2026-02-06 01:07:52,094 - WARNING - Sensor 2 (28-3cb9f64947fe): Device file not found
2026-02-06 01:07:52,094 - WARNING - Sensor 3 (28-3cc1f649ac53): Device file not found
2026-02-06 01:07:52,094 - WARNING - Sensor 4 (28-3cf2f6498873): Device file not found
2026-02-06 01:07:52,094 - WARNING - 2026-02-06 01:07:52 - Invalid readings from sensors: [0, 1, 2, 3] (4/4 failed)
2026-02-06 01:08:52,112 - WARNING - Sensor 0 (28-3c4ef649f11d): Device file not found
2026-02-06 01:08:52,112 - WARNING - Sensor 1 (28-3c68f6499bcd): Device file not found
2026-02-06 01:08:52,112 - WARNING - Sensor 2 (28-3cb9f64947fe): Device file not found
2026-02-06 01:08:52,113 - WARNING - Sensor 3 (28-3cc1f649ac53): Device file not found
2026-02-06 01:08:52,113 - WARNING - Sensor 4 (28-3cf2f6498873): Device file not found
2026-02-06 01:08:52,113 - WARNING - 2026-02-06 01:08:52 - Invalid readings from sensors: [0, 1, 2, 3] (4/4 failed)
2026-02-06 01:09:52,130 - WARNING - Sensor 0 (28-3c4ef649f11d): Device file not found
2026-02-06 01:09:52,130 - WARNING - Sensor 1 (28-3c68f6499bcd): Device file not found
2026-02-06 01:09:52,131 - WARNING - Sensor 2 (28-3cb9f64947fe): Device file not found
2026-02-06 01:09:52,131 - WARNING - Sensor 3 (28-3cc1f649ac53): Device file not found
2026-02-06 01:09:52,131 - WARNING - Sensor 4 (28-3cf2f6498873): Device file not found
2026-02-06 01:09:52,132 - WARNING - 2026-02-06 01:09:52 - Invalid readings from sensors: [0, 1, 2, 3] (4/4 failed)
2026-02-06 01:10:52,193 - WARNING - Sensor 0 (28-3c4ef649f11d): Device file not found
2026-02-06 01:10:52,193 - WARNING - Sensor 1 (28-3c68f6499bcd): Device file not found
2026-02-06 01:10:52,194 - WARNING - Sensor 2 (28-3cb9f64947fe): Device file not found
2026-02-06 01:10:52,194 - WARNING - Sensor 3 (28-3cc1f649ac53): Device file not found
2026-02-06 01:10:52,195 - WARNING - Sensor 4 (28-3cf2f6498873): Device file not found
2026-02-06 01:10:52,195 - WARNING - 2026-02-06 01:10:52 - Invalid readings from sensors: [0, 1, 2, 3] (4/4 failed)
2026-02-06 01:11:52,232 - WARNING - Sensor 0 (28-3c4ef649f11d): Device file not found
2026-02-06 01:11:52,232 - WARNING - Sensor 1 (28-3c68f6499bcd): Device file not found
2026-02-06 01:11:52,233 - WARNING - Sensor 2 (28-3cb9f64947fe): Device file not found
2026-02-06 01:11:52,233 - WARNING - Sensor 3 (28-3cc1f649ac53): Device file not found
2026-02-06 01:11:52,233 - WARNING - Sensor 4 (28-3cf2f6498873): Device file not found
2026-02-06 01:11:52,234 - WARNING - 2026-02-06 01:11:52 - Invalid readings from sensors: [0, 1, 2, 3] (4/4 failed)
2026-02-06 01:12:52,280 - WARNING - Sensor 0 (28-3c4ef649f11d): Device file not found
2026-02-06 01:12:52,280 - WARNING - Sensor 1 (28-3c68f6499bcd): Device file not found
2026-02-06 01:12:52,281 - WARNING - Sensor 2 (28-3cb9f64947fe): Device file not found
2026-02-06 01:12:52,281 - WARNING - Sensor 3 (28-3cc1f649ac53): Device file not found
2026-02-06 01:12:52,281 - WARNING - Sensor 4 (28-3cf2f6498873): Device file not found
2026-02-06 01:12:52,282 - WARNING - 2026-02-06 01:12:52 - Invalid readings from sensors: [0, 1, 2, 3] (4/4 failed)
2026-02-06 01:13:52,343 - WARNING - Sensor 0 (28-3c4ef649f11d): Device file not found
2026-02-06 01:13:52,343 - WARNING - Sensor 1 (28-3c68f6499bcd): Device file not found
2026-02-06 01:13:52,344 - WARNING - Sensor 2 (28-3cb9f64947fe): Device file not found
2026-02-06 01:13:52,344 - WARNING - Sensor 3 (28-3cc1f649ac53): Device file not found
2026-02-06 01:13:52,344 - WARNING - Sensor 4 (28-3cf2f6498873): Device file not found
2026-02-06 01:13:52,345 - WARNING - 2026-02-06 01:13:52 - Invalid readings from sensors: [0, 1, 2, 3] (4/4 failed)
2026-02-06 01:14:52,406 - WARNING - Sensor 0 (28-3c4ef649f11d): Device file not found
2026-02-06 01:14:52,406 - WARNING - Sensor 1 (28-3c68f6499bcd): Device file not found
2026-02-06 01:14:52,406 - WARNING - Sensor 2 (28-3cb9f64947fe): Device file not found
2026-02-06 01:14:52,406 - WARNING - Sensor 3 (28-3cc1f649ac53): Device file not found
2026-02-06 01:14:52,406 - WARNING - Sensor 4 (28-3cf2f6498873): Device file not found
2026-02-06 01:14:52,407 - WARNING - 2026-02-06 01:14:52 - Invalid readings from sensors: [0, 1, 2, 3] (4/4 failed)
2026-02-06 01:15:52,467 - WARNING - Sensor 0 (28-3c4ef649f11d): Device file not found
2026-02-06 01:15:52,467 - WARNING - Sensor 1 (28-3c68f6499bcd): Device file not found
2026-02-06 01:15:52,467 - WARNING - Sensor 2 (28-3cb9f64947fe): Device file not found
2026-02-06 01:15:52,468 - WARNING - Sensor 3 (28-3cc1f649ac53): Device file not found
2026-02-06 01:15:52,468 - WARNING - Sensor 4 (28-3cf2f6498873): Device file not found
2026-02-06 01:15:52,468 - WARNING - 2026-02-06 01:15:52 - Invalid readings from sensors: [0, 1, 2, 3] (4/4 failed)
2026-02-06 01:16:52,528 - WARNING - Sensor 0 (28-3c4ef649f11d): Device file not found
2026-02-06 01:16:52,529 - WARNING - Sensor 1 (28-3c68f6499bcd): Device file not found
2026-02-06 01:16:52,529 - WARNING - Sensor 2 (28-3cb9f64947fe): Device file not found
2026-02-06 01:16:52,529 - WARNING - Sensor 3 (28-3cc1f649ac53): Device file not found
2026-02-06 01:16:52,529 - WARNING - Sensor 4 (28-3cf2f6498873): Device file not found
2026-02-06 01:16:52,529 - WARNING - 2026-02-06 01:16:52 - Invalid readings from sensors: [0, 1, 2, 3] (4/4 failed)
2026-02-06 01:17:52,590 - WARNING - Sensor 0 (28-3c4ef649f11d): Device file not found
2026-02-06 01:17:52,590 - WARNING - Sensor 1 (28-3c68f6499bcd): Device file not found
2026-02-06 01:17:52,591 - WARNING - Sensor 2 (28-3cb9f64947fe): Device file not found
2026-02-06 01:17:52,591 - WARNING - Sensor 3 (28-3cc1f649ac53): Device file not found
2026-02-06 01:17:52,591 - WARNING - Sensor 4 (28-3cf2f6498873): Device file not found
2026-02-06 01:17:52,592 - WARNING - 2026-02-06 01:17:52 - Invalid readings from sensors: [0, 1, 2, 3] (4/4 failed)
2026-02-06 01:18:52,653 - WARNING - Sensor 0 (28-3c4ef649f11d): Device file not found
2026-02-06 01:18:52,653 - WARNING - Sensor 1 (28-3c68f6499bcd): Device file not found
2026-02-06 01:18:52,654 - WARNING - Sensor 2 (28-3cb9f64947fe): Device file not found
2026-02-06 01:18:52,654 - WARNING - Sensor 3 (28-3cc1f649ac53): Device file not found
2026-02-06 01:18:52,655 - WARNING - Sensor 4 (28-3cf2f6498873): Device file not found
2026-02-06 01:18:52,655 - WARNING - 2026-02-06 01:18:52 - Invalid readings from sensors: [0, 1, 2, 3] (4/4 failed)
2026-02-06 01:19:52,694 - WARNING - Sensor 0 (28-3c4ef649f11d): Device file not found
2026-02-06 01:19:52,695 - WARNING - Sensor 1 (28-3c68f6499bcd): Device file not found
2026-02-06 01:19:52,695 - WARNING - Sensor 2 (28-3cb9f64947fe): Device file not found
2026-02-06 01:19:52,696 - WARNING - Sensor 3 (28-3cc1f649ac53): Device file not found
2026-02-06 01:19:52,696 - WARNING - Sensor 4 (28-3cf2f6498873): Device file not found
2026-02-06 01:19:52,697 - WARNING - 2026-02-06 01:19:52 - Invalid readings from sensors: [0, 1, 2, 3] (4/4 failed)
2026-02-06 01:20:52,757 - WARNING - Sensor 0 (28-3c4ef649f11d): Device file not found
2026-02-06 01:20:52,758 - WARNING - Sensor 1 (28-3c68f6499bcd): Device file not found
2026-02-06 01:20:52,758 - WARNING - Sensor 2 (28-3cb9f64947fe): Device file not found
2026-02-06 01:20:52,758 - WARNING - Sensor 3 (28-3cc1f649ac53): Device file not found
2026-02-06 01:20:52,758 - WARNING - Sensor 4 (28-3cf2f6498873): Device file not found
2026-02-06 01:20:52,758 - WARNING - 2026-02-06 01:20:52 - Invalid readings from sensors: [0, 1, 2, 3] (4/4 failed)
2026-02-06 01:21:52,815 - WARNING - Sensor 0 (28-3c4ef649f11d): Device file not found
2026-02-06 01:21:52,815 - WARNING - Sensor 1 (28-3c68f6499bcd): Device file not found
2026-02-06 01:21:52,815 - WARNING - Sensor 2 (28-3cb9f64947fe): Device file not found
2026-02-06 01:21:52,816 - WARNING - Sensor 3 (28-3cc1f649ac53): Device file not found
2026-02-06 01:21:52,816 - WARNING - Sensor 4 (28-3cf2f6498873): Device file not found
2026-02-06 01:21:52,816 - WARNING - 2026-02-06 01:21:52 - Invalid readings from sensors: [0, 1, 2, 3] (4/4 failed)
2026-02-06 01:22:52,840 - WARNING - Sensor 0 (28-3c4ef649f11d): Device file not found
2026-02-06 01:22:52,840 - WARNING - Sensor 1 (28-3c68f6499bcd): Device file not found
2026-02-06 01:22:52,841 - WARNING - Sensor 2 (28-3cb9f64947fe): Device file not found
2026-02-06 01:22:52,841 - WARNING - Sensor 3 (28-3cc1f649ac53): Device file not found
2026-02-06 01:22:52,841 - WARNING - Sensor 4 (28-3cf2f6498873): Device file not found
2026-02-06 01:22:52,842 - WARNING - 2026-02-06 01:22:52 - Invalid readings from sensors: [0, 1, 2, 3] (4/4 failed)
2026-02-06 01:23:52,902 - WARNING - Sensor 0 (28-3c4ef649f11d): Device file not found
2026-02-06 01:23:52,903 - WARNING - Sensor 1 (28-3c68f6499bcd): Device file not found
2026-02-06 01:23:52,903 - WARNING - Sensor 2 (28-3cb9f64947fe): Device file not found
2026-02-06 01:23:52,903 - WARNING - Sensor 3 (28-3cc1f649ac53): Device file not found
2026-02-06 01:23:52,903 - WARNING - Sensor 4 (28-3cf2f6498873): Device file not found
2026-02-06 01:23:52,903 - WARNING - 2026-02-06 01:23:52 - Invalid readings from sensors: [0, 1, 2, 3] (4/4 failed)
2026-02-06 01:24:52,935 - WARNING - Sensor 0 (28-3c4ef649f11d): Device file not found
2026-02-06 01:24:52,936 - WARNING - Sensor 1 (28-3c68f6499bcd): Device file not found
2026-02-06 01:24:52,936 - WARNING - Sensor 2 (28-3cb9f64947fe): Device file not found
2026-02-06 01:24:52,936 - WARNING - Sensor 3 (28-3cc1f649ac53): Device file not found
2026-02-06 01:24:52,937 - WARNING - Sensor 4 (28-3cf2f6498873): Device file not found
2026-02-06 01:24:52,938 - WARNING - 2026-02-06 01:24:52 - Invalid readings from sensors: [0, 1, 2, 3] (4/4 failed)
2026-02-06 01:25:52,998 - WARNING - Sensor 0 (28-3c4ef649f11d): Device file not found
2026-02-06 01:25:52,999 - WARNING - Sensor 1 (28-3c68f6499bcd): Device file not found
2026-02-06 01:25:52,999 - WARNING - Sensor 2 (28-3cb9f64947fe): Device file not found
2026-02-06 01:25:53,000 - WARNING - Sensor 3 (28-3cc1f649ac53): Device file not found
2026-02-06 01:25:53,000 - WARNING - Sensor 4 (28-3cf2f6498873): Device file not found
2026-02-06 01:25:53,001 - WARNING - 2026-02-06 01:25:52 - Invalid readings from sensors: [0, 1, 2, 3] (4/4 failed)
2026-02-06 01:26:53,019 - WARNING - Sensor 0 (28-3c4ef649f11d): Device file not found
2026-02-06 01:26:53,019 - WARNING - Sensor 1 (28-3c68f6499bcd): Device file not found
2026-02-06 01:26:53,020 - WARNING - Sensor 2 (28-3cb9f64947fe): Device file not found
2026-02-06 01:26:53,020 - WARNING - Sensor 3 (28-3cc1f649ac53): Device file not found
2026-02-06 01:26:53,020 - WARNING - Sensor 4 (28-3cf2f6498873): Device file not found
2026-02-06 01:26:53,021 - WARNING - 2026-02-06 01:26:53 - Invalid readings from sensors: [0, 1, 2, 3] (4/4 failed)
2026-02-06 01:27:53,054 - WARNING - Sensor 0 (28-3c4ef649f11d): Device file not found
2026-02-06 01:27:53,055 - WARNING - Sensor 1 (28-3c68f6499bcd): Device file not found
2026-02-06 01:27:53,055 - WARNING - Sensor 2 (28-3cb9f64947fe): Device file not found
2026-02-06 01:27:53,056 - WARNING - Sensor 3 (28-3cc1f649ac53): Device file not found
2026-02-06 01:27:53,056 - WARNING - Sensor 4 (28-3cf2f6498873): Device file not found
2026-02-06 01:27:53,057 - WARNING - 2026-02-06 01:27:53 - Invalid readings from sensors: [0, 1, 2, 3] (4/4 failed)
2026-02-06 01:28:53,063 - WARNING - Sensor 0 (28-3c4ef649f11d): Device file not found
2026-02-06 01:28:53,064 - WARNING - Sensor 1 (28-3c68f6499bcd): Device file not found
2026-02-06 01:28:53,064 - WARNING - Sensor 2 (28-3cb9f64947fe): Device file not found
2026-02-06 01:28:53,064 - WARNING - Sensor 3 (28-3cc1f649ac53): Device file not found
2026-02-06 01:28:53,064 - WARNING - Sensor 4 (28-3cf2f6498873): Device file not found
2026-02-06 01:28:53,064 - WARNING - 2026-02-06 01:28:53 - Invalid readings from sensors: [0, 1, 2, 3] (4/4 failed)
2026-02-06 01:29:53,125 - WARNING - Sensor 0 (28-3c4ef649f11d): Device file not found
2026-02-06 01:29:53,125 - WARNING - Sensor 1 (28-3c68f6499bcd): Device file not found
2026-02-06 01:29:53,125 - WARNING - Sensor 2 (28-3cb9f64947fe): Device file not found
2026-02-06 01:29:53,125 - WARNING - Sensor 3 (28-3cc1f649ac53): Device file not found
2026-02-06 01:29:53,125 - WARNING - Sensor 4 (28-3cf2f6498873): Device file not found
2026-02-06 01:29:53,126 - WARNING - 2026-02-06 01:29:53 - Invalid readings from sensors: [0, 1, 2, 3] (4/4 failed)
2026-02-06 01:30:53,151 - WARNING - Sensor 0 (28-3c4ef649f11d): Device file not found
2026-02-06 01:30:53,152 - WARNING - Sensor 1 (28-3c68f6499bcd): Device file not found
2026-02-06 01:30:53,152 - WARNING - Sensor 2 (28-3cb9f64947fe): Device file not found
2026-02-06 01:30:53,152 - WARNING - Sensor 3 (28-3cc1f649ac53): Device file not found
2026-02-06 01:30:53,152 - WARNING - Sensor 4 (28-3cf2f6498873): Device file not found
2026-02-06 01:30:53,152 - WARNING - 2026-02-06 01:30:53 - Invalid readings from sensors: [0, 1, 2, 3] (4/4 failed)
2026-02-06 01:31:53,215 - WARNING - Sensor 0 (28-3c4ef649f11d): Device file not found
2026-02-06 01:31:53,215 - WARNING - Sensor 1 (28-3c68f6499bcd): Device file not found
2026-02-06 01:31:53,216 - WARNING - Sensor 2 (28-3cb9f64947fe): Device file not found
2026-02-06 01:31:53,216 - WARNING - Sensor 3 (28-3cc1f649ac53): Device file not found
2026-02-06 01:31:53,216 - WARNING - Sensor 4 (28-3cf2f6498873): Device file not found
2026-02-06 01:31:53,217 - WARNING - 2026-02-06 01:31:53 - Invalid readings from sensors: [0, 1, 2, 3] (4/4 failed)
2026-02-06 01:32:53,278 - WARNING - Sensor 0 (28-3c4ef649f11d): Device file not found
2026-02-06 01:32:53,278 - WARNING - Sensor 1 (28-3c68f6499bcd): Device file not found
2026-02-06 01:32:53,279 - WARNING - Sensor 2 (28-3cb9f64947fe): Device file not found
2026-02-06 01:32:53,279 - WARNING - Sensor 3 (28-3cc1f649ac53): Device file not found
2026-02-06 01:32:53,280 - WARNING - Sensor 4 (28-3cf2f6498873): Device file not found
2026-02-06 01:32:53,280 - WARNING - 2026-02-06 01:32:53 - Invalid readings from sensors: [0, 1, 2, 3] (4/4 failed)
2026-02-06 01:33:53,320 - WARNING - Sensor 0 (28-3c4ef649f11d): Device file not found
2026-02-06 01:33:53,320 - WARNING - Sensor 1 (28-3c68f6499bcd): Device file not found
2026-02-06 01:33:53,321 - WARNING - Sensor 2 (28-3cb9f64947fe): Device file not found
2026-02-06 01:33:53,321 - WARNING - Sensor 3 (28-3cc1f649ac53): Device file not found
2026-02-06 01:33:53,321 - WARNING - Sensor 4 (28-3cf2f6498873): Device file not found
2026-02-06 01:33:53,322 - WARNING - 2026-02-06 01:33:53 - Invalid readings from sensors: [0, 1, 2, 3] (4/4 failed)
2026-02-06 01:34:53,383 - WARNING - Sensor 0 (28-3c4ef649f11d): Device file not found
2026-02-06 01:34:53,383 - WARNING - Sensor 1 (28-3c68f6499bcd): Device file not found
2026-02-06 01:34:53,384 - WARNING - Sensor 2 (28-3cb9f64947fe): Device file not found
2026-02-06 01:34:53,384 - WARNING - Sensor 3 (28-3cc1f649ac53): Device file not found
2026-02-06 01:34:53,384 - WARNING - Sensor 4 (28-3cf2f6498873): Device file not found
2026-02-06 01:34:53,385 - WARNING - 2026-02-06 01:34:53 - Invalid readings from sensors: [0, 1, 2, 3] (4/4 failed)
2026-02-06 01:35:53,446 - WARNING - Sensor 0 (28-3c4ef649f11d): Device file not found
2026-02-06 01:35:53,446 - WARNING - Sensor 1 (28-3c68f6499bcd): Device file not found
2026-02-06 01:35:53,447 - WARNING - Sensor 2 (28-3cb9f64947fe): Device file not found
2026-02-06 01:35:53,447 - WARNING - Sensor 3 (28-3cc1f649ac53): Device file not found
2026-02-06 01:35:53,448 - WARNING - Sensor 4 (28-3cf2f6498873): Device file not found
2026-02-06 01:35:53,448 - WARNING - 2026-02-06 01:35:53 - Invalid readings from sensors: [0, 1, 2, 3] (4/4 failed)
2026-02-06 01:36:53,509 - WARNING - Sensor 0 (28-3c4ef649f11d): Device file not found
2026-02-06 01:36:53,509 - WARNING - Sensor 1 (28-3c68f6499bcd): Device file not found
2026-02-06 01:36:53,510 - WARNING - Sensor 2 (28-3cb9f64947fe): Device file not found
2026-02-06 01:36:53,510 - WARNING - Sensor 3 (28-3cc1f649ac53): Device file not found
2026-02-06 01:36:53,510 - WARNING - Sensor 4 (28-3cf2f6498873): Device file not found
2026-02-06 01:36:53,511 - WARNING - 2026-02-06 01:36:53 - Invalid readings from sensors: [0, 1, 2, 3] (4/4 failed)
2026-02-06 01:37:53,571 - WARNING - Sensor 0 (28-3c4ef649f11d): Device file not found
2026-02-06 01:37:53,572 - WARNING - Sensor 1 (28-3c68f6499bcd): Device file not found
2026-02-06 01:37:53,572 - WARNING - Sensor 2 (28-3cb9f64947fe): Device file not found
2026-02-06 01:37:53,572 - WARNING - Sensor 3 (28-3cc1f649ac53): Device file not found
2026-02-06 01:37:53,572 - WARNING - Sensor 4 (28-3cf2f6498873): Device file not found
2026-02-06 01:37:53,572 - WARNING - 2026-02-06 01:37:53 - Invalid readings from sensors: [0, 1, 2, 3] (4/4 failed)
2026-02-06 01:38:53,627 - WARNING - Sensor 0 (28-3c4ef649f11d): Device file not found
2026-02-06 01:38:53,628 - WARNING - Sensor 1 (28-3c68f6499bcd): Device file not found
2026-02-06 01:38:53,628 - WARNING - Sensor 2 (28-3cb9f64947fe): Device file not found
2026-02-06 01:38:53,629 - WARNING - Sensor 3 (28-3cc1f649ac53): Device file not found
2026-02-06 01:38:53,629 - WARNING - Sensor 4 (28-3cf2f6498873): Device file not found
2026-02-06 01:38:53,630 - WARNING - 2026-02-06 01:38:53 - Invalid readings from sensors: [0, 1, 2, 3] (4/4 failed)
2026-02-06 01:39:53,674 - WARNING - Sensor 0 (28-3c4ef649f11d): Device file not found
2026-02-06 01:39:53,675 - WARNING - Sensor 1 (28-3c68f6499bcd): Device file not found
2026-02-06 01:39:53,675 - WARNING - Sensor 2 (28-3cb9f64947fe): Device file not found
2026-02-06 01:39:53,676 - WARNING - Sensor 3 (28-3cc1f649ac53): Device file not found
2026-02-06 01:39:53,676 - WARNING - Sensor 4 (28-3cf2f6498873): Device file not found
2026-02-06 01:39:53,677 - WARNING - 2026-02-06 01:39:53 - Invalid readings from sensors: [0, 1, 2, 3] (4/4 failed)
2026-02-06 01:40:53,708 - WARNING - Sensor 0 (28-3c4ef649f11d): Device file not found
2026-02-06 01:40:53,708 - WARNING - Sensor 1 (28-3c68f6499bcd): Device file not found
2026-02-06 01:40:53,708 - WARNING - Sensor 2 (28-3cb9f64947fe): Device file not found
2026-02-06 01:40:53,709 - WARNING - Sensor 3 (28-3cc1f649ac53): Device file not found
2026-02-06 01:40:53,709 - WARNING - Sensor 4 (28-3cf2f6498873): Device file not found
2026-02-06 01:40:53,710 - WARNING - 2026-02-06 01:40:53 - Invalid readings from sensors: [0, 1, 2, 3] (4/4 failed)
2026-02-06 01:41:53,770 - WARNING - Sensor 0 (28-3c4ef649f11d): Device file not found
2026-02-06 01:41:53,771 - WARNING - Sensor 1 (28-3c68f6499bcd): Device file not found
2026-02-06 01:41:53,771 - WARNING - Sensor 2 (28-3cb9f64947fe): Device file not found
2026-02-06 01:41:53,772 - WARNING - Sensor 3 (28-3cc1f649ac53): Device file not found
2026-02-06 01:41:53,772 - WARNING - Sensor 4 (28-3cf2f6498873): Device file not found
2026-02-06 01:41:53,773 - WARNING - 2026-02-06 01:41:53 - Invalid readings from sensors: [0, 1, 2, 3] (4/4 failed)
2026-02-06 01:42:53,833 - WARNING - Sensor 0 (28-3c4ef649f11d): Device file not found
2026-02-06 01:42:53,834 - WARNING - Sensor 1 (28-3c68f6499bcd): Device file not found
2026-02-06 01:42:53,834 - WARNING - Sensor 2 (28-3cb9f64947fe): Device file not found
2026-02-06 01:42:53,835 - WARNING - Sensor 3 (28-3cc1f649ac53): Device file not found
2026-02-06 01:42:53,835 - WARNING - Sensor 4 (28-3cf2f6498873): Device file not found
2026-02-06 01:42:53,836 - WARNING - 2026-02-06 01:42:53 - Invalid readings from sensors: [0, 1, 2, 3] (4/4 failed)
2026-02-06 01:43:53,896 - WARNING - Sensor 0 (28-3c4ef649f11d): Device file not found
2026-02-06 01:43:53,897 - WARNING - Sensor 1 (28-3c68f6499bcd): Device file not found
2026-02-06 01:43:53,897 - WARNING - Sensor 2 (28-3cb9f64947fe): Device file not found
2026-02-06 01:43:53,897 - WARNING - Sensor 3 (28-3cc1f649ac53): Device file not found
2026-02-06 01:43:53,897 - WARNING - Sensor 4 (28-3cf2f6498873): Device file not found
2026-02-06 01:43:53,897 - WARNING - 2026-02-06 01:43:53 - Invalid readings from sensors: [0, 1, 2, 3] (4/4 failed)
2026-02-06 01:44:53,958 - WARNING - Sensor 0 (28-3c4ef649f11d): Device file not found
2026-02-06 01:44:53,958 - WARNING - Sensor 1 (28-3c68f6499bcd): Device file not found
2026-02-06 01:44:53,959 - WARNING - Sensor 2 (28-3cb9f64947fe): Device file not found
2026-02-06 01:44:53,959 - WARNING - Sensor 3 (28-3cc1f649ac53): Device file not found
2026-02-06 01:44:53,960 - WARNING - Sensor 4 (28-3cf2f6498873): Device file not found
2026-02-06 01:44:53,960 - WARNING - 2026-02-06 01:44:53 - Invalid readings from sensors: [0, 1, 2, 3] (4/4 failed)
2026-02-06 01:45:54,021 - WARNING - Sensor 0 (28-3c4ef649f11d): Device file not found
2026-02-06 01:45:54,021 - WARNING - Sensor 1 (28-3c68f6499bcd): Device file not found
2026-02-06 01:45:54,021 - WARNING - Sensor 2 (28-3cb9f64947fe): Device file not found
2026-02-06 01:45:54,021 - WARNING - Sensor 3 (28-3cc1f649ac53): Device file not found
2026-02-06 01:45:54,021 - WARNING - Sensor 4 (28-3cf2f6498873): Device file not found
2026-02-06 01:45:54,022 - WARNING - 2026-02-06 01:45:54 - Invalid readings from sensors: [0, 1, 2, 3] (4/4 failed)
2026-02-06 01:46:54,082 - WARNING - Sensor 0 (28-3c4ef649f11d): Device file not found
2026-02-06 01:46:54,083 - WARNING - Sensor 1 (28-3c68f6499bcd): Device file not found
2026-02-06 01:46:54,083 - WARNING - Sensor 2 (28-3cb9f64947fe): Device file not found
2026-02-06 01:46:54,084 - WARNING - Sensor 3 (28-3cc1f649ac53): Device file not found
2026-02-06 01:46:54,084 - WARNING - Sensor 4 (28-3cf2f6498873): Device file not found
2026-02-06 01:46:54,085 - WARNING - 2026-02-06 01:46:54 - Invalid readings from sensors: [0, 1, 2, 3] (4/4 failed)
2026-02-06 01:47:54,120 - WARNING - Sensor 0 (28-3c4ef649f11d): Device file not found
2026-02-06 01:47:54,120 - WARNING - Sensor 1 (28-3c68f6499bcd): Device file not found
2026-02-06 01:47:54,121 - WARNING - Sensor 2 (28-3cb9f64947fe): Device file not found
2026-02-06 01:47:54,121 - WARNING - Sensor 3 (28-3cc1f649ac53): Device file not found
2026-02-06 01:47:54,121 - WARNING - Sensor 4 (28-3cf2f6498873): Device file not found
2026-02-06 01:47:54,122 - WARNING - 2026-02-06 01:47:54 - Invalid readings from sensors: [0, 1, 2, 3] (4/4 failed)
2026-02-06 01:48:54,133 - WARNING - Sensor 0 (28-3c4ef649f11d): Device file not found
2026-02-06 01:48:54,133 - WARNING - Sensor 1 (28-3c68f6499bcd): Device file not found
2026-02-06 01:48:54,134 - WARNING - Sensor 2 (28-3cb9f64947fe): Device file not found
2026-02-06 01:48:54,134 - WARNING - Sensor 3 (28-3cc1f649ac53): Device file not found
2026-02-06 01:48:54,134 - WARNING - Sensor 4 (28-3cf2f6498873): Device file not found
2026-02-06 01:48:54,135 - WARNING - 2026-02-06 01:48:54 - Invalid readings from sensors: [0, 1, 2, 3] (4/4 failed)
2026-02-06 01:49:54,180 - WARNING - Sensor 0 (28-3c4ef649f11d): Device file not found
2026-02-06 01:49:54,181 - WARNING - Sensor 1 (28-3c68f6499bcd): Device file not found
2026-02-06 01:49:54,181 - WARNING - Sensor 2 (28-3cb9f64947fe): Device file not found
2026-02-06 01:49:54,181 - WARNING - Sensor 3 (28-3cc1f649ac53): Device file not found
2026-02-06 01:49:54,182 - WARNING - Sensor 4 (28-3cf2f6498873): Device file not found
2026-02-06 01:49:54,183 - WARNING - 2026-02-06 01:49:54 - Invalid readings from sensors: [0, 1, 2, 3] (4/4 failed)
2026-02-06 01:50:54,243 - WARNING - Sensor 0 (28-3c4ef649f11d): Device file not found
2026-02-06 01:50:54,243 - WARNING - Sensor 1 (28-3c68f6499bcd): Device file not found
2026-02-06 01:50:54,244 - WARNING - Sensor 2 (28-3cb9f64947fe): Device file not found
2026-02-06 01:50:54,244 - WARNING - Sensor 3 (28-3cc1f649ac53): Device file not found
2026-02-06 01:50:54,244 - WARNING - Sensor 4 (28-3cf2f6498873): Device file not found
2026-02-06 01:50:54,244 - WARNING - 2026-02-06 01:50:54 - Invalid readings from sensors: [0, 1, 2, 3] (4/4 failed)
2026-02-06 01:51:54,305 - WARNING - Sensor 0 (28-3c4ef649f11d): Device file not found
2026-02-06 01:51:54,305 - WARNING - Sensor 1 (28-3c68f6499bcd): Device file not found
2026-02-06 01:51:54,306 - WARNING - Sensor 2 (28-3cb9f64947fe): Device file not found
2026-02-06 01:51:54,306 - WARNING - Sensor 3 (28-3cc1f649ac53): Device file not found
2026-02-06 01:51:54,306 - WARNING - Sensor 4 (28-3cf2f6498873): Device file not found
2026-02-06 01:51:54,307 - WARNING - 2026-02-06 01:51:54 - Invalid readings from sensors: [0, 1, 2, 3] (4/4 failed)
2026-02-06 01:52:54,368 - WARNING - Sensor 0 (28-3c4ef649f11d): Device file not found
2026-02-06 01:52:54,368 - WARNING - Sensor 1 (28-3c68f6499bcd): Device file not found
2026-02-06 01:52:54,368 - WARNING - Sensor 2 (28-3cb9f64947fe): Device file not found
2026-02-06 01:52:54,368 - WARNING - Sensor 3 (28-3cc1f649ac53): Device file not found
2026-02-06 01:52:54,368 - WARNING - Sensor 4 (28-3cf2f6498873): Device file not found
2026-02-06 01:52:54,369 - WARNING - 2026-02-06 01:52:54 - Invalid readings from sensors: [0, 1, 2, 3] (4/4 failed)
2026-02-06 01:53:54,407 - WARNING - Sensor 0 (28-3c4ef649f11d): Device file not found
2026-02-06 01:53:54,408 - WARNING - Sensor 1 (28-3c68f6499bcd): Device file not found
2026-02-06 01:53:54,408 - WARNING - Sensor 2 (28-3cb9f64947fe): Device file not found
2026-02-06 01:53:54,408 - WARNING - Sensor 3 (28-3cc1f649ac53): Device file not found
2026-02-06 01:53:54,409 - WARNING - Sensor 4 (28-3cf2f6498873): Device file not found
2026-02-06 01:53:54,409 - WARNING - 2026-02-06 01:53:54 - Invalid readings from sensors: [0, 1, 2, 3] (4/4 failed)
2026-02-06 01:54:54,470 - WARNING - Sensor 0 (28-3c4ef649f11d): Device file not found
2026-02-06 01:54:54,470 - WARNING - Sensor 1 (28-3c68f6499bcd): Device file not found
2026-02-06 01:54:54,471 - WARNING - Sensor 2 (28-3cb9f64947fe): Device file not found
2026-02-06 01:54:54,471 - WARNING - Sensor 3 (28-3cc1f649ac53): Device file not found
2026-02-06 01:54:54,471 - WARNING - Sensor 4 (28-3cf2f6498873): Device file not found
2026-02-06 01:54:54,472 - WARNING - 2026-02-06 01:54:54 - Invalid readings from sensors: [0, 1, 2, 3] (4/4 failed)
2026-02-06 01:55:54,533 - WARNING - Sensor 0 (28-3c4ef649f11d): Device file not found
2026-02-06 01:55:54,533 - WARNING - Sensor 1 (28-3c68f6499bcd): Device file not found
2026-02-06 01:55:54,533 - WARNING - Sensor 2 (28-3cb9f64947fe): Device file not found
2026-02-06 01:55:54,534 - WARNING - Sensor 3 (28-3cc1f649ac53): Device file not found
2026-02-06 01:55:54,534 - WARNING - Sensor 4 (28-3cf2f6498873): Device file not found
2026-02-06 01:55:54,535 - WARNING - 2026-02-06 01:55:54 - Invalid readings from sensors: [0, 1, 2, 3] (4/4 failed)
2026-02-06 01:56:54,536 - WARNING - Sensor 0 (28-3c4ef649f11d): Device file not found
2026-02-06 01:56:54,536 - WARNING - Sensor 1 (28-3c68f6499bcd): Device file not found
2026-02-06 01:56:54,537 - WARNING - Sensor 2 (28-3cb9f64947fe): Device file not found
2026-02-06 01:56:54,537 - WARNING - Sensor 3 (28-3cc1f649ac53): Device file not found
2026-02-06 01:56:54,537 - WARNING - Sensor 4 (28-3cf2f6498873): Device file not found
2026-02-06 01:56:54,538 - WARNING - 2026-02-06 01:56:54 - Invalid readings from sensors: [0, 1, 2, 3] (4/4 failed)
2026-02-06 01:57:54,599 - WARNING - Sensor 0 (28-3c4ef649f11d): Device file not found
2026-02-06 01:57:54,599 - WARNING - Sensor 1 (28-3c68f6499bcd): Device file not found
2026-02-06 01:57:54,600 - WARNING - Sensor 2 (28-3cb9f64947fe): Device file not found
2026-02-06 01:57:54,600 - WARNING - Sensor 3 (28-3cc1f649ac53): Device file not found
2026-02-06 01:57:54,600 - WARNING - Sensor 4 (28-3cf2f6498873): Device file not found
2026-02-06 01:57:54,601 - WARNING - 2026-02-06 01:57:54 - Invalid readings from sensors: [0, 1, 2, 3] (4/4 failed)
2026-02-06 01:58:54,649 - WARNING - Sensor 0 (28-3c4ef649f11d): Device file not found
2026-02-06 01:58:54,649 - WARNING - Sensor 1 (28-3c68f6499bcd): Device file not found
2026-02-06 01:58:54,650 - WARNING - Sensor 2 (28-3cb9f64947fe): Device file not found
2026-02-06 01:58:54,650 - WARNING - Sensor 3 (28-3cc1f649ac53): Device file not found
2026-02-06 01:58:54,650 - WARNING - Sensor 4 (28-3cf2f6498873): Device file not found
2026-02-06 01:58:54,651 - WARNING - 2026-02-06 01:58:54 - Invalid readings from sensors: [0, 1, 2, 3] (4/4 failed)
2026-02-06 01:59:54,711 - WARNING - Sensor 0 (28-3c4ef649f11d): Device file not found
2026-02-06 01:59:54,712 - WARNING - Sensor 1 (28-3c68f6499bcd): Device file not found
2026-02-06 01:59:54,712 - WARNING - Sensor 2 (28-3cb9f64947fe): Device file not found
2026-02-06 01:59:54,712 - WARNING - Sensor 3 (28-3cc1f649ac53): Device file not found
2026-02-06 01:59:54,713 - WARNING - Sensor 4 (28-3cf2f6498873): Device file not found
2026-02-06 01:59:54,714 - WARNING - 2026-02-06 01:59:54 - Invalid readings from sensors: [0, 1, 2, 3] (4/4 failed)
2026-02-06 02:00:54,774 - WARNING - Sensor 0 (28-3c4ef649f11d): Device file not found
2026-02-06 02:00:54,775 - WARNING - Sensor 1 (28-3c68f6499bcd): Device file not found
2026-02-06 02:00:54,775 - WARNING - Sensor 2 (28-3cb9f64947fe): Device file not found
2026-02-06 02:00:54,776 - WARNING - Sensor 3 (28-3cc1f649ac53): Device file not found
2026-02-06 02:00:54,776 - WARNING - Sensor 4 (28-3cf2f6498873): Device file not found
2026-02-06 02:00:54,777 - WARNING - 2026-02-06 02:00:54 - Invalid readings from sensors: [0, 1, 2, 3] (4/4 failed)
2026-02-06 02:01:54,792 - WARNING - Sensor 0 (28-3c4ef649f11d): Device file not found
2026-02-06 02:01:54,792 - WARNING - Sensor 1 (28-3c68f6499bcd): Device file not found
2026-02-06 02:01:54,793 - WARNING - Sensor 2 (28-3cb9f64947fe): Device file not found
2026-02-06 02:01:54,793 - WARNING - Sensor 3 (28-3cc1f649ac53): Device file not found
2026-02-06 02:01:54,793 - WARNING - Sensor 4 (28-3cf2f6498873): Device file not found
2026-02-06 02:01:54,794 - WARNING - 2026-02-06 02:01:54 - Invalid readings from sensors: [0, 1, 2, 3] (4/4 failed)
2026-02-06 02:02:54,855 - WARNING - Sensor 0 (28-3c4ef649f11d): Device file not found
2026-02-06 02:02:54,855 - WARNING - Sensor 1 (28-3c68f6499bcd): Device file not found
2026-02-06 02:02:54,856 - WARNING - Sensor 2 (28-3cb9f64947fe): Device file not found
2026-02-06 02:02:54,856 - WARNING - Sensor 3 (28-3cc1f649ac53): Device file not found
2026-02-06 02:02:54,856 - WARNING - Sensor 4 (28-3cf2f6498873): Device file not found
2026-02-06 02:02:54,857 - WARNING - 2026-02-06 02:02:54 - Invalid readings from sensors: [0, 1, 2, 3] (4/4 failed)
2026-02-06 02:03:54,918 - WARNING - Sensor 0 (28-3c4ef649f11d): Device file not found
2026-02-06 02:03:54,918 - WARNING - Sensor 1 (28-3c68f6499bcd): Device file not found
2026-02-06 02:03:54,919 - WARNING - Sensor 2 (28-3cb9f64947fe): Device file not found
2026-02-06 02:03:54,919 - WARNING - Sensor 3 (28-3cc1f649ac53): Device file not found
2026-02-06 02:03:54,919 - WARNING - Sensor 4 (28-3cf2f6498873): Device file not found
2026-02-06 02:03:54,920 - WARNING - 2026-02-06 02:03:54 - Invalid readings from sensors: [0, 1, 2, 3] (4/4 failed)
2026-02-06 02:04:54,964 - WARNING - Sensor 0 (28-3c4ef649f11d): Device file not found
2026-02-06 02:04:54,965 - WARNING - Sensor 1 (28-3c68f6499bcd): Device file not found
2026-02-06 02:04:54,965 - WARNING - Sensor 2 (28-3cb9f64947fe): Device file not found
2026-02-06 02:04:54,965 - WARNING - Sensor 3 (28-3cc1f649ac53): Device file not found
2026-02-06 02:04:54,966 - WARNING - Sensor 4 (28-3cf2f6498873): Device file not found
2026-02-06 02:04:54,967 - WARNING - 2026-02-06 02:04:54 - Invalid readings from sensors: [0, 1, 2, 3] (4/4 failed)
2026-02-06 02:05:55,005 - WARNING - Sensor 0 (28-3c4ef649f11d): Device file not found
2026-02-06 02:05:55,006 - WARNING - Sensor 1 (28-3c68f6499bcd): Device file not found
2026-02-06 02:05:55,006 - WARNING - Sensor 2 (28-3cb9f64947fe): Device file not found
2026-02-06 02:05:55,006 - WARNING - Sensor 3 (28-3cc1f649ac53): Device file not found
2026-02-06 02:05:55,006 - WARNING - Sensor 4 (28-3cf2f6498873): Device file not found
2026-02-06 02:05:55,006 - WARNING - 2026-02-06 02:05:55 - Invalid readings from sensors: [0, 1, 2, 3] (4/4 failed)
2026-02-06 02:06:55,020 - WARNING - Sensor 0 (28-3c4ef649f11d): Device file not found
2026-02-06 02:06:55,020 - WARNING - Sensor 1 (28-3c68f6499bcd): Device file not found
2026-02-06 02:06:55,021 - WARNING - Sensor 2 (28-3cb9f64947fe): Device file not found
2026-02-06 02:06:55,021 - WARNING - Sensor 3 (28-3cc1f649ac53): Device file not found
2026-02-06 02:06:55,021 - WARNING - Sensor 4 (28-3cf2f6498873): Device file not found
2026-02-06 02:06:55,022 - WARNING - 2026-02-06 02:06:55 - Invalid readings from sensors: [0, 1, 2, 3] (4/4 failed)
2026-02-06 02:07:55,047 - WARNING - Sensor 0 (28-3c4ef649f11d): Device file not found
2026-02-06 02:07:55,048 - WARNING - Sensor 1 (28-3c68f6499bcd): Device file not found
2026-02-06 02:07:55,048 - WARNING - Sensor 2 (28-3cb9f64947fe): Device file not found
2026-02-06 02:07:55,048 - WARNING - Sensor 3 (28-3cc1f649ac53): Device file not found
2026-02-06 02:07:55,048 - WARNING - Sensor 4 (28-3cf2f6498873): Device file not found
2026-02-06 02:07:55,048 - WARNING - 2026-02-06 02:07:55 - Invalid readings from sensors: [0, 1, 2, 3] (4/4 failed)
2026-02-06 02:08:55,080 - WARNING - Sensor 0 (28-3c4ef649f11d): Device file not found
2026-02-06 02:08:55,080 - WARNING - Sensor 1 (28-3c68f6499bcd): Device file not found
2026-02-06 02:08:55,081 - WARNING - Sensor 2 (28-3cb9f64947fe): Device file not found
2026-02-06 02:08:55,081 - WARNING - Sensor 3 (28-3cc1f649ac53): Device file not found
2026-02-06 02:08:55,081 - WARNING - Sensor 4 (28-3cf2f6498873): Device file not found
2026-02-06 02:08:55,082 - WARNING - 2026-02-06 02:08:55 - Invalid readings from sensors: [0, 1, 2, 3] (4/4 failed)
2026-02-06 02:09:55,143 - WARNING - Sensor 0 (28-3c4ef649f11d): Device file not found
2026-02-06 02:09:55,143 - WARNING - Sensor 1 (28-3c68f6499bcd): Device file not found
2026-02-06 02:09:55,144 - WARNING - Sensor 2 (28-3cb9f64947fe): Device file not found
2026-02-06 02:09:55,144 - WARNING - Sensor 3 (28-3cc1f649ac53): Device file not found
2026-02-06 02:09:55,144 - WARNING - Sensor 4 (28-3cf2f6498873): Device file not found
2026-02-06 02:09:55,145 - WARNING - 2026-02-06 02:09:55 - Invalid readings from sensors: [0, 1, 2, 3] (4/4 failed)
2026-02-06 02:10:55,162 - WARNING - Sensor 0 (28-3c4ef649f11d): Device file not found
2026-02-06 02:10:55,163 - WARNING - Sensor 1 (28-3c68f6499bcd): Device file not found
2026-02-06 02:10:55,163 - WARNING - Sensor 2 (28-3cb9f64947fe): Device file not found
2026-02-06 02:10:55,163 - WARNING - Sensor 3 (28-3cc1f649ac53): Device file not found
2026-02-06 02:10:55,164 - WARNING - Sensor 4 (28-3cf2f6498873): Device file not found
2026-02-06 02:10:55,164 - WARNING - 2026-02-06 02:10:55 - Invalid readings from sensors: [0, 1, 2, 3] (4/4 failed)
2026-02-06 02:11:55,204 - WARNING - Sensor 0 (28-3c4ef649f11d): Device file not found
2026-02-06 02:11:55,205 - WARNING - Sensor 1 (28-3c68f6499bcd): Device file not found
2026-02-06 02:11:55,206 - WARNING - Sensor 2 (28-3cb9f64947fe): Device file not found
2026-02-06 02:11:55,206 - WARNING - Sensor 3 (28-3cc1f649ac53): Device file not found
2026-02-06 02:11:55,206 - WARNING - Sensor 4 (28-3cf2f6498873): Device file not found
2026-02-06 02:11:55,207 - WARNING - 2026-02-06 02:11:55 - Invalid readings from sensors: [0, 1, 2, 3] (4/4 failed)
2026-02-06 02:12:55,268 - WARNING - Sensor 0 (28-3c4ef649f11d): Device file not found
2026-02-06 02:12:55,268 - WARNING - Sensor 1 (28-3c68f6499bcd): Device file not found
2026-02-06 02:12:55,268 - WARNING - Sensor 2 (28-3cb9f64947fe): Device file not found
2026-02-06 02:12:55,268 - WARNING - Sensor 3 (28-3cc1f649ac53): Device file not found
2026-02-06 02:12:55,268 - WARNING - Sensor 4 (28-3cf2f6498873): Device file not found
2026-02-06 02:12:55,269 - WARNING - 2026-02-06 02:12:55 - Invalid readings from sensors: [0, 1, 2, 3] (4/4 failed)
2026-02-06 02:13:55,276 - WARNING - Sensor 0 (28-3c4ef649f11d): Device file not found
2026-02-06 02:13:55,276 - WARNING - Sensor 1 (28-3c68f6499bcd): Device file not found
2026-02-06 02:13:55,277 - WARNING - Sensor 2 (28-3cb9f64947fe): Device file not found
2026-02-06 02:13:55,277 - WARNING - Sensor 3 (28-3cc1f649ac53): Device file not found
2026-02-06 02:13:55,277 - WARNING - Sensor 4 (28-3cf2f6498873): Device file not found
2026-02-06 02:13:55,278 - WARNING - 2026-02-06 02:13:55 - Invalid readings from sensors: [0, 1, 2, 3] (4/4 failed)
2026-02-06 02:14:55,283 - WARNING - Sensor 0 (28-3c4ef649f11d): Device file not found
2026-02-06 02:14:55,284 - WARNING - Sensor 1 (28-3c68f6499bcd): Device file not found
2026-02-06 02:14:55,284 - WARNING - Sensor 2 (28-3cb9f64947fe): Device file not found
2026-02-06 02:14:55,284 - WARNING - Sensor 3 (28-3cc1f649ac53): Device file not found
2026-02-06 02:14:55,284 - WARNING - Sensor 4 (28-3cf2f6498873): Device file not found
2026-02-06 02:14:55,284 - WARNING - 2026-02-06 02:14:55 - Invalid readings from sensors: [0, 1, 2, 3] (4/4 failed)
2026-02-06 02:15:55,303 - WARNING - Sensor 0 (28-3c4ef649f11d): Device file not found
2026-02-06 02:15:55,304 - WARNING - Sensor 1 (28-3c68f6499bcd): Device file not found
2026-02-06 02:15:55,304 - WARNING - Sensor 2 (28-3cb9f64947fe): Device file not found
2026-02-06 02:15:55,304 - WARNING - Sensor 3 (28-3cc1f649ac53): Device file not found
2026-02-06 02:15:55,304 - WARNING - Sensor 4 (28-3cf2f6498873): Device file not found
2026-02-06 02:15:55,305 - WARNING - 2026-02-06 02:15:55 - Invalid readings from sensors: [0, 1, 2, 3] (4/4 failed)
2026-02-06 02:16:55,319 - WARNING - Sensor 0 (28-3c4ef649f11d): Device file not found
2026-02-06 02:16:55,320 - WARNING - Sensor 1 (28-3c68f6499bcd): Device file not found
2026-02-06 02:16:55,320 - WARNING - Sensor 2 (28-3cb9f64947fe): Device file not found
2026-02-06 02:16:55,321 - WARNING - Sensor 3 (28-3cc1f649ac53): Device file not found
2026-02-06 02:16:55,321 - WARNING - Sensor 4 (28-3cf2f6498873): Device file not found
2026-02-06 02:16:55,322 - WARNING - 2026-02-06 02:16:55 - Invalid readings from sensors: [0, 1, 2, 3] (4/4 failed)
2026-02-06 02:17:55,382 - WARNING - Sensor 0 (28-3c4ef649f11d): Device file not found
2026-02-06 02:17:55,383 - WARNING - Sensor 1 (28-3c68f6499bcd): Device file not found
2026-02-06 02:17:55,383 - WARNING - Sensor 2 (28-3cb9f64947fe): Device file not found
2026-02-06 02:17:55,384 - WARNING - Sensor 3 (28-3cc1f649ac53): Device file not found
2026-02-06 02:17:55,384 - WARNING - Sensor 4 (28-3cf2f6498873): Device file not found
2026-02-06 02:17:55,385 - WARNING - 2026-02-06 02:17:55 - Invalid readings from sensors: [0, 1, 2, 3] (4/4 failed)
2026-02-06 02:18:55,445 - WARNING - Sensor 0 (28-3c4ef649f11d): Device file not found
2026-02-06 02:18:55,446 - WARNING - Sensor 1 (28-3c68f6499bcd): Device file not found
2026-02-06 02:18:55,446 - WARNING - Sensor 2 (28-3cb9f64947fe): Device file not found
2026-02-06 02:18:55,447 - WARNING - Sensor 3 (28-3cc1f649ac53): Device file not found
2026-02-06 02:18:55,447 - WARNING - Sensor 4 (28-3cf2f6498873): Device file not found
2026-02-06 02:18:55,448 - WARNING - 2026-02-06 02:18:55 - Invalid readings from sensors: [0, 1, 2, 3] (4/4 failed)
2026-02-06 02:19:55,508 - WARNING - Sensor 0 (28-3c4ef649f11d): Device file not found
2026-02-06 02:19:55,509 - WARNING - Sensor 1 (28-3c68f6499bcd): Device file not found
2026-02-06 02:19:55,509 - WARNING - Sensor 2 (28-3cb9f64947fe): Device file not found
2026-02-06 02:19:55,509 - WARNING - Sensor 3 (28-3cc1f649ac53): Device file not found
2026-02-06 02:19:55,509 - WARNING - Sensor 4 (28-3cf2f6498873): Device file not found
2026-02-06 02:19:55,509 - WARNING - 2026-02-06 02:19:55 - Invalid readings from sensors: [0, 1, 2, 3] (4/4 failed)
2026-02-06 02:20:55,530 - WARNING - Sensor 0 (28-3c4ef649f11d): Device file not found
2026-02-06 02:20:55,530 - WARNING - Sensor 1 (28-3c68f6499bcd): Device file not found
2026-02-06 02:20:55,530 - WARNING - Sensor 2 (28-3cb9f64947fe): Device file not found
2026-02-06 02:20:55,530 - WARNING - Sensor 3 (28-3cc1f649ac53): Device file not found
2026-02-06 02:20:55,530 - WARNING - Sensor 4 (28-3cf2f6498873): Device file not found
2026-02-06 02:20:55,530 - WARNING - 2026-02-06 02:20:55 - Invalid readings from sensors: [0, 1, 2, 3] (4/4 failed)
2026-02-06 02:21:55,591 - WARNING - Sensor 0 (28-3c4ef649f11d): Device file not found
2026-02-06 02:21:55,591 - WARNING - Sensor 1 (28-3c68f6499bcd): Device file not found
2026-02-06 02:21:55,591 - WARNING - Sensor 2 (28-3cb9f64947fe): Device file not found
2026-02-06 02:21:55,591 - WARNING - Sensor 3 (28-3cc1f649ac53): Device file not found
2026-02-06 02:21:55,591 - WARNING - Sensor 4 (28-3cf2f6498873): Device file not found
2026-02-06 02:21:55,592 - WARNING - 2026-02-06 02:21:55 - Invalid readings from sensors: [0, 1, 2, 3] (4/4 failed)
2026-02-06 02:22:55,651 - WARNING - Sensor 0 (28-3c4ef649f11d): Device file not found
2026-02-06 02:22:55,652 - WARNING - Sensor 1 (28-3c68f6499bcd): Device file not found
2026-02-06 02:22:55,652 - WARNING - Sensor 2 (28-3cb9f64947fe): Device file not found
2026-02-06 02:22:55,652 - WARNING - Sensor 3 (28-3cc1f649ac53): Device file not found
2026-02-06 02:22:55,652 - WARNING - Sensor 4 (28-3cf2f6498873): Device file not found
2026-02-06 02:22:55,652 - WARNING - 2026-02-06 02:22:55 - Invalid readings from sensors: [0, 1, 2, 3] (4/4 failed)
2026-02-06 02:23:55,713 - WARNING - Sensor 0 (28-3c4ef649f11d): Device file not found
2026-02-06 02:23:55,713 - WARNING - Sensor 1 (28-3c68f6499bcd): Device file not found
2026-02-06 02:23:55,714 - WARNING - Sensor 2 (28-3cb9f64947fe): Device file not found
2026-02-06 02:23:55,714 - WARNING - Sensor 3 (28-3cc1f649ac53): Device file not found
2026-02-06 02:23:55,714 - WARNING - Sensor 4 (28-3cf2f6498873): Device file not found
2026-02-06 02:23:55,715 - WARNING - 2026-02-06 02:23:55 - Invalid readings from sensors: [0, 1, 2, 3] (4/4 failed)
2026-02-06 02:24:55,765 - WARNING - Sensor 0 (28-3c4ef649f11d): Device file not found
2026-02-06 02:24:55,765 - WARNING - Sensor 1 (28-3c68f6499bcd): Device file not found
2026-02-06 02:24:55,765 - WARNING - Sensor 2 (28-3cb9f64947fe): Device file not found
2026-02-06 02:24:55,766 - WARNING - Sensor 3 (28-3cc1f649ac53): Device file not found
2026-02-06 02:24:55,766 - WARNING - Sensor 4 (28-3cf2f6498873): Device file not found
2026-02-06 02:24:55,767 - WARNING - 2026-02-06 02:24:55 - Invalid readings from sensors: [0, 1, 2, 3] (4/4 failed)
2026-02-06 02:25:55,827 - WARNING - Sensor 0 (28-3c4ef649f11d): Device file not found
2026-02-06 02:25:55,828 - WARNING - Sensor 1 (28-3c68f6499bcd): Device file not found
2026-02-06 02:25:55,828 - WARNING - Sensor 2 (28-3cb9f64947fe): Device file not found
2026-02-06 02:25:55,829 - WARNING - Sensor 3 (28-3cc1f649ac53): Device file not found
2026-02-06 02:25:55,829 - WARNING - Sensor 4 (28-3cf2f6498873): Device file not found
2026-02-06 02:25:55,830 - WARNING - 2026-02-06 02:25:55 - Invalid readings from sensors: [0, 1, 2, 3] (4/4 failed)
2026-02-06 02:26:55,890 - WARNING - Sensor 0 (28-3c4ef649f11d): Device file not found
2026-02-06 02:26:55,891 - WARNING - Sensor 1 (28-3c68f6499bcd): Device file not found
2026-02-06 02:26:55,891 - WARNING - Sensor 2 (28-3cb9f64947fe): Device file not found
2026-02-06 02:26:55,892 - WARNING - Sensor 3 (28-3cc1f649ac53): Device file not found
2026-02-06 02:26:55,892 - WARNING - Sensor 4 (28-3cf2f6498873): Device file not found
2026-02-06 02:26:55,893 - WARNING - 2026-02-06 02:26:55 - Invalid readings from sensors: [0, 1, 2, 3] (4/4 failed)
2026-02-06 02:27:55,953 - WARNING - Sensor 0 (28-3c4ef649f11d): Device file not found
2026-02-06 02:27:55,953 - WARNING - Sensor 1 (28-3c68f6499bcd): Device file not found
2026-02-06 02:27:55,954 - WARNING - Sensor 2 (28-3cb9f64947fe): Device file not found
2026-02-06 02:27:55,954 - WARNING - Sensor 3 (28-3cc1f649ac53): Device file not found
2026-02-06 02:27:55,954 - WARNING - Sensor 4 (28-3cf2f6498873): Device file not found
2026-02-06 02:27:55,954 - WARNING - 2026-02-06 02:27:55 - Invalid readings from sensors: [0, 1, 2, 3] (4/4 failed)
2026-02-06 02:28:56,015 - WARNING - Sensor 0 (28-3c4ef649f11d): Device file not found
2026-02-06 02:28:56,015 - WARNING - Sensor 1 (28-3c68f6499bcd): Device file not found
2026-02-06 02:28:56,015 - WARNING - Sensor 2 (28-3cb9f64947fe): Device file not found
2026-02-06 02:28:56,016 - WARNING - Sensor 3 (28-3cc1f649ac53): Device file not found
2026-02-06 02:28:56,016 - WARNING - Sensor 4 (28-3cf2f6498873): Device file not found
2026-02-06 02:28:56,017 - WARNING - 2026-02-06 02:28:56 - Invalid readings from sensors: [0, 1, 2, 3] (4/4 failed)
2026-02-06 02:29:56,077 - WARNING - Sensor 0 (28-3c4ef649f11d): Device file not found
2026-02-06 02:29:56,078 - WARNING - Sensor 1 (28-3c68f6499bcd): Device file not found
2026-02-06 02:29:56,078 - WARNING - Sensor 2 (28-3cb9f64947fe): Device file not found
2026-02-06 02:29:56,079 - WARNING - Sensor 3 (28-3cc1f649ac53): Device file not found
2026-02-06 02:29:56,079 - WARNING - Sensor 4 (28-3cf2f6498873): Device file not found
2026-02-06 02:29:56,080 - WARNING - 2026-02-06 02:29:56 - Invalid readings from sensors: [0, 1, 2, 3] (4/4 failed)
2026-02-06 02:30:56,140 - WARNING - Sensor 0 (28-3c4ef649f11d): Device file not found
2026-02-06 02:30:56,141 - WARNING - Sensor 1 (28-3c68f6499bcd): Device file not found
2026-02-06 02:30:56,141 - WARNING - Sensor 2 (28-3cb9f64947fe): Device file not found
2026-02-06 02:30:56,142 - WARNING - Sensor 3 (28-3cc1f649ac53): Device file not found
2026-02-06 02:30:56,142 - WARNING - Sensor 4 (28-3cf2f6498873): Device file not found
2026-02-06 02:30:56,143 - WARNING - 2026-02-06 02:30:56 - Invalid readings from sensors: [0, 1, 2, 3] (4/4 failed)
2026-02-06 02:31:56,160 - WARNING - Sensor 0 (28-3c4ef649f11d): Device file not found
2026-02-06 02:31:56,161 - WARNING - Sensor 1 (28-3c68f6499bcd): Device file not found
2026-02-06 02:31:56,161 - WARNING - Sensor 2 (28-3cb9f64947fe): Device file not found
2026-02-06 02:31:56,162 - WARNING - Sensor 3 (28-3cc1f649ac53): Device file not found
2026-02-06 02:31:56,162 - WARNING - Sensor 4 (28-3cf2f6498873): Device file not found
2026-02-06 02:31:56,163 - WARNING - 2026-02-06 02:31:56 - Invalid readings from sensors: [0, 1, 2, 3] (4/4 failed)
2026-02-06 02:32:56,174 - WARNING - Sensor 0 (28-3c4ef649f11d): Device file not found
2026-02-06 02:32:56,174 - WARNING - Sensor 1 (28-3c68f6499bcd): Device file not found
2026-02-06 02:32:56,175 - WARNING - Sensor 2 (28-3cb9f64947fe): Device file not found
2026-02-06 02:32:56,175 - WARNING - Sensor 3 (28-3cc1f649ac53): Device file not found
2026-02-06 02:32:56,175 - WARNING - Sensor 4 (28-3cf2f6498873): Device file not found
2026-02-06 02:32:56,176 - WARNING - 2026-02-06 02:32:56 - Invalid readings from sensors: [0, 1, 2, 3] (4/4 failed)
2026-02-06 02:33:56,237 - WARNING - Sensor 0 (28-3c4ef649f11d): Device file not found
2026-02-06 02:33:56,237 - WARNING - Sensor 1 (28-3c68f6499bcd): Device file not found
2026-02-06 02:33:56,238 - WARNING - Sensor 2 (28-3cb9f64947fe): Device file not found
2026-02-06 02:33:56,238 - WARNING - Sensor 3 (28-3cc1f649ac53): Device file not found
2026-02-06 02:33:56,238 - WARNING - Sensor 4 (28-3cf2f6498873): Device file not found
2026-02-06 02:33:56,239 - WARNING - 2026-02-06 02:33:56 - Invalid readings from sensors: [0, 1, 2, 3] (4/4 failed)
2026-02-06 02:34:56,278 - WARNING - Sensor 0 (28-3c4ef649f11d): Device file not found
2026-02-06 02:34:56,279 - WARNING - Sensor 1 (28-3c68f6499bcd): Device file not found
2026-02-06 02:34:56,279 - WARNING - Sensor 2 (28-3cb9f64947fe): Device file not found
2026-02-06 02:34:56,280 - WARNING - Sensor 3 (28-3cc1f649ac53): Device file not found
2026-02-06 02:34:56,280 - WARNING - Sensor 4 (28-3cf2f6498873): Device file not found
2026-02-06 02:34:56,281 - WARNING - 2026-02-06 02:34:56 - Invalid readings from sensors: [0, 1, 2, 3] (4/4 failed)
2026-02-06 02:35:56,341 - WARNING - Sensor 0 (28-3c4ef649f11d): Device file not found
2026-02-06 02:35:56,342 - WARNING - Sensor 1 (28-3c68f6499bcd): Device file not found
2026-02-06 02:35:56,342 - WARNING - Sensor 2 (28-3cb9f64947fe): Device file not found
2026-02-06 02:35:56,342 - WARNING - Sensor 3 (28-3cc1f649ac53): Device file not found
2026-02-06 02:35:56,342 - WARNING - Sensor 4 (28-3cf2f6498873): Device file not found
2026-02-06 02:35:56,342 - WARNING - 2026-02-06 02:35:56 - Invalid readings from sensors: [0, 1, 2, 3] (4/4 failed)
2026-02-06 02:36:56,360 - WARNING - Sensor 0 (28-3c4ef649f11d): Device file not found
2026-02-06 02:36:56,360 - WARNING - Sensor 1 (28-3c68f6499bcd): Device file not found
2026-02-06 02:36:56,361 - WARNING - Sensor 2 (28-3cb9f64947fe): Device file not found
2026-02-06 02:36:56,361 - WARNING - Sensor 3 (28-3cc1f649ac53): Device file not found
2026-02-06 02:36:56,361 - WARNING - Sensor 4 (28-3cf2f6498873): Device file not found
2026-02-06 02:36:56,362 - WARNING - 2026-02-06 02:36:56 - Invalid readings from sensors: [0, 1, 2, 3] (4/4 failed)
2026-02-06 02:37:56,416 - WARNING - Sensor 0 (28-3c4ef649f11d): Device file not found
2026-02-06 02:37:56,416 - WARNING - Sensor 1 (28-3c68f6499bcd): Device file not found
2026-02-06 02:37:56,416 - WARNING - Sensor 2 (28-3cb9f64947fe): Device file not found
2026-02-06 02:37:56,417 - WARNING - Sensor 3 (28-3cc1f649ac53): Device file not found
2026-02-06 02:37:56,417 - WARNING - Sensor 4 (28-3cf2f6498873): Device file not found
2026-02-06 02:37:56,417 - WARNING - 2026-02-06 02:37:56 - Invalid readings from sensors: [0, 1, 2, 3] (4/4 failed)
2026-02-06 02:38:56,440 - WARNING - Sensor 0 (28-3c4ef649f11d): Device file not found
2026-02-06 02:38:56,440 - WARNING - Sensor 1 (28-3c68f6499bcd): Device file not found
2026-02-06 02:38:56,441 - WARNING - Sensor 2 (28-3cb9f64947fe): Device file not found
2026-02-06 02:38:56,441 - WARNING - Sensor 3 (28-3cc1f649ac53): Device file not found
2026-02-06 02:38:56,441 - WARNING - Sensor 4 (28-3cf2f6498873): Device file not found
2026-02-06 02:38:56,442 - WARNING - 2026-02-06 02:38:56 - Invalid readings from sensors: [0, 1, 2, 3] (4/4 failed)
2026-02-06 02:39:56,503 - WARNING - Sensor 0 (28-3c4ef649f11d): Device file not found
2026-02-06 02:39:56,503 - WARNING - Sensor 1 (28-3c68f6499bcd): Device file not found
2026-02-06 02:39:56,504 - WARNING - Sensor 2 (28-3cb9f64947fe): Device file not found
2026-02-06 02:39:56,504 - WARNING - Sensor 3 (28-3cc1f649ac53): Device file not found
2026-02-06 02:39:56,505 - WARNING - Sensor 4 (28-3cf2f6498873): Device file not found
2026-02-06 02:39:56,505 - WARNING - 2026-02-06 02:39:56 - Invalid readings from sensors: [0, 1, 2, 3] (4/4 failed)
2026-02-06 02:40:56,510 - WARNING - Sensor 0 (28-3c4ef649f11d): Device file not found
2026-02-06 02:40:56,510 - WARNING - Sensor 1 (28-3c68f6499bcd): Device file not found
2026-02-06 02:40:56,511 - WARNING - Sensor 2 (28-3cb9f64947fe): Device file not found
2026-02-06 02:40:56,511 - WARNING - Sensor 3 (28-3cc1f649ac53): Device file not found
2026-02-06 02:40:56,511 - WARNING - Sensor 4 (28-3cf2f6498873): Device file not found
2026-02-06 02:40:56,512 - WARNING - 2026-02-06 02:40:56 - Invalid readings from sensors: [0, 1, 2, 3] (4/4 failed)
2026-02-06 02:41:56,519 - WARNING - Sensor 0 (28-3c4ef649f11d): Device file not found
2026-02-06 02:41:56,520 - WARNING - Sensor 1 (28-3c68f6499bcd): Device file not found
2026-02-06 02:41:56,520 - WARNING - Sensor 2 (28-3cb9f64947fe): Device file not found
2026-02-06 02:41:56,520 - WARNING - Sensor 3 (28-3cc1f649ac53): Device file not found
2026-02-06 02:41:56,520 - WARNING - Sensor 4 (28-3cf2f6498873): Device file not found
2026-02-06 02:41:56,520 - WARNING - 2026-02-06 02:41:56 - Invalid readings from sensors: [0, 1, 2, 3] (4/4 failed)
2026-02-06 02:42:56,581 - WARNING - Sensor 0 (28-3c4ef649f11d): Device file not found
2026-02-06 02:42:56,581 - WARNING - Sensor 1 (28-3c68f6499bcd): Device file not found
2026-02-06 02:42:56,581 - WARNING - Sensor 2 (28-3cb9f64947fe): Device file not found
2026-02-06 02:42:56,581 - WARNING - Sensor 3 (28-3cc1f649ac53): Device file not found
2026-02-06 02:42:56,581 - WARNING - Sensor 4 (28-3cf2f6498873): Device file not found
2026-02-06 02:42:56,582 - WARNING - 2026-02-06 02:42:56 - Invalid readings from sensors: [0, 1, 2, 3] (4/4 failed)
2026-02-06 02:43:56,642 - WARNING - Sensor 0 (28-3c4ef649f11d): Device file not found
2026-02-06 02:43:56,642 - WARNING - Sensor 1 (28-3c68f6499bcd): Device file not found
2026-02-06 02:43:56,642 - WARNING - Sensor 2 (28-3cb9f64947fe): Device file not found
2026-02-06 02:43:56,642 - WARNING - Sensor 3 (28-3cc1f649ac53): Device file not found
2026-02-06 02:43:56,643 - WARNING - Sensor 4 (28-3cf2f6498873): Device file not found
2026-02-06 02:43:56,643 - WARNING - 2026-02-06 02:43:56 - Invalid readings from sensors: [0, 1, 2, 3] (4/4 failed)
2026-02-06 02:44:56,703 - WARNING - Sensor 0 (28-3c4ef649f11d): Device file not found
2026-02-06 02:44:56,703 - WARNING - Sensor 1 (28-3c68f6499bcd): Device file not found
2026-02-06 02:44:56,704 - WARNING - Sensor 2 (28-3cb9f64947fe): Device file not found
2026-02-06 02:44:56,704 - WARNING - Sensor 3 (28-3cc1f649ac53): Device file not found
2026-02-06 02:44:56,704 - WARNING - Sensor 4 (28-3cf2f6498873): Device file not found
2026-02-06 02:44:56,704 - WARNING - 2026-02-06 02:44:56 - Invalid readings from sensors: [0, 1, 2, 3] (4/4 failed)
2026-02-06 02:45:56,765 - WARNING - Sensor 0 (28-3c4ef649f11d): Device file not found
2026-02-06 02:45:56,765 - WARNING - Sensor 1 (28-3c68f6499bcd): Device file not found
2026-02-06 02:45:56,765 - WARNING - Sensor 2 (28-3cb9f64947fe): Device file not found
2026-02-06 02:45:56,766 - WARNING - Sensor 3 (28-3cc1f649ac53): Device file not found
2026-02-06 02:45:56,766 - WARNING - Sensor 4 (28-3cf2f6498873): Device file not found
2026-02-06 02:45:56,767 - WARNING - 2026-02-06 02:45:56 - Invalid readings from sensors: [0, 1, 2, 3] (4/4 failed)
2026-02-06 02:46:56,827 - WARNING - Sensor 0 (28-3c4ef649f11d): Device file not found
2026-02-06 02:46:56,828 - WARNING - Sensor 1 (28-3c68f6499bcd): Device file not found
2026-02-06 02:46:56,828 - WARNING - Sensor 2 (28-3cb9f64947fe): Device file not found
2026-02-06 02:46:56,829 - WARNING - Sensor 3 (28-3cc1f649ac53): Device file not found
2026-02-06 02:46:56,829 - WARNING - Sensor 4 (28-3cf2f6498873): Device file not found
2026-02-06 02:46:56,830 - WARNING - 2026-02-06 02:46:56 - Invalid readings from sensors: [0, 1, 2, 3] (4/4 failed)
2026-02-06 02:47:56,876 - WARNING - Sensor 0 (28-3c4ef649f11d): Device file not found
2026-02-06 02:47:56,876 - WARNING - Sensor 1 (28-3c68f6499bcd): Device file not found
2026-02-06 02:47:56,877 - WARNING - Sensor 2 (28-3cb9f64947fe): Device file not found
2026-02-06 02:47:56,877 - WARNING - Sensor 3 (28-3cc1f649ac53): Device file not found
2026-02-06 02:47:56,877 - WARNING - Sensor 4 (28-3cf2f6498873): Device file not found
2026-02-06 02:47:56,878 - WARNING - 2026-02-06 02:47:56 - Invalid readings from sensors: [0, 1, 2, 3] (4/4 failed)
2026-02-06 02:48:56,939 - WARNING - Sensor 0 (28-3c4ef649f11d): Device file not found
2026-02-06 02:48:56,939 - WARNING - Sensor 1 (28-3c68f6499bcd): Device file not found
2026-02-06 02:48:56,940 - WARNING - Sensor 2 (28-3cb9f64947fe): Device file not found
2026-02-06 02:48:56,940 - WARNING - Sensor 3 (28-3cc1f649ac53): Device file not found
2026-02-06 02:48:56,940 - WARNING - Sensor 4 (28-3cf2f6498873): Device file not found
2026-02-06 02:48:56,941 - WARNING - 2026-02-06 02:48:56 - Invalid readings from sensors: [0, 1, 2, 3] (4/4 failed)
2026-02-06 02:49:57,002 - WARNING - Sensor 0 (28-3c4ef649f11d): Device file not found
2026-02-06 02:49:57,002 - WARNING - Sensor 1 (28-3c68f6499bcd): Device file not found
2026-02-06 02:49:57,003 - WARNING - Sensor 2 (28-3cb9f64947fe): Device file not found
2026-02-06 02:49:57,003 - WARNING - Sensor 3 (28-3cc1f649ac53): Device file not found
2026-02-06 02:49:57,003 - WARNING - Sensor 4 (28-3cf2f6498873): Device file not found
2026-02-06 02:49:57,004 - WARNING - 2026-02-06 02:49:57 - Invalid readings from sensors: [0, 1, 2, 3] (4/4 failed)
2026-02-06 02:50:57,065 - WARNING - Sensor 0 (28-3c4ef649f11d): Device file not found
2026-02-06 02:50:57,065 - WARNING - Sensor 1 (28-3c68f6499bcd): Device file not found
2026-02-06 02:50:57,065 - WARNING - Sensor 2 (28-3cb9f64947fe): Device file not found
2026-02-06 02:50:57,065 - WARNING - Sensor 3 (28-3cc1f649ac53): Device file not found
2026-02-06 02:50:57,065 - WARNING - Sensor 4 (28-3cf2f6498873): Device file not found
2026-02-06 02:50:57,066 - WARNING - 2026-02-06 02:50:57 - Invalid readings from sensors: [0, 1, 2, 3] (4/4 failed)
2026-02-06 02:51:57,120 - WARNING - Sensor 0 (28-3c4ef649f11d): Device file not found
2026-02-06 02:51:57,120 - WARNING - Sensor 1 (28-3c68f6499bcd): Device file not found
2026-02-06 02:51:57,120 - WARNING - Sensor 2 (28-3cb9f64947fe): Device file not found
2026-02-06 02:51:57,120 - WARNING - Sensor 3 (28-3cc1f649ac53): Device file not found
2026-02-06 02:51:57,120 - WARNING - Sensor 4 (28-3cf2f6498873): Device file not found
2026-02-06 02:51:57,121 - WARNING - 2026-02-06 02:51:57 - Invalid readings from sensors: [0, 1, 2, 3] (4/4 failed)
2026-02-06 02:52:57,177 - WARNING - Sensor 0 (28-3c4ef649f11d): Device file not found
2026-02-06 02:52:57,178 - WARNING - Sensor 1 (28-3c68f6499bcd): Device file not found
2026-02-06 02:52:57,178 - WARNING - Sensor 2 (28-3cb9f64947fe): Device file not found
2026-02-06 02:52:57,178 - WARNING - Sensor 3 (28-3cc1f649ac53): Device file not found
2026-02-06 02:52:57,179 - WARNING - Sensor 4 (28-3cf2f6498873): Device file not found
2026-02-06 02:52:57,179 - WARNING - 2026-02-06 02:52:57 - Invalid readings from sensors: [0, 1, 2, 3] (4/4 failed)
2026-02-06 02:53:57,240 - WARNING - Sensor 0 (28-3c4ef649f11d): Device file not found
2026-02-06 02:53:57,240 - WARNING - Sensor 1 (28-3c68f6499bcd): Device file not found
2026-02-06 02:53:57,241 - WARNING - Sensor 2 (28-3cb9f64947fe): Device file not found
2026-02-06 02:53:57,241 - WARNING - Sensor 3 (28-3cc1f649ac53): Device file not found
2026-02-06 02:53:57,241 - WARNING - Sensor 4 (28-3cf2f6498873): Device file not found
2026-02-06 02:53:57,242 - WARNING - 2026-02-06 02:53:57 - Invalid readings from sensors: [0, 1, 2, 3] (4/4 failed)
2026-02-06 02:54:57,303 - WARNING - Sensor 0 (28-3c4ef649f11d): Device file not found
2026-02-06 02:54:57,303 - WARNING - Sensor 1 (28-3c68f6499bcd): Device file not found
2026-02-06 02:54:57,304 - WARNING - Sensor 2 (28-3cb9f64947fe): Device file not found
2026-02-06 02:54:57,304 - WARNING - Sensor 3 (28-3cc1f649ac53): Device file not found
2026-02-06 02:54:57,304 - WARNING - Sensor 4 (28-3cf2f6498873): Device file not found
2026-02-06 02:54:57,305 - WARNING - 2026-02-06 02:54:57 - Invalid readings from sensors: [0, 1, 2, 3] (4/4 failed)
2026-02-06 02:55:57,366 - WARNING - Sensor 0 (28-3c4ef649f11d): Device file not found
2026-02-06 02:55:57,366 - WARNING - Sensor 1 (28-3c68f6499bcd): Device file not found
2026-02-06 02:55:57,367 - WARNING - Sensor 2 (28-3cb9f64947fe): Device file not found
2026-02-06 02:55:57,367 - WARNING - Sensor 3 (28-3cc1f649ac53): Device file not found
2026-02-06 02:55:57,368 - WARNING - Sensor 4 (28-3cf2f6498873): Device file not found
2026-02-06 02:55:57,368 - WARNING - 2026-02-06 02:55:57 - Invalid readings from sensors: [0, 1, 2, 3] (4/4 failed)
2026-02-06 02:56:57,402 - WARNING - Sensor 0 (28-3c4ef649f11d): Device file not found
2026-02-06 02:56:57,403 - WARNING - Sensor 1 (28-3c68f6499bcd): Device file not found
2026-02-06 02:56:57,403 - WARNING - Sensor 2 (28-3cb9f64947fe): Device file not found
2026-02-06 02:56:57,404 - WARNING - Sensor 3 (28-3cc1f649ac53): Device file not found
2026-02-06 02:56:57,404 - WARNING - Sensor 4 (28-3cf2f6498873): Device file not found
2026-02-06 02:56:57,405 - WARNING - 2026-02-06 02:56:57 - Invalid readings from sensors: [0, 1, 2, 3] (4/4 failed)
2026-02-06 02:57:57,415 - WARNING - Sensor 0 (28-3c4ef649f11d): Device file not found
2026-02-06 02:57:57,416 - WARNING - Sensor 1 (28-3c68f6499bcd): Device file not found
2026-02-06 02:57:57,416 - WARNING - Sensor 2 (28-3cb9f64947fe): Device file not found
2026-02-06 02:57:57,416 - WARNING - Sensor 3 (28-3cc1f649ac53): Device file not found
2026-02-06 02:57:57,416 - WARNING - Sensor 4 (28-3cf2f6498873): Device file not found
2026-02-06 02:57:57,416 - WARNING - 2026-02-06 02:57:57 - Invalid readings from sensors: [0, 1, 2, 3] (4/4 failed)
2026-02-06 02:58:57,447 - WARNING - Sensor 0 (28-3c4ef649f11d): Device file not found
2026-02-06 02:58:57,448 - WARNING - Sensor 1 (28-3c68f6499bcd): Device file not found
2026-02-06 02:58:57,448 - WARNING - Sensor 2 (28-3cb9f64947fe): Device file not found
2026-02-06 02:58:57,448 - WARNING - Sensor 3 (28-3cc1f649ac53): Device file not found
2026-02-06 02:58:57,448 - WARNING - Sensor 4 (28-3cf2f6498873): Device file not found
2026-02-06 02:58:57,448 - WARNING - 2026-02-06 02:58:57 - Invalid readings from sensors: [0, 1, 2, 3] (4/4 failed)
2026-02-06 02:59:57,495 - WARNING - Sensor 0 (28-3c4ef649f11d): Device file not found
2026-02-06 02:59:57,495 - WARNING - Sensor 1 (28-3c68f6499bcd): Device file not found
2026-02-06 02:59:57,496 - WARNING - Sensor 2 (28-3cb9f64947fe): Device file not found
2026-02-06 02:59:57,496 - WARNING - Sensor 3 (28-3cc1f649ac53): Device file not found
2026-02-06 02:59:57,496 - WARNING - Sensor 4 (28-3cf2f6498873): Device file not found
2026-02-06 02:59:57,496 - WARNING - 2026-02-06 02:59:57 - Invalid readings from sensors: [0, 1, 2, 3] (4/4 failed)
2026-02-06 03:00:57,512 - WARNING - Sensor 0 (28-3c4ef649f11d): Device file not found
2026-02-06 03:00:57,512 - WARNING - Sensor 1 (28-3c68f6499bcd): Device file not found
2026-02-06 03:00:57,513 - WARNING - Sensor 2 (28-3cb9f64947fe): Device file not found
2026-02-06 03:00:57,513 - WARNING - Sensor 3 (28-3cc1f649ac53): Device file not found
2026-02-06 03:00:57,513 - WARNING - Sensor 4 (28-3cf2f6498873): Device file not found
2026-02-06 03:00:57,514 - WARNING - 2026-02-06 03:00:57 - Invalid readings from sensors: [0, 1, 2, 3] (4/4 failed)
2026-02-06 03:01:57,520 - WARNING - Sensor 0 (28-3c4ef649f11d): Device file not found
2026-02-06 03:01:57,520 - WARNING - Sensor 1 (28-3c68f6499bcd): Device file not found
2026-02-06 03:01:57,521 - WARNING - Sensor 2 (28-3cb9f64947fe): Device file not found
2026-02-06 03:01:57,521 - WARNING - Sensor 3 (28-3cc1f649ac53): Device file not found
2026-02-06 03:01:57,521 - WARNING - Sensor 4 (28-3cf2f6498873): Device file not found
2026-02-06 03:01:57,522 - WARNING - 2026-02-06 03:01:57 - Invalid readings from sensors: [0, 1, 2, 3] (4/4 failed)
2026-02-06 03:02:57,530 - WARNING - Sensor 0 (28-3c4ef649f11d): Device file not found
2026-02-06 03:02:57,531 - WARNING - Sensor 1 (28-3c68f6499bcd): Device file not found
2026-02-06 03:02:57,531 - WARNING - Sensor 2 (28-3cb9f64947fe): Device file not found
2026-02-06 03:02:57,531 - WARNING - Sensor 3 (28-3cc1f649ac53): Device file not found
2026-02-06 03:02:57,532 - WARNING - Sensor 4 (28-3cf2f6498873): Device file not found
2026-02-06 03:02:57,532 - WARNING - 2026-02-06 03:02:57 - Invalid readings from sensors: [0, 1, 2, 3] (4/4 failed)
2026-02-06 03:03:57,544 - WARNING - Sensor 0 (28-3c4ef649f11d): Device file not found
2026-02-06 03:03:57,545 - WARNING - Sensor 1 (28-3c68f6499bcd): Device file not found
2026-02-06 03:03:57,545 - WARNING - Sensor 2 (28-3cb9f64947fe): Device file not found
2026-02-06 03:03:57,545 - WARNING - Sensor 3 (28-3cc1f649ac53): Device file not found
2026-02-06 03:03:57,545 - WARNING - Sensor 4 (28-3cf2f6498873): Device file not found
2026-02-06 03:03:57,545 - WARNING - 2026-02-06 03:03:57 - Invalid readings from sensors: [0, 1, 2, 3] (4/4 failed)
2026-02-06 03:04:57,567 - WARNING - Sensor 0 (28-3c4ef649f11d): Device file not found
2026-02-06 03:04:57,568 - WARNING - Sensor 1 (28-3c68f6499bcd): Device file not found
2026-02-06 03:04:57,568 - WARNING - Sensor 2 (28-3cb9f64947fe): Device file not found
2026-02-06 03:04:57,568 - WARNING - Sensor 3 (28-3cc1f649ac53): Device file not found
2026-02-06 03:04:57,568 - WARNING - Sensor 4 (28-3cf2f6498873): Device file not found
2026-02-06 03:04:57,568 - WARNING - 2026-02-06 03:04:57 - Invalid readings from sensors: [0, 1, 2, 3] (4/4 failed)
2026-02-06 03:05:57,580 - WARNING - Sensor 0 (28-3c4ef649f11d): Device file not found
2026-02-06 03:05:57,580 - WARNING - Sensor 1 (28-3c68f6499bcd): Device file not found
2026-02-06 03:05:57,580 - WARNING - Sensor 2 (28-3cb9f64947fe): Device file not found
2026-02-06 03:05:57,581 - WARNING - Sensor 3 (28-3cc1f649ac53): Device file not found
2026-02-06 03:05:57,581 - WARNING - Sensor 4 (28-3cf2f6498873): Device file not found
2026-02-06 03:05:57,582 - WARNING - 2026-02-06 03:05:57 - Invalid readings from sensors: [0, 1, 2, 3] (4/4 failed)
2026-02-06 03:06:57,602 - WARNING - Sensor 0 (28-3c4ef649f11d): Device file not found
2026-02-06 03:06:57,602 - WARNING - Sensor 1 (28-3c68f6499bcd): Device file not found
2026-02-06 03:06:57,602 - WARNING - Sensor 2 (28-3cb9f64947fe): Device file not found
2026-02-06 03:06:57,603 - WARNING - Sensor 3 (28-3cc1f649ac53): Device file not found
2026-02-06 03:06:57,603 - WARNING - Sensor 4 (28-3cf2f6498873): Device file not found
2026-02-06 03:06:57,603 - WARNING - 2026-02-06 03:06:57 - Invalid readings from sensors: [0, 1, 2, 3] (4/4 failed)
2026-02-06 03:07:57,608 - WARNING - Sensor 0 (28-3c4ef649f11d): Device file not found
2026-02-06 03:07:57,608 - WARNING - Sensor 1 (28-3c68f6499bcd): Device file not found
2026-02-06 03:07:57,609 - WARNING - Sensor 2 (28-3cb9f64947fe): Device file not found
2026-02-06 03:07:57,609 - WARNING - Sensor 3 (28-3cc1f649ac53): Device file not found
2026-02-06 03:07:57,609 - WARNING - Sensor 4 (28-3cf2f6498873): Device file not found
2026-02-06 03:07:57,610 - WARNING - 2026-02-06 03:07:57 - Invalid readings from sensors: [0, 1, 2, 3] (4/4 failed)
2026-02-06 03:08:57,620 - WARNING - Sensor 0 (28-3c4ef649f11d): Device file not found
2026-02-06 03:08:57,620 - WARNING - Sensor 1 (28-3c68f6499bcd): Device file not found
2026-02-06 03:08:57,621 - WARNING - Sensor 2 (28-3cb9f64947fe): Device file not found
2026-02-06 03:08:57,621 - WARNING - Sensor 3 (28-3cc1f649ac53): Device file not found
2026-02-06 03:08:57,621 - WARNING - Sensor 4 (28-3cf2f6498873): Device file not found
2026-02-06 03:08:57,622 - WARNING - 2026-02-06 03:08:57 - Invalid readings from sensors: [0, 1, 2, 3] (4/4 failed)
2026-02-06 03:09:57,650 - WARNING - Sensor 0 (28-3c4ef649f11d): Device file not found
2026-02-06 03:09:57,651 - WARNING - Sensor 1 (28-3c68f6499bcd): Device file not found
2026-02-06 03:09:57,651 - WARNING - Sensor 2 (28-3cb9f64947fe): Device file not found
2026-02-06 03:09:57,651 - WARNING - Sensor 3 (28-3cc1f649ac53): Device file not found
2026-02-06 03:09:57,652 - WARNING - Sensor 4 (28-3cf2f6498873): Device file not found
2026-02-06 03:09:57,653 - WARNING - 2026-02-06 03:09:57 - Invalid readings from sensors: [0, 1, 2, 3] (4/4 failed)
2026-02-06 03:10:57,672 - WARNING - Sensor 0 (28-3c4ef649f11d): Device file not found
2026-02-06 03:10:57,672 - WARNING - Sensor 1 (28-3c68f6499bcd): Device file not found
2026-02-06 03:10:57,673 - WARNING - Sensor 2 (28-3cb9f64947fe): Device file not found
2026-02-06 03:10:57,673 - WARNING - Sensor 3 (28-3cc1f649ac53): Device file not found
2026-02-06 03:10:57,673 - WARNING - Sensor 4 (28-3cf2f6498873): Device file not found
2026-02-06 03:10:57,674 - WARNING - 2026-02-06 03:10:57 - Invalid readings from sensors: [0, 1, 2, 3] (4/4 failed)
2026-02-06 03:11:57,734 - WARNING - Sensor 0 (28-3c4ef649f11d): Device file not found
2026-02-06 03:11:57,735 - WARNING - Sensor 1 (28-3c68f6499bcd): Device file not found
2026-02-06 03:11:57,735 - WARNING - Sensor 2 (28-3cb9f64947fe): Device file not found
2026-02-06 03:11:57,735 - WARNING - Sensor 3 (28-3cc1f649ac53): Device file not found
2026-02-06 03:11:57,735 - WARNING - Sensor 4 (28-3cf2f6498873): Device file not found
2026-02-06 03:11:57,735 - WARNING - 2026-02-06 03:11:57 - Invalid readings from sensors: [0, 1, 2, 3] (4/4 failed)
2026-02-06 03:12:57,761 - WARNING - Sensor 0 (28-3c4ef649f11d): Device file not found
2026-02-06 03:12:57,761 - WARNING - Sensor 1 (28-3c68f6499bcd): Device file not found
2026-02-06 03:12:57,761 - WARNING - Sensor 2 (28-3cb9f64947fe): Device file not found
2026-02-06 03:12:57,762 - WARNING - Sensor 3 (28-3cc1f649ac53): Device file not found
2026-02-06 03:12:57,762 - WARNING - Sensor 4 (28-3cf2f6498873): Device file not found
2026-02-06 03:12:57,762 - WARNING - 2026-02-06 03:12:57 - Invalid readings from sensors: [0, 1, 2, 3] (4/4 failed)
2026-02-06 03:13:57,778 - WARNING - Sensor 0 (28-3c4ef649f11d): Device file not found
2026-02-06 03:13:57,779 - WARNING - Sensor 1 (28-3c68f6499bcd): Device file not found
2026-02-06 03:13:57,779 - WARNING - Sensor 2 (28-3cb9f64947fe): Device file not found
2026-02-06 03:13:57,780 - WARNING - Sensor 3 (28-3cc1f649ac53): Device file not found
2026-02-06 03:13:57,780 - WARNING - Sensor 4 (28-3cf2f6498873): Device file not found
2026-02-06 03:13:57,781 - WARNING - 2026-02-06 03:13:57 - Invalid readings from sensors: [0, 1, 2, 3] (4/4 failed)
2026-02-06 03:14:57,841 - WARNING - Sensor 0 (28-3c4ef649f11d): Device file not found
2026-02-06 03:14:57,842 - WARNING - Sensor 1 (28-3c68f6499bcd): Device file not found
2026-02-06 03:14:57,842 - WARNING - Sensor 2 (28-3cb9f64947fe): Device file not found
2026-02-06 03:14:57,843 - WARNING - Sensor 3 (28-3cc1f649ac53): Device file not found
2026-02-06 03:14:57,843 - WARNING - Sensor 4 (28-3cf2f6498873): Device file not found
2026-02-06 03:14:57,844 - WARNING - 2026-02-06 03:14:57 - Invalid readings from sensors: [0, 1, 2, 3] (4/4 failed)
2026-02-06 03:15:57,905 - WARNING - Sensor 0 (28-3c4ef649f11d): Device file not found
2026-02-06 03:15:57,905 - WARNING - Sensor 1 (28-3c68f6499bcd): Device file not found
2026-02-06 03:15:57,906 - WARNING - Sensor 2 (28-3cb9f64947fe): Device file not found
2026-02-06 03:15:57,906 - WARNING - Sensor 3 (28-3cc1f649ac53): Device file not found
2026-02-06 03:15:57,906 - WARNING - Sensor 4 (28-3cf2f6498873): Device file not found
2026-02-06 03:15:57,907 - WARNING - 2026-02-06 03:15:57 - Invalid readings from sensors: [0, 1, 2, 3] (4/4 failed)
2026-02-06 03:16:57,968 - WARNING - Sensor 0 (28-3c4ef649f11d): Device file not found
2026-02-06 03:16:57,968 - WARNING - Sensor 1 (28-3c68f6499bcd): Device file not found
2026-02-06 03:16:57,969 - WARNING - Sensor 2 (28-3cb9f64947fe): Device file not found
2026-02-06 03:16:57,969 - WARNING - Sensor 3 (28-3cc1f649ac53): Device file not found
2026-02-06 03:16:57,969 - WARNING - Sensor 4 (28-3cf2f6498873): Device file not found
2026-02-06 03:16:57,970 - WARNING - 2026-02-06 03:16:57 - Invalid readings from sensors: [0, 1, 2, 3] (4/4 failed)
2026-02-06 03:17:58,031 - WARNING - Sensor 0 (28-3c4ef649f11d): Device file not found
2026-02-06 03:17:58,031 - WARNING - Sensor 1 (28-3c68f6499bcd): Device file not found
2026-02-06 03:17:58,032 - WARNING - Sensor 2 (28-3cb9f64947fe): Device file not found
2026-02-06 03:17:58,032 - WARNING - Sensor 3 (28-3cc1f649ac53): Device file not found
2026-02-06 03:17:58,032 - WARNING - Sensor 4 (28-3cf2f6498873): Device file not found
2026-02-06 03:17:58,033 - WARNING - 2026-02-06 03:17:58 - Invalid readings from sensors: [0, 1, 2, 3] (4/4 failed)
2026-02-06 03:18:58,093 - WARNING - Sensor 0 (28-3c4ef649f11d): Device file not found
2026-02-06 03:18:58,094 - WARNING - Sensor 1 (28-3c68f6499bcd): Device file not found
2026-02-06 03:18:58,094 - WARNING - Sensor 2 (28-3cb9f64947fe): Device file not found
2026-02-06 03:18:58,094 - WARNING - Sensor 3 (28-3cc1f649ac53): Device file not found
2026-02-06 03:18:58,094 - WARNING - Sensor 4 (28-3cf2f6498873): Device file not found
2026-02-06 03:18:58,094 - WARNING - 2026-02-06 03:18:58 - Invalid readings from sensors: [0, 1, 2, 3] (4/4 failed)
2026-02-06 03:19:58,099 - WARNING - Sensor 0 (28-3c4ef649f11d): Device file not found
2026-02-06 03:19:58,100 - WARNING - Sensor 1 (28-3c68f6499bcd): Device file not found
2026-02-06 03:19:58,100 - WARNING - Sensor 2 (28-3cb9f64947fe): Device file not found
2026-02-06 03:19:58,100 - WARNING - Sensor 3 (28-3cc1f649ac53): Device file not found
2026-02-06 03:19:58,100 - WARNING - Sensor 4 (28-3cf2f6498873): Device file not found
2026-02-06 03:19:58,100 - WARNING - 2026-02-06 03:19:58 - Invalid readings from sensors: [0, 1, 2, 3] (4/4 failed)
2026-02-06 03:20:58,161 - WARNING - Sensor 0 (28-3c4ef649f11d): Device file not found
2026-02-06 03:20:58,161 - WARNING - Sensor 1 (28-3c68f6499bcd): Device file not found
2026-02-06 03:20:58,161 - WARNING - Sensor 2 (28-3cb9f64947fe): Device file not found
2026-02-06 03:20:58,161 - WARNING - Sensor 3 (28-3cc1f649ac53): Device file not found
2026-02-06 03:20:58,161 - WARNING - Sensor 4 (28-3cf2f6498873): Device file not found
2026-02-06 03:20:58,162 - WARNING - 2026-02-06 03:20:58 - Invalid readings from sensors: [0, 1, 2, 3] (4/4 failed)
2026-02-06 03:21:58,220 - WARNING - Sensor 0 (28-3c4ef649f11d): Device file not found
2026-02-06 03:21:58,220 - WARNING - Sensor 1 (28-3c68f6499bcd): Device file not found
2026-02-06 03:21:58,220 - WARNING - Sensor 2 (28-3cb9f64947fe): Device file not found
2026-02-06 03:21:58,220 - WARNING - Sensor 3 (28-3cc1f649ac53): Device file not found
2026-02-06 03:21:58,220 - WARNING - Sensor 4 (28-3cf2f6498873): Device file not found
2026-02-06 03:21:58,221 - WARNING - 2026-02-06 03:21:58 - Invalid readings from sensors: [0, 1, 2, 3] (4/4 failed)
2026-02-06 03:22:58,282 - WARNING - Sensor 0 (28-3c4ef649f11d): Device file not found
2026-02-06 03:22:58,282 - WARNING - Sensor 1 (28-3c68f6499bcd): Device file not found
2026-02-06 03:22:58,283 - WARNING - Sensor 2 (28-3cb9f64947fe): Device file not found
2026-02-06 03:22:58,283 - WARNING - Sensor 3 (28-3cc1f649ac53): Device file not found
2026-02-06 03:22:58,283 - WARNING - Sensor 4 (28-3cf2f6498873): Device file not found
2026-02-06 03:22:58,284 - WARNING - 2026-02-06 03:22:58 - Invalid readings from sensors: [0, 1, 2, 3] (4/4 failed)
2026-02-06 03:23:58,336 - WARNING - Sensor 0 (28-3c4ef649f11d): Device file not found
2026-02-06 03:23:58,337 - WARNING - Sensor 1 (28-3c68f6499bcd): Device file not found
2026-02-06 03:23:58,337 - WARNING - Sensor 2 (28-3cb9f64947fe): Device file not found
2026-02-06 03:23:58,337 - WARNING - Sensor 3 (28-3cc1f649ac53): Device file not found
2026-02-06 03:23:58,338 - WARNING - Sensor 4 (28-3cf2f6498873): Device file not found
2026-02-06 03:23:58,338 - WARNING - 2026-02-06 03:23:58 - Invalid readings from sensors: [0, 1, 2, 3] (4/4 failed)
2026-02-06 03:24:58,344 - WARNING - Sensor 0 (28-3c4ef649f11d): Device file not found
2026-02-06 03:24:58,344 - WARNING - Sensor 1 (28-3c68f6499bcd): Device file not found
2026-02-06 03:24:58,345 - WARNING - Sensor 2 (28-3cb9f64947fe): Device file not found
2026-02-06 03:24:58,345 - WARNING - Sensor 3 (28-3cc1f649ac53): Device file not found
2026-02-06 03:24:58,345 - WARNING - Sensor 4 (28-3cf2f6498873): Device file not found
2026-02-06 03:24:58,346 - WARNING - 2026-02-06 03:24:58 - Invalid readings from sensors: [0, 1, 2, 3] (4/4 failed)
2026-02-06 03:25:58,356 - WARNING - Sensor 0 (28-3c4ef649f11d): Device file not found
2026-02-06 03:25:58,356 - WARNING - Sensor 1 (28-3c68f6499bcd): Device file not found
2026-02-06 03:25:58,356 - WARNING - Sensor 2 (28-3cb9f64947fe): Device file not found
2026-02-06 03:25:58,356 - WARNING - Sensor 3 (28-3cc1f649ac53): Device file not found
2026-02-06 03:25:58,356 - WARNING - Sensor 4 (28-3cf2f6498873): Device file not found
2026-02-06 03:25:58,357 - WARNING - 2026-02-06 03:25:58 - Invalid readings from sensors: [0, 1, 2, 3] (4/4 failed)
2026-02-06 03:26:58,417 - WARNING - Sensor 0 (28-3c4ef649f11d): Device file not found
2026-02-06 03:26:58,418 - WARNING - Sensor 1 (28-3c68f6499bcd): Device file not found
2026-02-06 03:26:58,418 - WARNING - Sensor 2 (28-3cb9f64947fe): Device file not found
2026-02-06 03:26:58,418 - WARNING - Sensor 3 (28-3cc1f649ac53): Device file not found
2026-02-06 03:26:58,418 - WARNING - Sensor 4 (28-3cf2f6498873): Device file not found
2026-02-06 03:26:58,418 - WARNING - 2026-02-06 03:26:58 - Invalid readings from sensors: [0, 1, 2, 3] (4/4 failed)
2026-02-06 03:27:58,479 - WARNING - Sensor 0 (28-3c4ef649f11d): Device file not found
2026-02-06 03:27:58,479 - WARNING - Sensor 1 (28-3c68f6499bcd): Device file not found
2026-02-06 03:27:58,479 - WARNING - Sensor 2 (28-3cb9f64947fe): Device file not found
2026-02-06 03:27:58,479 - WARNING - Sensor 3 (28-3cc1f649ac53): Device file not found
2026-02-06 03:27:58,479 - WARNING - Sensor 4 (28-3cf2f6498873): Device file not found
2026-02-06 03:27:58,480 - WARNING - 2026-02-06 03:27:58 - Invalid readings from sensors: [0, 1, 2, 3] (4/4 failed)
2026-02-06 03:28:58,485 - WARNING - Sensor 0 (28-3c4ef649f11d): Device file not found
2026-02-06 03:28:58,485 - WARNING - Sensor 1 (28-3c68f6499bcd): Device file not found
2026-02-06 03:28:58,485 - WARNING - Sensor 2 (28-3cb9f64947fe): Device file not found
2026-02-06 03:28:58,485 - WARNING - Sensor 3 (28-3cc1f649ac53): Device file not found
2026-02-06 03:28:58,486 - WARNING - Sensor 4 (28-3cf2f6498873): Device file not found
2026-02-06 03:28:58,486 - WARNING - 2026-02-06 03:28:58 - Invalid readings from sensors: [0, 1, 2, 3] (4/4 failed)
2026-02-06 03:29:58,546 - WARNING - Sensor 0 (28-3c4ef649f11d): Device file not found
2026-02-06 03:29:58,547 - WARNING - Sensor 1 (28-3c68f6499bcd): Device file not found
2026-02-06 03:29:58,547 - WARNING - Sensor 2 (28-3cb9f64947fe): Device file not found
2026-02-06 03:29:58,548 - WARNING - Sensor 3 (28-3cc1f649ac53): Device file not found
2026-02-06 03:29:58,548 - WARNING - Sensor 4 (28-3cf2f6498873): Device file not found
2026-02-06 03:29:58,549 - WARNING - 2026-02-06 03:29:58 - Invalid readings from sensors: [0, 1, 2, 3] (4/4 failed)
2026-02-06 03:30:58,600 - WARNING - Sensor 0 (28-3c4ef649f11d): Device file not found
2026-02-06 03:30:58,600 - WARNING - Sensor 1 (28-3c68f6499bcd): Device file not found
2026-02-06 03:30:58,601 - WARNING - Sensor 2 (28-3cb9f64947fe): Device file not found
2026-02-06 03:30:58,601 - WARNING - Sensor 3 (28-3cc1f649ac53): Device file not found
2026-02-06 03:30:58,601 - WARNING - Sensor 4 (28-3cf2f6498873): Device file not found
2026-02-06 03:30:58,602 - WARNING - 2026-02-06 03:30:58 - Invalid readings from sensors: [0, 1, 2, 3] (4/4 failed)
2026-02-06 03:31:58,632 - WARNING - Sensor 0 (28-3c4ef649f11d): Device file not found
2026-02-06 03:31:58,632 - WARNING - Sensor 1 (28-3c68f6499bcd): Device file not found
2026-02-06 03:31:58,632 - WARNING - Sensor 2 (28-3cb9f64947fe): Device file not found
2026-02-06 03:31:58,633 - WARNING - Sensor 3 (28-3cc1f649ac53): Device file not found
2026-02-06 03:31:58,633 - WARNING - Sensor 4 (28-3cf2f6498873): Device file not found
2026-02-06 03:31:58,634 - WARNING - 2026-02-06 03:31:58 - Invalid readings from sensors: [0, 1, 2, 3] (4/4 failed)
2026-02-06 03:32:58,664 - WARNING - Sensor 0 (28-3c4ef649f11d): Device file not found
2026-02-06 03:32:58,664 - WARNING - Sensor 1 (28-3c68f6499bcd): Device file not found
2026-02-06 03:32:58,665 - WARNING - Sensor 2 (28-3cb9f64947fe): Device file not found
2026-02-06 03:32:58,665 - WARNING - Sensor 3 (28-3cc1f649ac53): Device file not found
2026-02-06 03:32:58,665 - WARNING - Sensor 4 (28-3cf2f6498873): Device file not found
2026-02-06 03:32:58,666 - WARNING - 2026-02-06 03:32:58 - Invalid readings from sensors: [0, 1, 2, 3] (4/4 failed)
2026-02-06 03:33:58,695 - WARNING - Sensor 0 (28-3c4ef649f11d): Device file not found
2026-02-06 03:33:58,696 - WARNING - Sensor 1 (28-3c68f6499bcd): Device file not found
2026-02-06 03:33:58,696 - WARNING - Sensor 2 (28-3cb9f64947fe): Device file not found
2026-02-06 03:33:58,696 - WARNING - Sensor 3 (28-3cc1f649ac53): Device file not found
2026-02-06 03:33:58,696 - WARNING - Sensor 4 (28-3cf2f6498873): Device file not found
2026-02-06 03:33:58,696 - WARNING - 2026-02-06 03:33:58 - Invalid readings from sensors: [0, 1, 2, 3] (4/4 failed)
2026-02-06 03:34:58,715 - WARNING - Sensor 0 (28-3c4ef649f11d): Device file not found
2026-02-06 03:34:58,716 - WARNING - Sensor 1 (28-3c68f6499bcd): Device file not found
2026-02-06 03:34:58,716 - WARNING - Sensor 2 (28-3cb9f64947fe): Device file not found
2026-02-06 03:34:58,716 - WARNING - Sensor 3 (28-3cc1f649ac53): Device file not found
2026-02-06 03:34:58,716 - WARNING - Sensor 4 (28-3cf2f6498873): Device file not found
2026-02-06 03:34:58,716 - WARNING - 2026-02-06 03:34:58 - Invalid readings from sensors: [0, 1, 2, 3] (4/4 failed)
2026-02-06 03:35:58,723 - WARNING - Sensor 0 (28-3c4ef649f11d): Device file not found
2026-02-06 03:35:58,724 - WARNING - Sensor 1 (28-3c68f6499bcd): Device file not found
2026-02-06 03:35:58,724 - WARNING - Sensor 2 (28-3cb9f64947fe): Device file not found
2026-02-06 03:35:58,724 - WARNING - Sensor 3 (28-3cc1f649ac53): Device file not found
2026-02-06 03:35:58,724 - WARNING - Sensor 4 (28-3cf2f6498873): Device file not found
2026-02-06 03:35:58,724 - WARNING - 2026-02-06 03:35:58 - Invalid readings from sensors: [0, 1, 2, 3] (4/4 failed)
2026-02-06 03:36:58,785 - WARNING - Sensor 0 (28-3c4ef649f11d): Device file not found
2026-02-06 03:36:58,785 - WARNING - Sensor 1 (28-3c68f6499bcd): Device file not found
2026-02-06 03:36:58,785 - WARNING - Sensor 2 (28-3cb9f64947fe): Device file not found
2026-02-06 03:36:58,786 - WARNING - Sensor 3 (28-3cc1f649ac53): Device file not found
2026-02-06 03:36:58,786 - WARNING - Sensor 4 (28-3cf2f6498873): Device file not found
2026-02-06 03:36:58,787 - WARNING - 2026-02-06 03:36:58 - Invalid readings from sensors: [0, 1, 2, 3] (4/4 failed)
2026-02-06 03:37:58,802 - WARNING - Sensor 0 (28-3c4ef649f11d): Device file not found
2026-02-06 03:37:58,803 - WARNING - Sensor 1 (28-3c68f6499bcd): Device file not found
2026-02-06 03:37:58,803 - WARNING - Sensor 2 (28-3cb9f64947fe): Device file not found
2026-02-06 03:37:58,804 - WARNING - Sensor 3 (28-3cc1f649ac53): Device file not found
2026-02-06 03:37:58,804 - WARNING - Sensor 4 (28-3cf2f6498873): Device file not found
2026-02-06 03:37:58,805 - WARNING - 2026-02-06 03:37:58 - Invalid readings from sensors: [0, 1, 2, 3] (4/4 failed)
2026-02-06 03:38:58,865 - WARNING - Sensor 0 (28-3c4ef649f11d): Device file not found
2026-02-06 03:38:58,866 - WARNING - Sensor 1 (28-3c68f6499bcd): Device file not found
2026-02-06 03:38:58,866 - WARNING - Sensor 2 (28-3cb9f64947fe): Device file not found
2026-02-06 03:38:58,867 - WARNING - Sensor 3 (28-3cc1f649ac53): Device file not found
2026-02-06 03:38:58,867 - WARNING - Sensor 4 (28-3cf2f6498873): Device file not found
2026-02-06 03:38:58,868 - WARNING - 2026-02-06 03:38:58 - Invalid readings from sensors: [0, 1, 2, 3] (4/4 failed)
2026-02-06 03:39:58,928 - WARNING - Sensor 0 (28-3c4ef649f11d): Device file not found
2026-02-06 03:39:58,929 - WARNING - Sensor 1 (28-3c68f6499bcd): Device file not found
2026-02-06 03:39:58,929 - WARNING - Sensor 2 (28-3cb9f64947fe): Device file not found
2026-02-06 03:39:58,930 - WARNING - Sensor 3 (28-3cc1f649ac53): Device file not found
2026-02-06 03:39:58,930 - WARNING - Sensor 4 (28-3cf2f6498873): Device file not found
2026-02-06 03:39:58,931 - WARNING - 2026-02-06 03:39:58 - Invalid readings from sensors: [0, 1, 2, 3] (4/4 failed)
2026-02-06 03:40:58,991 - WARNING - Sensor 0 (28-3c4ef649f11d): Device file not found
2026-02-06 03:40:58,992 - WARNING - Sensor 1 (28-3c68f6499bcd): Device file not found
2026-02-06 03:40:58,992 - WARNING - Sensor 2 (28-3cb9f64947fe): Device file not found
2026-02-06 03:40:58,992 - WARNING - Sensor 3 (28-3cc1f649ac53): Device file not found
2026-02-06 03:40:58,992 - WARNING - Sensor 4 (28-3cf2f6498873): Device file not found
2026-02-06 03:40:58,992 - WARNING - 2026-02-06 03:40:58 - Invalid readings from sensors: [0, 1, 2, 3] (4/4 failed)
2026-02-06 03:41:59,053 - WARNING - Sensor 0 (28-3c4ef649f11d): Device file not found
2026-02-06 03:41:59,053 - WARNING - Sensor 1 (28-3c68f6499bcd): Device file not found
2026-02-06 03:41:59,053 - WARNING - Sensor 2 (28-3cb9f64947fe): Device file not found
2026-02-06 03:41:59,053 - WARNING - Sensor 3 (28-3cc1f649ac53): Device file not found
2026-02-06 03:41:59,053 - WARNING - Sensor 4 (28-3cf2f6498873): Device file not found
2026-02-06 03:41:59,054 - WARNING - 2026-02-06 03:41:59 - Invalid readings from sensors: [0, 1, 2, 3] (4/4 failed)
2026-02-06 03:42:59,114 - WARNING - Sensor 0 (28-3c4ef649f11d): Device file not found
2026-02-06 03:42:59,114 - WARNING - Sensor 1 (28-3c68f6499bcd): Device file not found
2026-02-06 03:42:59,114 - WARNING - Sensor 2 (28-3cb9f64947fe): Device file not found
2026-02-06 03:42:59,114 - WARNING - Sensor 3 (28-3cc1f649ac53): Device file not found
2026-02-06 03:42:59,114 - WARNING - Sensor 4 (28-3cf2f6498873): Device file not found
2026-02-06 03:42:59,115 - WARNING - 2026-02-06 03:42:59 - Invalid readings from sensors: [0, 1, 2, 3] (4/4 failed)
2026-02-06 03:43:59,115 - WARNING - Sensor 0 (28-3c4ef649f11d): Device file not found
2026-02-06 03:43:59,116 - WARNING - Sensor 1 (28-3c68f6499bcd): Device file not found
2026-02-06 03:43:59,116 - WARNING - Sensor 2 (28-3cb9f64947fe): Device file not found
2026-02-06 03:43:59,116 - WARNING - Sensor 3 (28-3cc1f649ac53): Device file not found
2026-02-06 03:43:59,116 - WARNING - Sensor 4 (28-3cf2f6498873): Device file not found
2026-02-06 03:43:59,116 - WARNING - 2026-02-06 03:43:59 - Invalid readings from sensors: [0, 1, 2, 3] (4/4 failed)
2026-02-06 03:44:59,176 - WARNING - Sensor 0 (28-3c4ef649f11d): Device file not found
2026-02-06 03:44:59,176 - WARNING - Sensor 1 (28-3c68f6499bcd): Device file not found
2026-02-06 03:44:59,177 - WARNING - Sensor 2 (28-3cb9f64947fe): Device file not found
2026-02-06 03:44:59,177 - WARNING - Sensor 3 (28-3cc1f649ac53): Device file not found
2026-02-06 03:44:59,177 - WARNING - Sensor 4 (28-3cf2f6498873): Device file not found
2026-02-06 03:44:59,178 - WARNING - 2026-02-06 03:44:59 - Invalid readings from sensors: [0, 1, 2, 3] (4/4 failed)
2026-02-06 03:45:59,239 - WARNING - Sensor 0 (28-3c4ef649f11d): Device file not found
2026-02-06 03:45:59,239 - WARNING - Sensor 1 (28-3c68f6499bcd): Device file not found
2026-02-06 03:45:59,240 - WARNING - Sensor 2 (28-3cb9f64947fe): Device file not found
2026-02-06 03:45:59,240 - WARNING - Sensor 3 (28-3cc1f649ac53): Device file not found
2026-02-06 03:45:59,240 - WARNING - Sensor 4 (28-3cf2f6498873): Device file not found
2026-02-06 03:45:59,241 - WARNING - 2026-02-06 03:45:59 - Invalid readings from sensors: [0, 1, 2, 3] (4/4 failed)
2026-02-06 03:46:59,302 - WARNING - Sensor 0 (28-3c4ef649f11d): Device file not found
2026-02-06 03:46:59,302 - WARNING - Sensor 1 (28-3c68f6499bcd): Device file not found
2026-02-06 03:46:59,303 - WARNING - Sensor 2 (28-3cb9f64947fe): Device file not found
2026-02-06 03:46:59,303 - WARNING - Sensor 3 (28-3cc1f649ac53): Device file not found
2026-02-06 03:46:59,303 - WARNING - Sensor 4 (28-3cf2f6498873): Device file not found
2026-02-06 03:46:59,304 - WARNING - 2026-02-06 03:46:59 - Invalid readings from sensors: [0, 1, 2, 3] (4/4 failed)
2026-02-06 03:47:59,365 - WARNING - Sensor 0 (28-3c4ef649f11d): Device file not found
2026-02-06 03:47:59,365 - WARNING - Sensor 1 (28-3c68f6499bcd): Device file not found
2026-02-06 03:47:59,365 - WARNING - Sensor 2 (28-3cb9f64947fe): Device file not found
2026-02-06 03:47:59,365 - WARNING - Sensor 3 (28-3cc1f649ac53): Device file not found
2026-02-06 03:47:59,365 - WARNING - Sensor 4 (28-3cf2f6498873): Device file not found
2026-02-06 03:47:59,366 - WARNING - 2026-02-06 03:47:59 - Invalid readings from sensors: [0, 1, 2, 3] (4/4 failed)
2026-02-06 03:48:59,426 - WARNING - Sensor 0 (28-3c4ef649f11d): Device file not found
2026-02-06 03:48:59,427 - WARNING - Sensor 1 (28-3c68f6499bcd): Device file not found
2026-02-06 03:48:59,427 - WARNING - Sensor 2 (28-3cb9f64947fe): Device file not found
2026-02-06 03:48:59,428 - WARNING - Sensor 3 (28-3cc1f649ac53): Device file not found
2026-02-06 03:48:59,428 - WARNING - Sensor 4 (28-3cf2f6498873): Device file not found
2026-02-06 03:48:59,429 - WARNING - 2026-02-06 03:48:59 - Invalid readings from sensors: [0, 1, 2, 3] (4/4 failed)
2026-02-06 03:49:59,489 - WARNING - Sensor 0 (28-3c4ef649f11d): Device file not found
2026-02-06 03:49:59,490 - WARNING - Sensor 1 (28-3c68f6499bcd): Device file not found
2026-02-06 03:49:59,490 - WARNING - Sensor 2 (28-3cb9f64947fe): Device file not found
2026-02-06 03:49:59,491 - WARNING - Sensor 3 (28-3cc1f649ac53): Device file not found
2026-02-06 03:49:59,491 - WARNING - Sensor 4 (28-3cf2f6498873): Device file not found
2026-02-06 03:49:59,492 - WARNING - 2026-02-06 03:49:59 - Invalid readings from sensors: [0, 1, 2, 3] (4/4 failed)
2026-02-06 03:50:59,504 - WARNING - Sensor 0 (28-3c4ef649f11d): Device file not found
2026-02-06 03:50:59,504 - WARNING - Sensor 1 (28-3c68f6499bcd): Device file not found
2026-02-06 03:50:59,505 - WARNING - Sensor 2 (28-3cb9f64947fe): Device file not found
2026-02-06 03:50:59,505 - WARNING - Sensor 3 (28-3cc1f649ac53): Device file not found
2026-02-06 03:50:59,505 - WARNING - Sensor 4 (28-3cf2f6498873): Device file not found
2026-02-06 03:50:59,506 - WARNING - 2026-02-06 03:50:59 - Invalid readings from sensors: [0, 1, 2, 3] (4/4 failed)
2026-02-06 03:51:59,567 - WARNING - Sensor 0 (28-3c4ef649f11d): Device file not found
2026-02-06 03:51:59,567 - WARNING - Sensor 1 (28-3c68f6499bcd): Device file not found
2026-02-06 03:51:59,568 - WARNING - Sensor 2 (28-3cb9f64947fe): Device file not found
2026-02-06 03:51:59,568 - WARNING - Sensor 3 (28-3cc1f649ac53): Device file not found
2026-02-06 03:51:59,568 - WARNING - Sensor 4 (28-3cf2f6498873): Device file not found
2026-02-06 03:51:59,569 - WARNING - 2026-02-06 03:51:59 - Invalid readings from sensors: [0, 1, 2, 3] (4/4 failed)
2026-02-06 03:52:59,630 - WARNING - Sensor 0 (28-3c4ef649f11d): Device file not found
2026-02-06 03:52:59,630 - WARNING - Sensor 1 (28-3c68f6499bcd): Device file not found
2026-02-06 03:52:59,631 - WARNING - Sensor 2 (28-3cb9f64947fe): Device file not found
2026-02-06 03:52:59,631 - WARNING - Sensor 3 (28-3cc1f649ac53): Device file not found
2026-02-06 03:52:59,632 - WARNING - Sensor 4 (28-3cf2f6498873): Device file not found
2026-02-06 03:52:59,632 - WARNING - 2026-02-06 03:52:59 - Invalid readings from sensors: [0, 1, 2, 3] (4/4 failed)
2026-02-06 03:53:59,693 - WARNING - Sensor 0 (28-3c4ef649f11d): Device file not found
2026-02-06 03:53:59,694 - WARNING - Sensor 1 (28-3c68f6499bcd): Device file not found
2026-02-06 03:53:59,694 - WARNING - Sensor 2 (28-3cb9f64947fe): Device file not found
2026-02-06 03:53:59,694 - WARNING - Sensor 3 (28-3cc1f649ac53): Device file not found
2026-02-06 03:53:59,695 - WARNING - Sensor 4 (28-3cf2f6498873): Device file not found
2026-02-06 03:53:59,695 - WARNING - 2026-02-06 03:53:59 - Invalid readings from sensors: [0, 1, 2, 3] (4/4 failed)
2026-02-06 03:54:59,736 - WARNING - Sensor 0 (28-3c4ef649f11d): Device file not found
2026-02-06 03:54:59,736 - WARNING - Sensor 1 (28-3c68f6499bcd): Device file not found
2026-02-06 03:54:59,737 - WARNING - Sensor 2 (28-3cb9f64947fe): Device file not found
2026-02-06 03:54:59,737 - WARNING - Sensor 3 (28-3cc1f649ac53): Device file not found
2026-02-06 03:54:59,737 - WARNING - Sensor 4 (28-3cf2f6498873): Device file not found
2026-02-06 03:54:59,738 - WARNING - 2026-02-06 03:54:59 - Invalid readings from sensors: [0, 1, 2, 3] (4/4 failed)
2026-02-06 03:55:59,791 - WARNING - Sensor 0 (28-3c4ef649f11d): Device file not found
2026-02-06 03:55:59,792 - WARNING - Sensor 1 (28-3c68f6499bcd): Device file not found
2026-02-06 03:55:59,792 - WARNING - Sensor 2 (28-3cb9f64947fe): Device file not found
2026-02-06 03:55:59,792 - WARNING - Sensor 3 (28-3cc1f649ac53): Device file not found
2026-02-06 03:55:59,792 - WARNING - Sensor 4 (28-3cf2f6498873): Device file not found
2026-02-06 03:55:59,792 - WARNING - 2026-02-06 03:55:59 - Invalid readings from sensors: [0, 1, 2, 3] (4/4 failed)
2026-02-06 03:56:59,815 - WARNING - Sensor 0 (28-3c4ef649f11d): Device file not found
2026-02-06 03:56:59,815 - WARNING - Sensor 1 (28-3c68f6499bcd): Device file not found
2026-02-06 03:56:59,815 - WARNING - Sensor 2 (28-3cb9f64947fe): Device file not found
2026-02-06 03:56:59,815 - WARNING - Sensor 3 (28-3cc1f649ac53): Device file not found
2026-02-06 03:56:59,816 - WARNING - Sensor 4 (28-3cf2f6498873): Device file not found
2026-02-06 03:56:59,816 - WARNING - 2026-02-06 03:56:59 - Invalid readings from sensors: [0, 1, 2, 3] (4/4 failed)
2026-02-06 03:57:59,847 - WARNING - Sensor 0 (28-3c4ef649f11d): Device file not found
2026-02-06 03:57:59,848 - WARNING - Sensor 1 (28-3c68f6499bcd): Device file not found
2026-02-06 03:57:59,848 - WARNING - Sensor 2 (28-3cb9f64947fe): Device file not found
2026-02-06 03:57:59,848 - WARNING - Sensor 3 (28-3cc1f649ac53): Device file not found
2026-02-06 03:57:59,848 - WARNING - Sensor 4 (28-3cf2f6498873): Device file not found
2026-02-06 03:57:59,848 - WARNING - 2026-02-06 03:57:59 - Invalid readings from sensors: [0, 1, 2, 3] (4/4 failed)
2026-02-06 03:58:59,880 - WARNING - Sensor 0 (28-3c4ef649f11d): Device file not found
2026-02-06 03:58:59,880 - WARNING - Sensor 1 (28-3c68f6499bcd): Device file not found
2026-02-06 03:58:59,881 - WARNING - Sensor 2 (28-3cb9f64947fe): Device file not found
2026-02-06 03:58:59,881 - WARNING - Sensor 3 (28-3cc1f649ac53): Device file not found
2026-02-06 03:58:59,881 - WARNING - Sensor 4 (28-3cf2f6498873): Device file not found
2026-02-06 03:58:59,882 - WARNING - 2026-02-06 03:58:59 - Invalid readings from sensors: [0, 1, 2, 3] (4/4 failed)
2026-02-06 03:59:59,917 - WARNING - Sensor 0 (28-3c4ef649f11d): Device file not found
2026-02-06 03:59:59,918 - WARNING - Sensor 1 (28-3c68f6499bcd): Device file not found
2026-02-06 03:59:59,918 - WARNING - Sensor 2 (28-3cb9f64947fe): Device file not found
2026-02-06 03:59:59,919 - WARNING - Sensor 3 (28-3cc1f649ac53): Device file not found
2026-02-06 03:59:59,919 - WARNING - Sensor 4 (28-3cf2f6498873): Device file not found
2026-02-06 03:59:59,920 - WARNING - 2026-02-06 03:59:59 - Invalid readings from sensors: [0, 1, 2, 3] (4/4 failed)
2026-02-06 04:00:59,924 - WARNING - Sensor 0 (28-3c4ef649f11d): Device file not found
2026-02-06 04:00:59,924 - WARNING - Sensor 1 (28-3c68f6499bcd): Device file not found
2026-02-06 04:00:59,925 - WARNING - Sensor 2 (28-3cb9f64947fe): Device file not found
2026-02-06 04:00:59,925 - WARNING - Sensor 3 (28-3cc1f649ac53): Device file not found
2026-02-06 04:00:59,925 - WARNING - Sensor 4 (28-3cf2f6498873): Device file not found
2026-02-06 04:00:59,926 - WARNING - 2026-02-06 04:00:59 - Invalid readings from sensors: [0, 1, 2, 3] (4/4 failed)
2026-02-06 04:01:59,976 - WARNING - Sensor 0 (28-3c4ef649f11d): Device file not found
2026-02-06 04:01:59,976 - WARNING - Sensor 1 (28-3c68f6499bcd): Device file not found
2026-02-06 04:01:59,977 - WARNING - Sensor 2 (28-3cb9f64947fe): Device file not found
2026-02-06 04:01:59,977 - WARNING - Sensor 3 (28-3cc1f649ac53): Device file not found
2026-02-06 04:01:59,977 - WARNING - Sensor 4 (28-3cf2f6498873): Device file not found
2026-02-06 04:01:59,978 - WARNING - 2026-02-06 04:01:59 - Invalid readings from sensors: [0, 1, 2, 3] (4/4 failed)
2026-02-06 04:03:00,038 - WARNING - Sensor 0 (28-3c4ef649f11d): Device file not found
2026-02-06 04:03:00,039 - WARNING - Sensor 1 (28-3c68f6499bcd): Device file not found
2026-02-06 04:03:00,039 - WARNING - Sensor 2 (28-3cb9f64947fe): Device file not found
2026-02-06 04:03:00,039 - WARNING - Sensor 3 (28-3cc1f649ac53): Device file not found
2026-02-06 04:03:00,039 - WARNING - Sensor 4 (28-3cf2f6498873): Device file not found
2026-02-06 04:03:00,039 - WARNING - 2026-02-06 04:03:00 - Invalid readings from sensors: [0, 1, 2, 3] (4/4 failed)
2026-02-06 04:04:00,100 - WARNING - Sensor 0 (28-3c4ef649f11d): Device file not found
2026-02-06 04:04:00,100 - WARNING - Sensor 1 (28-3c68f6499bcd): Device file not found
2026-02-06 04:04:00,100 - WARNING - Sensor 2 (28-3cb9f64947fe): Device file not found
2026-02-06 04:04:00,100 - WARNING - Sensor 3 (28-3cc1f649ac53): Device file not found
2026-02-06 04:04:00,100 - WARNING - Sensor 4 (28-3cf2f6498873): Device file not found
2026-02-06 04:04:00,101 - WARNING - 2026-02-06 04:04:00 - Invalid readings from sensors: [0, 1, 2, 3] (4/4 failed)
2026-02-06 04:05:00,161 - WARNING - Sensor 0 (28-3c4ef649f11d): Device file not found
2026-02-06 04:05:00,161 - WARNING - Sensor 1 (28-3c68f6499bcd): Device file not found
2026-02-06 04:05:00,161 - WARNING - Sensor 2 (28-3cb9f64947fe): Device file not found
2026-02-06 04:05:00,162 - WARNING - Sensor 3 (28-3cc1f649ac53): Device file not found
2026-02-06 04:05:00,162 - WARNING - Sensor 4 (28-3cf2f6498873): Device file not found
2026-02-06 04:05:00,162 - WARNING - 2026-02-06 04:05:00 - Invalid readings from sensors: [0, 1, 2, 3] (4/4 failed)
2026-02-06 04:06:00,222 - WARNING - Sensor 0 (28-3c4ef649f11d): Device file not found
2026-02-06 04:06:00,223 - WARNING - Sensor 1 (28-3c68f6499bcd): Device file not found
2026-02-06 04:06:00,223 - WARNING - Sensor 2 (28-3cb9f64947fe): Device file not found
2026-02-06 04:06:00,223 - WARNING - Sensor 3 (28-3cc1f649ac53): Device file not found
2026-02-06 04:06:00,223 - WARNING - Sensor 4 (28-3cf2f6498873): Device file not found
2026-02-06 04:06:00,223 - WARNING - 2026-02-06 04:06:00 - Invalid readings from sensors: [0, 1, 2, 3] (4/4 failed)
2026-02-06 04:07:00,284 - WARNING - Sensor 0 (28-3c4ef649f11d): Device file not found
2026-02-06 04:07:00,284 - WARNING - Sensor 1 (28-3c68f6499bcd): Device file not found
2026-02-06 04:07:00,285 - WARNING - Sensor 2 (28-3cb9f64947fe): Device file not found
2026-02-06 04:07:00,285 - WARNING - Sensor 3 (28-3cc1f649ac53): Device file not found
2026-02-06 04:07:00,285 - WARNING - Sensor 4 (28-3cf2f6498873): Device file not found
2026-02-06 04:07:00,286 - WARNING - 2026-02-06 04:07:00 - Invalid readings from sensors: [0, 1, 2, 3] (4/4 failed)
2026-02-06 04:08:00,347 - WARNING - Sensor 0 (28-3c4ef649f11d): Device file not found
2026-02-06 04:08:00,347 - WARNING - Sensor 1 (28-3c68f6499bcd): Device file not found
2026-02-06 04:08:00,347 - WARNING - Sensor 2 (28-3cb9f64947fe): Device file not found
2026-02-06 04:08:00,348 - WARNING - Sensor 3 (28-3cc1f649ac53): Device file not found
2026-02-06 04:08:00,348 - WARNING - Sensor 4 (28-3cf2f6498873): Device file not found
2026-02-06 04:08:00,348 - WARNING - 2026-02-06 04:08:00 - Invalid readings from sensors: [0, 1, 2, 3] (4/4 failed)
2026-02-06 04:09:00,409 - WARNING - Sensor 0 (28-3c4ef649f11d): Device file not found
2026-02-06 04:09:00,409 - WARNING - Sensor 1 (28-3c68f6499bcd): Device file not found
2026-02-06 04:09:00,410 - WARNING - Sensor 2 (28-3cb9f64947fe): Device file not found
2026-02-06 04:09:00,410 - WARNING - Sensor 3 (28-3cc1f649ac53): Device file not found
2026-02-06 04:09:00,410 - WARNING - Sensor 4 (28-3cf2f6498873): Device file not found
2026-02-06 04:09:00,411 - WARNING - 2026-02-06 04:09:00 - Invalid readings from sensors: [0, 1, 2, 3] (4/4 failed)
2026-02-06 04:10:00,412 - WARNING - Sensor 0 (28-3c4ef649f11d): Device file not found
2026-02-06 04:10:00,412 - WARNING - Sensor 1 (28-3c68f6499bcd): Device file not found
2026-02-06 04:10:00,412 - WARNING - Sensor 2 (28-3cb9f64947fe): Device file not found
2026-02-06 04:10:00,412 - WARNING - Sensor 3 (28-3cc1f649ac53): Device file not found
2026-02-06 04:10:00,412 - WARNING - Sensor 4 (28-3cf2f6498873): Device file not found
2026-02-06 04:10:00,413 - WARNING - 2026-02-06 04:10:00 - Invalid readings from sensors: [0, 1, 2, 3] (4/4 failed)
2026-02-06 04:11:00,473 - WARNING - Sensor 0 (28-3c4ef649f11d): Device file not found
2026-02-06 04:11:00,473 - WARNING - Sensor 1 (28-3c68f6499bcd): Device file not found
2026-02-06 04:11:00,473 - WARNING - Sensor 2 (28-3cb9f64947fe): Device file not found
2026-02-06 04:11:00,474 - WARNING - Sensor 3 (28-3cc1f649ac53): Device file not found
2026-02-06 04:11:00,474 - WARNING - Sensor 4 (28-3cf2f6498873): Device file not found
2026-02-06 04:11:00,474 - WARNING - 2026-02-06 04:11:00 - Invalid readings from sensors: [0, 1, 2, 3] (4/4 failed)
2026-02-06 04:12:00,488 - WARNING - Sensor 0 (28-3c4ef649f11d): Device file not found
2026-02-06 04:12:00,488 - WARNING - Sensor 1 (28-3c68f6499bcd): Device file not found
2026-02-06 04:12:00,489 - WARNING - Sensor 2 (28-3cb9f64947fe): Device file not found
2026-02-06 04:12:00,489 - WARNING - Sensor 3 (28-3cc1f649ac53): Device file not found
2026-02-06 04:12:00,489 - WARNING - Sensor 4 (28-3cf2f6498873): Device file not found
2026-02-06 04:12:00,490 - WARNING - 2026-02-06 04:12:00 - Invalid readings from sensors: [0, 1, 2, 3] (4/4 failed)
2026-02-06 04:13:00,551 - WARNING - Sensor 0 (28-3c4ef649f11d): Device file not found
2026-02-06 04:13:00,551 - WARNING - Sensor 1 (28-3c68f6499bcd): Device file not found
2026-02-06 04:13:00,552 - WARNING - Sensor 2 (28-3cb9f64947fe): Device file not found
2026-02-06 04:13:00,552 - WARNING - Sensor 3 (28-3cc1f649ac53): Device file not found
2026-02-06 04:13:00,552 - WARNING - Sensor 4 (28-3cf2f6498873): Device file not found
2026-02-06 04:13:00,553 - WARNING - 2026-02-06 04:13:00 - Invalid readings from sensors: [0, 1, 2, 3] (4/4 failed)
2026-02-06 04:14:00,614 - WARNING - Sensor 0 (28-3c4ef649f11d): Device file not found
2026-02-06 04:14:00,614 - WARNING - Sensor 1 (28-3c68f6499bcd): Device file not found
2026-02-06 04:14:00,615 - WARNING - Sensor 2 (28-3cb9f64947fe): Device file not found
2026-02-06 04:14:00,615 - WARNING - Sensor 3 (28-3cc1f649ac53): Device file not found
2026-02-06 04:14:00,616 - WARNING - Sensor 4 (28-3cf2f6498873): Device file not found
2026-02-06 04:14:00,616 - WARNING - 2026-02-06 04:14:00 - Invalid readings from sensors: [0, 1, 2, 3] (4/4 failed)
2026-02-06 04:15:00,641 - WARNING - Sensor 0 (28-3c4ef649f11d): Device file not found
2026-02-06 04:15:00,642 - WARNING - Sensor 1 (28-3c68f6499bcd): Device file not found
2026-02-06 04:15:00,642 - WARNING - Sensor 2 (28-3cb9f64947fe): Device file not found
2026-02-06 04:15:00,642 - WARNING - Sensor 3 (28-3cc1f649ac53): Device file not found
2026-02-06 04:15:00,643 - WARNING - Sensor 4 (28-3cf2f6498873): Device file not found
2026-02-06 04:15:00,644 - WARNING - 2026-02-06 04:15:00 - Invalid readings from sensors: [0, 1, 2, 3] (4/4 failed)
2026-02-06 04:16:00,655 - WARNING - Sensor 0 (28-3c4ef649f11d): Device file not found
2026-02-06 04:16:00,656 - WARNING - Sensor 1 (28-3c68f6499bcd): Device file not found
2026-02-06 04:16:00,656 - WARNING - Sensor 2 (28-3cb9f64947fe): Device file not found
2026-02-06 04:16:00,656 - WARNING - Sensor 3 (28-3cc1f649ac53): Device file not found
2026-02-06 04:16:00,656 - WARNING - Sensor 4 (28-3cf2f6498873): Device file not found
2026-02-06 04:16:00,657 - WARNING - 2026-02-06 04:16:00 - Invalid readings from sensors: [0, 1, 2, 3] (4/4 failed)
2026-02-06 04:17:00,683 - WARNING - Sensor 0 (28-3c4ef649f11d): Device file not found
2026-02-06 04:17:00,684 - WARNING - Sensor 1 (28-3c68f6499bcd): Device file not found
2026-02-06 04:17:00,684 - WARNING - Sensor 2 (28-3cb9f64947fe): Device file not found
2026-02-06 04:17:00,685 - WARNING - Sensor 3 (28-3cc1f649ac53): Device file not found
2026-02-06 04:17:00,685 - WARNING - Sensor 4 (28-3cf2f6498873): Device file not found
2026-02-06 04:17:00,686 - WARNING - 2026-02-06 04:17:00 - Invalid readings from sensors: [0, 1, 2, 3] (4/4 failed)
2026-02-06 04:18:00,720 - WARNING - Sensor 0 (28-3c4ef649f11d): Device file not found
2026-02-06 04:18:00,720 - WARNING - Sensor 1 (28-3c68f6499bcd): Device file not found
2026-02-06 04:18:00,721 - WARNING - Sensor 2 (28-3cb9f64947fe): Device file not found
2026-02-06 04:18:00,721 - WARNING - Sensor 3 (28-3cc1f649ac53): Device file not found
2026-02-06 04:18:00,721 - WARNING - Sensor 4 (28-3cf2f6498873): Device file not found
2026-02-06 04:18:00,721 - WARNING - 2026-02-06 04:18:00 - Invalid readings from sensors: [0, 1, 2, 3] (4/4 failed)
2026-02-06 04:19:00,781 - WARNING - Sensor 0 (28-3c4ef649f11d): Device file not found
2026-02-06 04:19:00,782 - WARNING - Sensor 1 (28-3c68f6499bcd): Device file not found
2026-02-06 04:19:00,782 - WARNING - Sensor 2 (28-3cb9f64947fe): Device file not found
2026-02-06 04:19:00,782 - WARNING - Sensor 3 (28-3cc1f649ac53): Device file not found
2026-02-06 04:19:00,782 - WARNING - Sensor 4 (28-3cf2f6498873): Device file not found
2026-02-06 04:19:00,782 - WARNING - 2026-02-06 04:19:00 - Invalid readings from sensors: [0, 1, 2, 3] (4/4 failed)
2026-02-06 04:20:00,807 - WARNING - Sensor 0 (28-3c4ef649f11d): Device file not found
2026-02-06 04:20:00,808 - WARNING - Sensor 1 (28-3c68f6499bcd): Device file not found
2026-02-06 04:20:00,808 - WARNING - Sensor 2 (28-3cb9f64947fe): Device file not found
2026-02-06 04:20:00,808 - WARNING - Sensor 3 (28-3cc1f649ac53): Device file not found
2026-02-06 04:20:00,808 - WARNING - Sensor 4 (28-3cf2f6498873): Device file not found
2026-02-06 04:20:00,808 - WARNING - 2026-02-06 04:20:00 - Invalid readings from sensors: [0, 1, 2, 3] (4/4 failed)
2026-02-06 04:21:00,869 - WARNING - Sensor 0 (28-3c4ef649f11d): Device file not found
2026-02-06 04:21:00,869 - WARNING - Sensor 1 (28-3c68f6499bcd): Device file not found
2026-02-06 04:21:00,870 - WARNING - Sensor 2 (28-3cb9f64947fe): Device file not found
2026-02-06 04:21:00,870 - WARNING - Sensor 3 (28-3cc1f649ac53): Device file not found
2026-02-06 04:21:00,870 - WARNING - Sensor 4 (28-3cf2f6498873): Device file not found
2026-02-06 04:21:00,871 - WARNING - 2026-02-06 04:21:00 - Invalid readings from sensors: [0, 1, 2, 3] (4/4 failed)
2026-02-06 04:22:00,906 - WARNING - Sensor 0 (28-3c4ef649f11d): Device file not found
2026-02-06 04:22:00,907 - WARNING - Sensor 1 (28-3c68f6499bcd): Device file not found
2026-02-06 04:22:00,908 - WARNING - Sensor 2 (28-3cb9f64947fe): Device file not found
2026-02-06 04:22:00,908 - WARNING - Sensor 3 (28-3cc1f649ac53): Device file not found
2026-02-06 04:22:00,908 - WARNING - Sensor 4 (28-3cf2f6498873): Device file not found
2026-02-06 04:22:00,909 - WARNING - 2026-02-06 04:22:00 - Invalid readings from sensors: [0, 1, 2, 3] (4/4 failed)
2026-02-06 04:23:00,932 - WARNING - Sensor 0 (28-3c4ef649f11d): Device file not found
2026-02-06 04:23:00,932 - WARNING - Sensor 1 (28-3c68f6499bcd): Device file not found
2026-02-06 04:23:00,933 - WARNING - Sensor 2 (28-3cb9f64947fe): Device file not found
2026-02-06 04:23:00,933 - WARNING - Sensor 3 (28-3cc1f649ac53): Device file not found
2026-02-06 04:23:00,933 - WARNING - Sensor 4 (28-3cf2f6498873): Device file not found
2026-02-06 04:23:00,934 - WARNING - 2026-02-06 04:23:00 - Invalid readings from sensors: [0, 1, 2, 3] (4/4 failed)
2026-02-06 04:24:00,979 - WARNING - Sensor 0 (28-3c4ef649f11d): Device file not found
2026-02-06 04:24:00,980 - WARNING - Sensor 1 (28-3c68f6499bcd): Device file not found
2026-02-06 04:24:00,980 - WARNING - Sensor 2 (28-3cb9f64947fe): Device file not found
2026-02-06 04:24:00,980 - WARNING - Sensor 3 (28-3cc1f649ac53): Device file not found
2026-02-06 04:24:00,981 - WARNING - Sensor 4 (28-3cf2f6498873): Device file not found
2026-02-06 04:24:00,981 - WARNING - 2026-02-06 04:24:00 - Invalid readings from sensors: [0, 1, 2, 3] (4/4 failed)
2026-02-06 04:25:01,005 - WARNING - Sensor 0 (28-3c4ef649f11d): Device file not found
2026-02-06 04:25:01,005 - WARNING - Sensor 1 (28-3c68f6499bcd): Device file not found
2026-02-06 04:25:01,006 - WARNING - Sensor 2 (28-3cb9f64947fe): Device file not found
2026-02-06 04:25:01,006 - WARNING - Sensor 3 (28-3cc1f649ac53): Device file not found
2026-02-06 04:25:01,006 - WARNING - Sensor 4 (28-3cf2f6498873): Device file not found
2026-02-06 04:25:01,006 - WARNING - 2026-02-06 04:25:01 - Invalid readings from sensors: [0, 1, 2, 3] (4/4 failed)
2026-02-06 04:26:01,067 - WARNING - Sensor 0 (28-3c4ef649f11d): Device file not found
2026-02-06 04:26:01,067 - WARNING - Sensor 1 (28-3c68f6499bcd): Device file not found
2026-02-06 04:26:01,067 - WARNING - Sensor 2 (28-3cb9f64947fe): Device file not found
2026-02-06 04:26:01,067 - WARNING - Sensor 3 (28-3cc1f649ac53): Device file not found
2026-02-06 04:26:01,067 - WARNING - Sensor 4 (28-3cf2f6498873): Device file not found
2026-02-06 04:26:01,068 - WARNING - 2026-02-06 04:26:01 - Invalid readings from sensors: [0, 1, 2, 3] (4/4 failed)
2026-02-06 04:27:01,115 - WARNING - Sensor 0 (28-3c4ef649f11d): Device file not found
2026-02-06 04:27:01,116 - WARNING - Sensor 1 (28-3c68f6499bcd): Device file not found
2026-02-06 04:27:01,116 - WARNING - Sensor 2 (28-3cb9f64947fe): Device file not found
2026-02-06 04:27:01,116 - WARNING - Sensor 3 (28-3cc1f649ac53): Device file not found
2026-02-06 04:27:01,116 - WARNING - Sensor 4 (28-3cf2f6498873): Device file not found
2026-02-06 04:27:01,116 - WARNING - 2026-02-06 04:27:01 - Invalid readings from sensors: [0, 1, 2, 3] (4/4 failed)
2026-02-06 04:28:01,120 - WARNING - Sensor 0 (28-3c4ef649f11d): Device file not found
2026-02-06 04:28:01,120 - WARNING - Sensor 1 (28-3c68f6499bcd): Device file not found
2026-02-06 04:28:01,120 - WARNING - Sensor 2 (28-3cb9f64947fe): Device file not found
2026-02-06 04:28:01,120 - WARNING - Sensor 3 (28-3cc1f649ac53): Device file not found
2026-02-06 04:28:01,121 - WARNING - Sensor 4 (28-3cf2f6498873): Device file not found
2026-02-06 04:28:01,121 - WARNING - 2026-02-06 04:28:01 - Invalid readings from sensors: [0, 1, 2, 3] (4/4 failed)
2026-02-06 04:29:01,134 - WARNING - Sensor 0 (28-3c4ef649f11d): Device file not found
2026-02-06 04:29:01,134 - WARNING - Sensor 1 (28-3c68f6499bcd): Device file not found
2026-02-06 04:29:01,134 - WARNING - Sensor 2 (28-3cb9f64947fe): Device file not found
2026-02-06 04:29:01,135 - WARNING - Sensor 3 (28-3cc1f649ac53): Device file not found
2026-02-06 04:29:01,135 - WARNING - Sensor 4 (28-3cf2f6498873): Device file not found
2026-02-06 04:29:01,136 - WARNING - 2026-02-06 04:29:01 - Invalid readings from sensors: [0, 1, 2, 3] (4/4 failed)
2026-02-06 04:30:01,196 - WARNING - Sensor 0 (28-3c4ef649f11d): Device file not found
2026-02-06 04:30:01,197 - WARNING - Sensor 1 (28-3c68f6499bcd): Device file not found
2026-02-06 04:30:01,197 - WARNING - Sensor 2 (28-3cb9f64947fe): Device file not found
2026-02-06 04:30:01,198 - WARNING - Sensor 3 (28-3cc1f649ac53): Device file not found
2026-02-06 04:30:01,198 - WARNING - Sensor 4 (28-3cf2f6498873): Device file not found
2026-02-06 04:30:01,199 - WARNING - 2026-02-06 04:30:01 - Invalid readings from sensors: [0, 1, 2, 3] (4/4 failed)
2026-02-06 04:31:01,224 - WARNING - Sensor 0 (28-3c4ef649f11d): Device file not found
2026-02-06 04:31:01,224 - WARNING - Sensor 1 (28-3c68f6499bcd): Device file not found
2026-02-06 04:31:01,224 - WARNING - Sensor 2 (28-3cb9f64947fe): Device file not found
2026-02-06 04:31:01,225 - WARNING - Sensor 3 (28-3cc1f649ac53): Device file not found
2026-02-06 04:31:01,225 - WARNING - Sensor 4 (28-3cf2f6498873): Device file not found
2026-02-06 04:31:01,226 - WARNING - 2026-02-06 04:31:01 - Invalid readings from sensors: [0, 1, 2, 3] (4/4 failed)
2026-02-06 04:32:01,251 - WARNING - Sensor 0 (28-3c4ef649f11d): Device file not found
2026-02-06 04:32:01,252 - WARNING - Sensor 1 (28-3c68f6499bcd): Device file not found
2026-02-06 04:32:01,252 - WARNING - Sensor 2 (28-3cb9f64947fe): Device file not found
2026-02-06 04:32:01,252 - WARNING - Sensor 3 (28-3cc1f649ac53): Device file not found
2026-02-06 04:32:01,252 - WARNING - Sensor 4 (28-3cf2f6498873): Device file not found
2026-02-06 04:32:01,252 - WARNING - 2026-02-06 04:32:01 - Invalid readings from sensors: [0, 1, 2, 3] (4/4 failed)
2026-02-06 04:33:01,313 - WARNING - Sensor 0 (28-3c4ef649f11d): Device file not found
2026-02-06 04:33:01,313 - WARNING - Sensor 1 (28-3c68f6499bcd): Device file not found
2026-02-06 04:33:01,313 - WARNING - Sensor 2 (28-3cb9f64947fe): Device file not found
2026-02-06 04:33:01,313 - WARNING - Sensor 3 (28-3cc1f649ac53): Device file not found
2026-02-06 04:33:01,313 - WARNING - Sensor 4 (28-3cf2f6498873): Device file not found
2026-02-06 04:33:01,314 - WARNING - 2026-02-06 04:33:01 - Invalid readings from sensors: [0, 1, 2, 3] (4/4 failed)
2026-02-06 04:34:01,358 - WARNING - Sensor 0 (28-3c4ef649f11d): Device file not found
2026-02-06 04:34:01,359 - WARNING - Sensor 1 (28-3c68f6499bcd): Device file not found
2026-02-06 04:34:01,359 - WARNING - Sensor 2 (28-3cb9f64947fe): Device file not found
2026-02-06 04:34:01,359 - WARNING - Sensor 3 (28-3cc1f649ac53): Device file not found
2026-02-06 04:34:01,360 - WARNING - Sensor 4 (28-3cf2f6498873): Device file not found
2026-02-06 04:34:01,360 - WARNING - 2026-02-06 04:34:01 - Invalid readings from sensors: [0, 1, 2, 3] (4/4 failed)
2026-02-06 04:35:01,421 - WARNING - Sensor 0 (28-3c4ef649f11d): Device file not found
2026-02-06 04:35:01,422 - WARNING - Sensor 1 (28-3c68f6499bcd): Device file not found
2026-02-06 04:35:01,422 - WARNING - Sensor 2 (28-3cb9f64947fe): Device file not found
2026-02-06 04:35:01,422 - WARNING - Sensor 3 (28-3cc1f649ac53): Device file not found
2026-02-06 04:35:01,422 - WARNING - Sensor 4 (28-3cf2f6498873): Device file not found
2026-02-06 04:35:01,423 - WARNING - 2026-02-06 04:35:01 - Invalid readings from sensors: [0, 1, 2, 3] (4/4 failed)
2026-02-06 04:36:01,432 - WARNING - Sensor 0 (28-3c4ef649f11d): Device file not found
2026-02-06 04:36:01,432 - WARNING - Sensor 1 (28-3c68f6499bcd): Device file not found
2026-02-06 04:36:01,433 - WARNING - Sensor 2 (28-3cb9f64947fe): Device file not found
2026-02-06 04:36:01,433 - WARNING - Sensor 3 (28-3cc1f649ac53): Device file not found
2026-02-06 04:36:01,433 - WARNING - Sensor 4 (28-3cf2f6498873): Device file not found
2026-02-06 04:36:01,434 - WARNING - 2026-02-06 04:36:01 - Invalid readings from sensors: [0, 1, 2, 3] (4/4 failed)
2026-02-06 04:37:01,444 - WARNING - Sensor 0 (28-3c4ef649f11d): Device file not found
2026-02-06 04:37:01,444 - WARNING - Sensor 1 (28-3c68f6499bcd): Device file not found
2026-02-06 04:37:01,445 - WARNING - Sensor 2 (28-3cb9f64947fe): Device file not found
2026-02-06 04:37:01,445 - WARNING - Sensor 3 (28-3cc1f649ac53): Device file not found
2026-02-06 04:37:01,445 - WARNING - Sensor 4 (28-3cf2f6498873): Device file not found
2026-02-06 04:37:01,446 - WARNING - 2026-02-06 04:37:01 - Invalid readings from sensors: [0, 1, 2, 3] (4/4 failed)
2026-02-06 04:38:01,507 - WARNING - Sensor 0 (28-3c4ef649f11d): Device file not found
2026-02-06 04:38:01,507 - WARNING - Sensor 1 (28-3c68f6499bcd): Device file not found
2026-02-06 04:38:01,508 - WARNING - Sensor 2 (28-3cb9f64947fe): Device file not found
2026-02-06 04:38:01,508 - WARNING - Sensor 3 (28-3cc1f649ac53): Device file not found
2026-02-06 04:38:01,508 - WARNING - Sensor 4 (28-3cf2f6498873): Device file not found
2026-02-06 04:38:01,509 - WARNING - 2026-02-06 04:38:01 - Invalid readings from sensors: [0, 1, 2, 3] (4/4 failed)
2026-02-06 04:39:01,560 - WARNING - Sensor 0 (28-3c4ef649f11d): Device file not found
2026-02-06 04:39:01,560 - WARNING - Sensor 1 (28-3c68f6499bcd): Device file not found
2026-02-06 04:39:01,561 - WARNING - Sensor 2 (28-3cb9f64947fe): Device file not found
2026-02-06 04:39:01,561 - WARNING - Sensor 3 (28-3cc1f649ac53): Device file not found
2026-02-06 04:39:01,561 - WARNING - Sensor 4 (28-3cf2f6498873): Device file not found
2026-02-06 04:39:01,562 - WARNING - 2026-02-06 04:39:01 - Invalid readings from sensors: [0, 1, 2, 3] (4/4 failed)
2026-02-06 04:40:01,575 - WARNING - Sensor 0 (28-3c4ef649f11d): Device file not found
2026-02-06 04:40:01,576 - WARNING - Sensor 1 (28-3c68f6499bcd): Device file not found
2026-02-06 04:40:01,576 - WARNING - Sensor 2 (28-3cb9f64947fe): Device file not found
2026-02-06 04:40:01,576 - WARNING - Sensor 3 (28-3cc1f649ac53): Device file not found
2026-02-06 04:40:01,577 - WARNING - Sensor 4 (28-3cf2f6498873): Device file not found
2026-02-06 04:40:01,577 - WARNING - 2026-02-06 04:40:01 - Invalid readings from sensors: [0, 1, 2, 3] (4/4 failed)
2026-02-06 04:41:01,638 - WARNING - Sensor 0 (28-3c4ef649f11d): Device file not found
2026-02-06 04:41:01,638 - WARNING - Sensor 1 (28-3c68f6499bcd): Device file not found
2026-02-06 04:41:01,638 - WARNING - Sensor 2 (28-3cb9f64947fe): Device file not found
2026-02-06 04:41:01,638 - WARNING - Sensor 3 (28-3cc1f649ac53): Device file not found
2026-02-06 04:41:01,638 - WARNING - Sensor 4 (28-3cf2f6498873): Device file not found
2026-02-06 04:41:01,639 - WARNING - 2026-02-06 04:41:01 - Invalid readings from sensors: [0, 1, 2, 3] (4/4 failed)
2026-02-06 04:42:01,699 - WARNING - Sensor 0 (28-3c4ef649f11d): Device file not found
2026-02-06 04:42:01,699 - WARNING - Sensor 1 (28-3c68f6499bcd): Device file not found
2026-02-06 04:42:01,699 - WARNING - Sensor 2 (28-3cb9f64947fe): Device file not found
2026-02-06 04:42:01,700 - WARNING - Sensor 3 (28-3cc1f649ac53): Device file not found
2026-02-06 04:42:01,700 - WARNING - Sensor 4 (28-3cf2f6498873): Device file not found
2026-02-06 04:42:01,700 - WARNING - 2026-02-06 04:42:01 - Invalid readings from sensors: [0, 1, 2, 3] (4/4 failed)
2026-02-06 04:43:01,760 - WARNING - Sensor 0 (28-3c4ef649f11d): Device file not found
2026-02-06 04:43:01,761 - WARNING - Sensor 1 (28-3c68f6499bcd): Device file not found
2026-02-06 04:43:01,761 - WARNING - Sensor 2 (28-3cb9f64947fe): Device file not found
2026-02-06 04:43:01,762 - WARNING - Sensor 3 (28-3cc1f649ac53): Device file not found
2026-02-06 04:43:01,762 - WARNING - Sensor 4 (28-3cf2f6498873): Device file not found
2026-02-06 04:43:01,763 - WARNING - 2026-02-06 04:43:01 - Invalid readings from sensors: [0, 1, 2, 3] (4/4 failed)
2026-02-06 04:44:01,824 - WARNING - Sensor 0 (28-3c4ef649f11d): Device file not found
2026-02-06 04:44:01,824 - WARNING - Sensor 1 (28-3c68f6499bcd): Device file not found
2026-02-06 04:44:01,825 - WARNING - Sensor 2 (28-3cb9f64947fe): Device file not found
2026-02-06 04:44:01,825 - WARNING - Sensor 3 (28-3cc1f649ac53): Device file not found
2026-02-06 04:44:01,825 - WARNING - Sensor 4 (28-3cf2f6498873): Device file not found
2026-02-06 04:44:01,826 - WARNING - 2026-02-06 04:44:01 - Invalid readings from sensors: [0, 1, 2, 3] (4/4 failed)
2026-02-06 04:45:01,886 - WARNING - Sensor 0 (28-3c4ef649f11d): Device file not found
2026-02-06 04:45:01,887 - WARNING - Sensor 1 (28-3c68f6499bcd): Device file not found
2026-02-06 04:45:01,887 - WARNING - Sensor 2 (28-3cb9f64947fe): Device file not found
2026-02-06 04:45:01,888 - WARNING - Sensor 3 (28-3cc1f649ac53): Device file not found
2026-02-06 04:45:01,888 - WARNING - Sensor 4 (28-3cf2f6498873): Device file not found
2026-02-06 04:45:01,889 - WARNING - 2026-02-06 04:45:01 - Invalid readings from sensors: [0, 1, 2, 3] (4/4 failed)
2026-02-06 04:46:01,949 - WARNING - Sensor 0 (28-3c4ef649f11d): Device file not found
2026-02-06 04:46:01,950 - WARNING - Sensor 1 (28-3c68f6499bcd): Device file not found
2026-02-06 04:46:01,950 - WARNING - Sensor 2 (28-3cb9f64947fe): Device file not found
2026-02-06 04:46:01,951 - WARNING - Sensor 3 (28-3cc1f649ac53): Device file not found
2026-02-06 04:46:01,951 - WARNING - Sensor 4 (28-3cf2f6498873): Device file not found
2026-02-06 04:46:01,952 - WARNING - 2026-02-06 04:46:01 - Invalid readings from sensors: [0, 1, 2, 3] (4/4 failed)
2026-02-06 04:47:02,003 - WARNING - Sensor 0 (28-3c4ef649f11d): Device file not found
2026-02-06 04:47:02,004 - WARNING - Sensor 1 (28-3c68f6499bcd): Device file not found
2026-02-06 04:47:02,004 - WARNING - Sensor 2 (28-3cb9f64947fe): Device file not found
2026-02-06 04:47:02,004 - WARNING - Sensor 3 (28-3cc1f649ac53): Device file not found
2026-02-06 04:47:02,004 - WARNING - Sensor 4 (28-3cf2f6498873): Device file not found
2026-02-06 04:47:02,004 - WARNING - 2026-02-06 04:47:02 - Invalid readings from sensors: [0, 1, 2, 3] (4/4 failed)
2026-02-06 04:48:02,065 - WARNING - Sensor 0 (28-3c4ef649f11d): Device file not found
2026-02-06 04:48:02,065 - WARNING - Sensor 1 (28-3c68f6499bcd): Device file not found
2026-02-06 04:48:02,066 - WARNING - Sensor 2 (28-3cb9f64947fe): Device file not found
2026-02-06 04:48:02,066 - WARNING - Sensor 3 (28-3cc1f649ac53): Device file not found
2026-02-06 04:48:02,067 - WARNING - Sensor 4 (28-3cf2f6498873): Device file not found
2026-02-06 04:48:02,067 - WARNING - 2026-02-06 04:48:02 - Invalid readings from sensors: [0, 1, 2, 3] (4/4 failed)
2026-02-06 04:49:02,124 - WARNING - Sensor 0 (28-3c4ef649f11d): Device file not found
2026-02-06 04:49:02,124 - WARNING - Sensor 1 (28-3c68f6499bcd): Device file not found
2026-02-06 04:49:02,125 - WARNING - Sensor 2 (28-3cb9f64947fe): Device file not found
2026-02-06 04:49:02,125 - WARNING - Sensor 3 (28-3cc1f649ac53): Device file not found
2026-02-06 04:49:02,125 - WARNING - Sensor 4 (28-3cf2f6498873): Device file not found
2026-02-06 04:49:02,126 - WARNING - 2026-02-06 04:49:02 - Invalid readings from sensors: [0, 1, 2, 3] (4/4 failed)
2026-02-06 04:50:02,186 - WARNING - Sensor 0 (28-3c4ef649f11d): Device file not found
2026-02-06 04:50:02,187 - WARNING - Sensor 1 (28-3c68f6499bcd): Device file not found
2026-02-06 04:50:02,187 - WARNING - Sensor 2 (28-3cb9f64947fe): Device file not found
2026-02-06 04:50:02,187 - WARNING - Sensor 3 (28-3cc1f649ac53): Device file not found
2026-02-06 04:50:02,187 - WARNING - Sensor 4 (28-3cf2f6498873): Device file not found
2026-02-06 04:50:02,187 - WARNING - 2026-02-06 04:50:02 - Invalid readings from sensors: [0, 1, 2, 3] (4/4 failed)
2026-02-06 04:51:02,236 - WARNING - Sensor 0 (28-3c4ef649f11d): Device file not found
2026-02-06 04:51:02,237 - WARNING - Sensor 1 (28-3c68f6499bcd): Device file not found
2026-02-06 04:51:02,237 - WARNING - Sensor 2 (28-3cb9f64947fe): Device file not found
2026-02-06 04:51:02,237 - WARNING - Sensor 3 (28-3cc1f649ac53): Device file not found
2026-02-06 04:51:02,238 - WARNING - Sensor 4 (28-3cf2f6498873): Device file not found
2026-02-06 04:51:02,239 - WARNING - 2026-02-06 04:51:02 - Invalid readings from sensors: [0, 1, 2, 3] (4/4 failed)
2026-02-06 04:52:02,299 - WARNING - Sensor 0 (28-3c4ef649f11d): Device file not found
2026-02-06 04:52:02,300 - WARNING - Sensor 1 (28-3c68f6499bcd): Device file not found
2026-02-06 04:52:02,300 - WARNING - Sensor 2 (28-3cb9f64947fe): Device file not found
2026-02-06 04:52:02,300 - WARNING - Sensor 3 (28-3cc1f649ac53): Device file not found
2026-02-06 04:52:02,301 - WARNING - Sensor 4 (28-3cf2f6498873): Device file not found
2026-02-06 04:52:02,301 - WARNING - 2026-02-06 04:52:02 - Invalid readings from sensors: [0, 1, 2, 3] (4/4 failed)
2026-02-06 04:53:02,362 - WARNING - Sensor 0 (28-3c4ef649f11d): Device file not found
2026-02-06 04:53:02,362 - WARNING - Sensor 1 (28-3c68f6499bcd): Device file not found
2026-02-06 04:53:02,363 - WARNING - Sensor 2 (28-3cb9f64947fe): Device file not found
2026-02-06 04:53:02,363 - WARNING - Sensor 3 (28-3cc1f649ac53): Device file not found
2026-02-06 04:53:02,363 - WARNING - Sensor 4 (28-3cf2f6498873): Device file not found
2026-02-06 04:53:02,364 - WARNING - 2026-02-06 04:53:02 - Invalid readings from sensors: [0, 1, 2, 3] (4/4 failed)
2026-02-06 04:54:02,425 - WARNING - Sensor 0 (28-3c4ef649f11d): Device file not found
2026-02-06 04:54:02,425 - WARNING - Sensor 1 (28-3c68f6499bcd): Device file not found
2026-02-06 04:54:02,425 - WARNING - Sensor 2 (28-3cb9f64947fe): Device file not found
2026-02-06 04:54:02,425 - WARNING - Sensor 3 (28-3cc1f649ac53): Device file not found
2026-02-06 04:54:02,425 - WARNING - Sensor 4 (28-3cf2f6498873): Device file not found
2026-02-06 04:54:02,426 - WARNING - 2026-02-06 04:54:02 - Invalid readings from sensors: [0, 1, 2, 3] (4/4 failed)
2026-02-06 04:55:02,486 - WARNING - Sensor 0 (28-3c4ef649f11d): Device file not found
2026-02-06 04:55:02,486 - WARNING - Sensor 1 (28-3c68f6499bcd): Device file not found
2026-02-06 04:55:02,486 - WARNING - Sensor 2 (28-3cb9f64947fe): Device file not found
2026-02-06 04:55:02,486 - WARNING - Sensor 3 (28-3cc1f649ac53): Device file not found
2026-02-06 04:55:02,487 - WARNING - Sensor 4 (28-3cf2f6498873): Device file not found
2026-02-06 04:55:02,487 - WARNING - 2026-02-06 04:55:02 - Invalid readings from sensors: [0, 1, 2, 3] (4/4 failed)
2026-02-06 04:56:02,500 - WARNING - Sensor 0 (28-3c4ef649f11d): Device file not found
2026-02-06 04:56:02,500 - WARNING - Sensor 1 (28-3c68f6499bcd): Device file not found
2026-02-06 04:56:02,500 - WARNING - Sensor 2 (28-3cb9f64947fe): Device file not found
2026-02-06 04:56:02,501 - WARNING - Sensor 3 (28-3cc1f649ac53): Device file not found
2026-02-06 04:56:02,501 - WARNING - Sensor 4 (28-3cf2f6498873): Device file not found
2026-02-06 04:56:02,501 - WARNING - 2026-02-06 04:56:02 - Invalid readings from sensors: [0, 1, 2, 3] (4/4 failed)
2026-02-06 04:57:02,551 - WARNING - Sensor 0 (28-3c4ef649f11d): Device file not found
2026-02-06 04:57:02,552 - WARNING - Sensor 1 (28-3c68f6499bcd): Device file not found
2026-02-06 04:57:02,552 - WARNING - Sensor 2 (28-3cb9f64947fe): Device file not found
2026-02-06 04:57:02,552 - WARNING - Sensor 3 (28-3cc1f649ac53): Device file not found
2026-02-06 04:57:02,552 - WARNING - Sensor 4 (28-3cf2f6498873): Device file not found
2026-02-06 04:57:02,552 - WARNING - 2026-02-06 04:57:02 - Invalid readings from sensors: [0, 1, 2, 3] (4/4 failed)
2026-02-06 04:58:02,613 - WARNING - Sensor 0 (28-3c4ef649f11d): Device file not found
2026-02-06 04:58:02,614 - WARNING - Sensor 1 (28-3c68f6499bcd): Device file not found
2026-02-06 04:58:02,614 - WARNING - Sensor 2 (28-3cb9f64947fe): Device file not found
2026-02-06 04:58:02,614 - WARNING - Sensor 3 (28-3cc1f649ac53): Device file not found
2026-02-06 04:58:02,615 - WARNING - Sensor 4 (28-3cf2f6498873): Device file not found
2026-02-06 04:58:02,615 - WARNING - 2026-02-06 04:58:02 - Invalid readings from sensors: [0, 1, 2, 3] (4/4 failed)
2026-02-06 04:59:02,676 - WARNING - Sensor 0 (28-3c4ef649f11d): Device file not found
2026-02-06 04:59:02,677 - WARNING - Sensor 1 (28-3c68f6499bcd): Device file not found
2026-02-06 04:59:02,677 - WARNING - Sensor 2 (28-3cb9f64947fe): Device file not found
2026-02-06 04:59:02,677 - WARNING - Sensor 3 (28-3cc1f649ac53): Device file not found
2026-02-06 04:59:02,678 - WARNING - Sensor 4 (28-3cf2f6498873): Device file not found
2026-02-06 04:59:02,678 - WARNING - 2026-02-06 04:59:02 - Invalid readings from sensors: [0, 1, 2, 3] (4/4 failed)
2026-02-06 05:00:02,739 - WARNING - Sensor 0 (28-3c4ef649f11d): Device file not found
2026-02-06 05:00:02,740 - WARNING - Sensor 1 (28-3c68f6499bcd): Device file not found
2026-02-06 05:00:02,740 - WARNING - Sensor 2 (28-3cb9f64947fe): Device file not found
2026-02-06 05:00:02,740 - WARNING - Sensor 3 (28-3cc1f649ac53): Device file not found
2026-02-06 05:00:02,741 - WARNING - Sensor 4 (28-3cf2f6498873): Device file not found
2026-02-06 05:00:02,741 - WARNING - 2026-02-06 05:00:02 - Invalid readings from sensors: [0, 1, 2, 3] (4/4 failed)
2026-02-06 05:01:02,745 - WARNING - Sensor 0 (28-3c4ef649f11d): Device file not found
2026-02-06 05:01:02,745 - WARNING - Sensor 1 (28-3c68f6499bcd): Device file not found
2026-02-06 05:01:02,746 - WARNING - Sensor 2 (28-3cb9f64947fe): Device file not found
2026-02-06 05:01:02,746 - WARNING - Sensor 3 (28-3cc1f649ac53): Device file not found
2026-02-06 05:01:02,746 - WARNING - Sensor 4 (28-3cf2f6498873): Device file not found
2026-02-06 05:01:02,747 - WARNING - 2026-02-06 05:01:02 - Invalid readings from sensors: [0, 1, 2, 3] (4/4 failed)
2026-02-06 05:02:02,763 - WARNING - Sensor 0 (28-3c4ef649f11d): Device file not found
2026-02-06 05:02:02,764 - WARNING - Sensor 1 (28-3c68f6499bcd): Device file not found
2026-02-06 05:02:02,764 - WARNING - Sensor 2 (28-3cb9f64947fe): Device file not found
2026-02-06 05:02:02,764 - WARNING - Sensor 3 (28-3cc1f649ac53): Device file not found
2026-02-06 05:02:02,764 - WARNING - Sensor 4 (28-3cf2f6498873): Device file not found
2026-02-06 05:02:02,764 - WARNING - 2026-02-06 05:02:02 - Invalid readings from sensors: [0, 1, 2, 3] (4/4 failed)
2026-02-06 05:03:02,825 - WARNING - Sensor 0 (28-3c4ef649f11d): Device file not found
2026-02-06 05:03:02,825 - WARNING - Sensor 1 (28-3c68f6499bcd): Device file not found
2026-02-06 05:03:02,825 - WARNING - Sensor 2 (28-3cb9f64947fe): Device file not found
2026-02-06 05:03:02,825 - WARNING - Sensor 3 (28-3cc1f649ac53): Device file not found
2026-02-06 05:03:02,825 - WARNING - Sensor 4 (28-3cf2f6498873): Device file not found
2026-02-06 05:03:02,826 - WARNING - 2026-02-06 05:03:02 - Invalid readings from sensors: [0, 1, 2, 3] (4/4 failed)
2026-02-06 05:04:02,855 - WARNING - Sensor 0 (28-3c4ef649f11d): Device file not found
2026-02-06 05:04:02,856 - WARNING - Sensor 1 (28-3c68f6499bcd): Device file not found
2026-02-06 05:04:02,856 - WARNING - Sensor 2 (28-3cb9f64947fe): Device file not found
2026-02-06 05:04:02,856 - WARNING - Sensor 3 (28-3cc1f649ac53): Device file not found
2026-02-06 05:04:02,856 - WARNING - Sensor 4 (28-3cf2f6498873): Device file not found
2026-02-06 05:04:02,856 - WARNING - 2026-02-06 05:04:02 - Invalid readings from sensors: [0, 1, 2, 3] (4/4 failed)
2026-02-06 05:05:02,917 - WARNING - Sensor 0 (28-3c4ef649f11d): Device file not found
2026-02-06 05:05:02,917 - WARNING - Sensor 1 (28-3c68f6499bcd): Device file not found
2026-02-06 05:05:02,918 - WARNING - Sensor 2 (28-3cb9f64947fe): Device file not found
2026-02-06 05:05:02,918 - WARNING - Sensor 3 (28-3cc1f649ac53): Device file not found
2026-02-06 05:05:02,918 - WARNING - Sensor 4 (28-3cf2f6498873): Device file not found
2026-02-06 05:05:02,919 - WARNING - 2026-02-06 05:05:02 - Invalid readings from sensors: [0, 1, 2, 3] (4/4 failed)
2026-02-06 05:06:02,980 - WARNING - Sensor 0 (28-3c4ef649f11d): Device file not found
2026-02-06 05:06:02,981 - WARNING - Sensor 1 (28-3c68f6499bcd): Device file not found
2026-02-06 05:06:02,981 - WARNING - Sensor 2 (28-3cb9f64947fe): Device file not found
2026-02-06 05:06:02,981 - WARNING - Sensor 3 (28-3cc1f649ac53): Device file not found
2026-02-06 05:06:02,982 - WARNING - Sensor 4 (28-3cf2f6498873): Device file not found
2026-02-06 05:06:02,982 - WARNING - 2026-02-06 05:06:02 - Invalid readings from sensors: [0, 1, 2, 3] (4/4 failed)
2026-02-06 05:07:03,021 - WARNING - Sensor 0 (28-3c4ef649f11d): Device file not found
2026-02-06 05:07:03,022 - WARNING - Sensor 1 (28-3c68f6499bcd): Device file not found
2026-02-06 05:07:03,022 - WARNING - Sensor 2 (28-3cb9f64947fe): Device file not found
2026-02-06 05:07:03,022 - WARNING - Sensor 3 (28-3cc1f649ac53): Device file not found
2026-02-06 05:07:03,023 - WARNING - Sensor 4 (28-3cf2f6498873): Device file not found
2026-02-06 05:07:03,023 - WARNING - 2026-02-06 05:07:03 - Invalid readings from sensors: [0, 1, 2, 3] (4/4 failed)
2026-02-06 05:08:03,084 - WARNING - Sensor 0 (28-3c4ef649f11d): Device file not found
2026-02-06 05:08:03,085 - WARNING - Sensor 1 (28-3c68f6499bcd): Device file not found
2026-02-06 05:08:03,085 - WARNING - Sensor 2 (28-3cb9f64947fe): Device file not found
2026-02-06 05:08:03,085 - WARNING - Sensor 3 (28-3cc1f649ac53): Device file not found
2026-02-06 05:08:03,086 - WARNING - Sensor 4 (28-3cf2f6498873): Device file not found
2026-02-06 05:08:03,087 - WARNING - 2026-02-06 05:08:03 - Invalid readings from sensors: [0, 1, 2, 3] (4/4 failed)
2026-02-06 05:09:03,147 - WARNING - Sensor 0 (28-3c4ef649f11d): Device file not found
2026-02-06 05:09:03,147 - WARNING - Sensor 1 (28-3c68f6499bcd): Device file not found
2026-02-06 05:09:03,148 - WARNING - Sensor 2 (28-3cb9f64947fe): Device file not found
2026-02-06 05:09:03,148 - WARNING - Sensor 3 (28-3cc1f649ac53): Device file not found
2026-02-06 05:09:03,148 - WARNING - Sensor 4 (28-3cf2f6498873): Device file not found
2026-02-06 05:09:03,148 - WARNING - 2026-02-06 05:09:03 - Invalid readings from sensors: [0, 1, 2, 3] (4/4 failed)
2026-02-06 05:10:03,151 - WARNING - Sensor 0 (28-3c4ef649f11d): Device file not found
2026-02-06 05:10:03,152 - WARNING - Sensor 1 (28-3c68f6499bcd): Device file not found
2026-02-06 05:10:03,152 - WARNING - Sensor 2 (28-3cb9f64947fe): Device file not found
2026-02-06 05:10:03,152 - WARNING - Sensor 3 (28-3cc1f649ac53): Device file not found
2026-02-06 05:10:03,152 - WARNING - Sensor 4 (28-3cf2f6498873): Device file not found
2026-02-06 05:10:03,152 - WARNING - 2026-02-06 05:10:03 - Invalid readings from sensors: [0, 1, 2, 3] (4/4 failed)
2026-02-06 05:11:03,186 - WARNING - Sensor 0 (28-3c4ef649f11d): Device file not found
2026-02-06 05:11:03,187 - WARNING - Sensor 1 (28-3c68f6499bcd): Device file not found
2026-02-06 05:11:03,187 - WARNING - Sensor 2 (28-3cb9f64947fe): Device file not found
2026-02-06 05:11:03,187 - WARNING - Sensor 3 (28-3cc1f649ac53): Device file not found
2026-02-06 05:11:03,187 - WARNING - Sensor 4 (28-3cf2f6498873): Device file not found
2026-02-06 05:11:03,187 - WARNING - 2026-02-06 05:11:03 - Invalid readings from sensors: [0, 1, 2, 3] (4/4 failed)
2026-02-06 05:12:03,248 - WARNING - Sensor 0 (28-3c4ef649f11d): Device file not found
2026-02-06 05:12:03,248 - WARNING - Sensor 1 (28-3c68f6499bcd): Device file not found
2026-02-06 05:12:03,248 - WARNING - Sensor 2 (28-3cb9f64947fe): Device file not found
2026-02-06 05:12:03,248 - WARNING - Sensor 3 (28-3cc1f649ac53): Device file not found
2026-02-06 05:12:03,248 - WARNING - Sensor 4 (28-3cf2f6498873): Device file not found
2026-02-06 05:12:03,249 - WARNING - 2026-02-06 05:12:03 - Invalid readings from sensors: [0, 1, 2, 3] (4/4 failed)
2026-02-06 05:13:03,292 - WARNING - Sensor 0 (28-3c4ef649f11d): Device file not found
2026-02-06 05:13:03,293 - WARNING - Sensor 1 (28-3c68f6499bcd): Device file not found
2026-02-06 05:13:03,293 - WARNING - Sensor 2 (28-3cb9f64947fe): Device file not found
2026-02-06 05:13:03,293 - WARNING - Sensor 3 (28-3cc1f649ac53): Device file not found
2026-02-06 05:13:03,294 - WARNING - Sensor 4 (28-3cf2f6498873): Device file not found
2026-02-06 05:13:03,295 - WARNING - 2026-02-06 05:13:03 - Invalid readings from sensors: [0, 1, 2, 3] (4/4 failed)
2026-02-06 05:14:03,355 - WARNING - Sensor 0 (28-3c4ef649f11d): Device file not found
2026-02-06 05:14:03,356 - WARNING - Sensor 1 (28-3c68f6499bcd): Device file not found
2026-02-06 05:14:03,356 - WARNING - Sensor 2 (28-3cb9f64947fe): Device file not found
2026-02-06 05:14:03,357 - WARNING - Sensor 3 (28-3cc1f649ac53): Device file not found
2026-02-06 05:14:03,357 - WARNING - Sensor 4 (28-3cf2f6498873): Device file not found
2026-02-06 05:14:03,358 - WARNING - 2026-02-06 05:14:03 - Invalid readings from sensors: [0, 1, 2, 3] (4/4 failed)
2026-02-06 05:15:03,389 - WARNING - Sensor 0 (28-3c4ef649f11d): Device file not found
2026-02-06 05:15:03,390 - WARNING - Sensor 1 (28-3c68f6499bcd): Device file not found
2026-02-06 05:15:03,390 - WARNING - Sensor 2 (28-3cb9f64947fe): Device file not found
2026-02-06 05:15:03,390 - WARNING - Sensor 3 (28-3cc1f649ac53): Device file not found
2026-02-06 05:15:03,391 - WARNING - Sensor 4 (28-3cf2f6498873): Device file not found
2026-02-06 05:15:03,392 - WARNING - 2026-02-06 05:15:03 - Invalid readings from sensors: [0, 1, 2, 3] (4/4 failed)
2026-02-06 05:16:03,452 - WARNING - Sensor 0 (28-3c4ef649f11d): Device file not found
2026-02-06 05:16:03,452 - WARNING - Sensor 1 (28-3c68f6499bcd): Device file not found
2026-02-06 05:16:03,453 - WARNING - Sensor 2 (28-3cb9f64947fe): Device file not found
2026-02-06 05:16:03,453 - WARNING - Sensor 3 (28-3cc1f649ac53): Device file not found
2026-02-06 05:16:03,453 - WARNING - Sensor 4 (28-3cf2f6498873): Device file not found
2026-02-06 05:16:03,453 - WARNING - 2026-02-06 05:16:03 - Invalid readings from sensors: [0, 1, 2, 3] (4/4 failed)
2026-02-06 05:17:03,513 - WARNING - Sensor 0 (28-3c4ef649f11d): Device file not found
2026-02-06 05:17:03,514 - WARNING - Sensor 1 (28-3c68f6499bcd): Device file not found
2026-02-06 05:17:03,514 - WARNING - Sensor 2 (28-3cb9f64947fe): Device file not found
2026-02-06 05:17:03,514 - WARNING - Sensor 3 (28-3cc1f649ac53): Device file not found
2026-02-06 05:17:03,514 - WARNING - Sensor 4 (28-3cf2f6498873): Device file not found
2026-02-06 05:17:03,514 - WARNING - 2026-02-06 05:17:03 - Invalid readings from sensors: [0, 1, 2, 3] (4/4 failed)
2026-02-06 05:18:03,559 - WARNING - Sensor 0 (28-3c4ef649f11d): Device file not found
2026-02-06 05:18:03,560 - WARNING - Sensor 1 (28-3c68f6499bcd): Device file not found
2026-02-06 05:18:03,560 - WARNING - Sensor 2 (28-3cb9f64947fe): Device file not found
2026-02-06 05:18:03,560 - WARNING - Sensor 3 (28-3cc1f649ac53): Device file not found
2026-02-06 05:18:03,560 - WARNING - Sensor 4 (28-3cf2f6498873): Device file not found
2026-02-06 05:18:03,560 - WARNING - 2026-02-06 05:18:03 - Invalid readings from sensors: [0, 1, 2, 3] (4/4 failed)
2026-02-06 05:19:03,596 - WARNING - Sensor 0 (28-3c4ef649f11d): Device file not found
2026-02-06 05:19:03,596 - WARNING - Sensor 1 (28-3c68f6499bcd): Device file not found
2026-02-06 05:19:03,597 - WARNING - Sensor 2 (28-3cb9f64947fe): Device file not found
2026-02-06 05:19:03,597 - WARNING - Sensor 3 (28-3cc1f649ac53): Device file not found
2026-02-06 05:19:03,597 - WARNING - Sensor 4 (28-3cf2f6498873): Device file not found
2026-02-06 05:19:03,597 - WARNING - 2026-02-06 05:19:03 - Invalid readings from sensors: [0, 1, 2, 3] (4/4 failed)
2026-02-06 05:20:03,650 - WARNING - Sensor 0 (28-3c4ef649f11d): Device file not found
2026-02-06 05:20:03,651 - WARNING - Sensor 1 (28-3c68f6499bcd): Device file not found
2026-02-06 05:20:03,651 - WARNING - Sensor 2 (28-3cb9f64947fe): Device file not found
2026-02-06 05:20:03,652 - WARNING - Sensor 3 (28-3cc1f649ac53): Device file not found
2026-02-06 05:20:03,652 - WARNING - Sensor 4 (28-3cf2f6498873): Device file not found
2026-02-06 05:20:03,652 - WARNING - 2026-02-06 05:20:03 - Invalid readings from sensors: [0, 1, 2, 3] (4/4 failed)
2026-02-06 05:21:03,680 - WARNING - Sensor 0 (28-3c4ef649f11d): Device file not found
2026-02-06 05:21:03,680 - WARNING - Sensor 1 (28-3c68f6499bcd): Device file not found
2026-02-06 05:21:03,681 - WARNING - Sensor 2 (28-3cb9f64947fe): Device file not found
2026-02-06 05:21:03,681 - WARNING - Sensor 3 (28-3cc1f649ac53): Device file not found
2026-02-06 05:21:03,681 - WARNING - Sensor 4 (28-3cf2f6498873): Device file not found
2026-02-06 05:21:03,682 - WARNING - 2026-02-06 05:21:03 - Invalid readings from sensors: [0, 1, 2, 3] (4/4 failed)
2026-02-06 05:22:03,688 - WARNING - Sensor 0 (28-3c4ef649f11d): Device file not found
2026-02-06 05:22:03,688 - WARNING - Sensor 1 (28-3c68f6499bcd): Device file not found
2026-02-06 05:22:03,689 - WARNING - Sensor 2 (28-3cb9f64947fe): Device file not found
2026-02-06 05:22:03,689 - WARNING - Sensor 3 (28-3cc1f649ac53): Device file not found
2026-02-06 05:22:03,689 - WARNING - Sensor 4 (28-3cf2f6498873): Device file not found
2026-02-06 05:22:03,690 - WARNING - 2026-02-06 05:22:03 - Invalid readings from sensors: [0, 1, 2, 3] (4/4 failed)
2026-02-06 05:23:03,730 - WARNING - Sensor 0 (28-3c4ef649f11d): Device file not found
2026-02-06 05:23:03,731 - WARNING - Sensor 1 (28-3c68f6499bcd): Device file not found
2026-02-06 05:23:03,731 - WARNING - Sensor 2 (28-3cb9f64947fe): Device file not found
2026-02-06 05:23:03,732 - WARNING - Sensor 3 (28-3cc1f649ac53): Device file not found
2026-02-06 05:23:03,732 - WARNING - Sensor 4 (28-3cf2f6498873): Device file not found
2026-02-06 05:23:03,733 - WARNING - 2026-02-06 05:23:03 - Invalid readings from sensors: [0, 1, 2, 3] (4/4 failed)
2026-02-06 05:24:03,794 - WARNING - Sensor 0 (28-3c4ef649f11d): Device file not found
2026-02-06 05:24:03,794 - WARNING - Sensor 1 (28-3c68f6499bcd): Device file not found
2026-02-06 05:24:03,795 - WARNING - Sensor 2 (28-3cb9f64947fe): Device file not found
2026-02-06 05:24:03,795 - WARNING - Sensor 3 (28-3cc1f649ac53): Device file not found
2026-02-06 05:24:03,795 - WARNING - Sensor 4 (28-3cf2f6498873): Device file not found
2026-02-06 05:24:03,796 - WARNING - 2026-02-06 05:24:03 - Invalid readings from sensors: [0, 1, 2, 3] (4/4 failed)
2026-02-06 05:25:03,856 - WARNING - Sensor 0 (28-3c4ef649f11d): Device file not found
2026-02-06 05:25:03,857 - WARNING - Sensor 1 (28-3c68f6499bcd): Device file not found
2026-02-06 05:25:03,857 - WARNING - Sensor 2 (28-3cb9f64947fe): Device file not found
2026-02-06 05:25:03,857 - WARNING - Sensor 3 (28-3cc1f649ac53): Device file not found
2026-02-06 05:25:03,857 - WARNING - Sensor 4 (28-3cf2f6498873): Device file not found
2026-02-06 05:25:03,857 - WARNING - 2026-02-06 05:25:03 - Invalid readings from sensors: [0, 1, 2, 3] (4/4 failed)
2026-02-06 05:26:03,879 - WARNING - Sensor 0 (28-3c4ef649f11d): Device file not found
2026-02-06 05:26:03,880 - WARNING - Sensor 1 (28-3c68f6499bcd): Device file not found
2026-02-06 05:26:03,880 - WARNING - Sensor 2 (28-3cb9f64947fe): Device file not found
2026-02-06 05:26:03,880 - WARNING - Sensor 3 (28-3cc1f649ac53): Device file not found
2026-02-06 05:26:03,880 - WARNING - Sensor 4 (28-3cf2f6498873): Device file not found
2026-02-06 05:26:03,880 - WARNING - 2026-02-06 05:26:03 - Invalid readings from sensors: [0, 1, 2, 3] (4/4 failed)
2026-02-06 05:27:03,941 - WARNING - Sensor 0 (28-3c4ef649f11d): Device file not found
2026-02-06 05:27:03,941 - WARNING - Sensor 1 (28-3c68f6499bcd): Device file not found
2026-02-06 05:27:03,942 - WARNING - Sensor 2 (28-3cb9f64947fe): Device file not found
2026-02-06 05:27:03,942 - WARNING - Sensor 3 (28-3cc1f649ac53): Device file not found
2026-02-06 05:27:03,943 - WARNING - Sensor 4 (28-3cf2f6498873): Device file not found
2026-02-06 05:27:03,943 - WARNING - 2026-02-06 05:27:03 - Invalid readings from sensors: [0, 1, 2, 3] (4/4 failed)
2026-02-06 05:28:03,948 - WARNING - Sensor 0 (28-3c4ef649f11d): Device file not found
2026-02-06 05:28:03,948 - WARNING - Sensor 1 (28-3c68f6499bcd): Device file not found
2026-02-06 05:28:03,949 - WARNING - Sensor 2 (28-3cb9f64947fe): Device file not found
2026-02-06 05:28:03,949 - WARNING - Sensor 3 (28-3cc1f649ac53): Device file not found
2026-02-06 05:28:03,949 - WARNING - Sensor 4 (28-3cf2f6498873): Device file not found
2026-02-06 05:28:03,950 - WARNING - 2026-02-06 05:28:03 - Invalid readings from sensors: [0, 1, 2, 3] (4/4 failed)
2026-02-06 05:29:03,956 - WARNING - Sensor 0 (28-3c4ef649f11d): Device file not found
2026-02-06 05:29:03,956 - WARNING - Sensor 1 (28-3c68f6499bcd): Device file not found
2026-02-06 05:29:03,957 - WARNING - Sensor 2 (28-3cb9f64947fe): Device file not found
2026-02-06 05:29:03,957 - WARNING - Sensor 3 (28-3cc1f649ac53): Device file not found
2026-02-06 05:29:03,957 - WARNING - Sensor 4 (28-3cf2f6498873): Device file not found
2026-02-06 05:29:03,958 - WARNING - 2026-02-06 05:29:03 - Invalid readings from sensors: [0, 1, 2, 3] (4/4 failed)
2026-02-06 05:30:04,019 - WARNING - Sensor 0 (28-3c4ef649f11d): Device file not found
2026-02-06 05:30:04,019 - WARNING - Sensor 1 (28-3c68f6499bcd): Device file not found
2026-02-06 05:30:04,020 - WARNING - Sensor 2 (28-3cb9f64947fe): Device file not found
2026-02-06 05:30:04,020 - WARNING - Sensor 3 (28-3cc1f649ac53): Device file not found
2026-02-06 05:30:04,020 - WARNING - Sensor 4 (28-3cf2f6498873): Device file not found
2026-02-06 05:30:04,021 - WARNING - 2026-02-06 05:30:04 - Invalid readings from sensors: [0, 1, 2, 3] (4/4 failed)
2026-02-06 05:31:04,082 - WARNING - Sensor 0 (28-3c4ef649f11d): Device file not found
2026-02-06 05:31:04,082 - WARNING - Sensor 1 (28-3c68f6499bcd): Device file not found
2026-02-06 05:31:04,083 - WARNING - Sensor 2 (28-3cb9f64947fe): Device file not found
2026-02-06 05:31:04,083 - WARNING - Sensor 3 (28-3cc1f649ac53): Device file not found
2026-02-06 05:31:04,083 - WARNING - Sensor 4 (28-3cf2f6498873): Device file not found
2026-02-06 05:31:04,084 - WARNING - 2026-02-06 05:31:04 - Invalid readings from sensors: [0, 1, 2, 3] (4/4 failed)
2026-02-06 05:32:04,113 - WARNING - Sensor 0 (28-3c4ef649f11d): Device file not found
2026-02-06 05:32:04,113 - WARNING - Sensor 1 (28-3c68f6499bcd): Device file not found
2026-02-06 05:32:04,114 - WARNING - Sensor 2 (28-3cb9f64947fe): Device file not found
2026-02-06 05:32:04,114 - WARNING - Sensor 3 (28-3cc1f649ac53): Device file not found
2026-02-06 05:32:04,114 - WARNING - Sensor 4 (28-3cf2f6498873): Device file not found
2026-02-06 05:32:04,115 - WARNING - 2026-02-06 05:32:04 - Invalid readings from sensors: [0, 1, 2, 3] (4/4 failed)
2026-02-06 05:33:04,156 - WARNING - Sensor 0 (28-3c4ef649f11d): Device file not found
2026-02-06 05:33:04,156 - WARNING - Sensor 1 (28-3c68f6499bcd): Device file not found
2026-02-06 05:33:04,157 - WARNING - Sensor 2 (28-3cb9f64947fe): Device file not found
2026-02-06 05:33:04,157 - WARNING - Sensor 3 (28-3cc1f649ac53): Device file not found
2026-02-06 05:33:04,157 - WARNING - Sensor 4 (28-3cf2f6498873): Device file not found
2026-02-06 05:33:04,158 - WARNING - 2026-02-06 05:33:04 - Invalid readings from sensors: [0, 1, 2, 3] (4/4 failed)
2026-02-06 05:34:04,218 - WARNING - Sensor 0 (28-3c4ef649f11d): Device file not found
2026-02-06 05:34:04,219 - WARNING - Sensor 1 (28-3c68f6499bcd): Device file not found
2026-02-06 05:34:04,219 - WARNING - Sensor 2 (28-3cb9f64947fe): Device file not found
2026-02-06 05:34:04,219 - WARNING - Sensor 3 (28-3cc1f649ac53): Device file not found
2026-02-06 05:34:04,219 - WARNING - Sensor 4 (28-3cf2f6498873): Device file not found
2026-02-06 05:34:04,219 - WARNING - 2026-02-06 05:34:04 - Invalid readings from sensors: [0, 1, 2, 3] (4/4 failed)
2026-02-06 05:35:04,280 - WARNING - Sensor 0 (28-3c4ef649f11d): Device file not found
2026-02-06 05:35:04,280 - WARNING - Sensor 1 (28-3c68f6499bcd): Device file not found
2026-02-06 05:35:04,281 - WARNING - Sensor 2 (28-3cb9f64947fe): Device file not found
2026-02-06 05:35:04,281 - WARNING - Sensor 3 (28-3cc1f649ac53): Device file not found
2026-02-06 05:35:04,282 - WARNING - Sensor 4 (28-3cf2f6498873): Device file not found
2026-02-06 05:35:04,282 - WARNING - 2026-02-06 05:35:04 - Invalid readings from sensors: [0, 1, 2, 3] (4/4 failed)
2026-02-06 05:36:04,288 - WARNING - Sensor 0 (28-3c4ef649f11d): Device file not found
2026-02-06 05:36:04,288 - WARNING - Sensor 1 (28-3c68f6499bcd): Device file not found
2026-02-06 05:36:04,289 - WARNING - Sensor 2 (28-3cb9f64947fe): Device file not found
2026-02-06 05:36:04,289 - WARNING - Sensor 3 (28-3cc1f649ac53): Device file not found
2026-02-06 05:36:04,289 - WARNING - Sensor 4 (28-3cf2f6498873): Device file not found
2026-02-06 05:36:04,290 - WARNING - 2026-02-06 05:36:04 - Invalid readings from sensors: [0, 1, 2, 3] (4/4 failed)
2026-02-06 05:37:04,296 - WARNING - Sensor 0 (28-3c4ef649f11d): Device file not found
2026-02-06 05:37:04,296 - WARNING - Sensor 1 (28-3c68f6499bcd): Device file not found
2026-02-06 05:37:04,297 - WARNING - Sensor 2 (28-3cb9f64947fe): Device file not found
2026-02-06 05:37:04,297 - WARNING - Sensor 3 (28-3cc1f649ac53): Device file not found
2026-02-06 05:37:04,297 - WARNING - Sensor 4 (28-3cf2f6498873): Device file not found
2026-02-06 05:37:04,298 - WARNING - 2026-02-06 05:37:04 - Invalid readings from sensors: [0, 1, 2, 3] (4/4 failed)
2026-02-06 05:38:04,303 - WARNING - Sensor 0 (28-3c4ef649f11d): Device file not found
2026-02-06 05:38:04,304 - WARNING - Sensor 1 (28-3c68f6499bcd): Device file not found
2026-02-06 05:38:04,304 - WARNING - Sensor 2 (28-3cb9f64947fe): Device file not found
2026-02-06 05:38:04,304 - WARNING - Sensor 3 (28-3cc1f649ac53): Device file not found
2026-02-06 05:38:04,304 - WARNING - Sensor 4 (28-3cf2f6498873): Device file not found
2026-02-06 05:38:04,304 - WARNING - 2026-02-06 05:38:04 - Invalid readings from sensors: [0, 1, 2, 3] (4/4 failed)
2026-02-06 05:39:04,306 - WARNING - Sensor 0 (28-3c4ef649f11d): Device file not found
2026-02-06 05:39:04,306 - WARNING - Sensor 1 (28-3c68f6499bcd): Device file not found
2026-02-06 05:39:04,306 - WARNING - Sensor 2 (28-3cb9f64947fe): Device file not found
2026-02-06 05:39:04,306 - WARNING - Sensor 3 (28-3cc1f649ac53): Device file not found
2026-02-06 05:39:04,306 - WARNING - Sensor 4 (28-3cf2f6498873): Device file not found
2026-02-06 05:39:04,307 - WARNING - 2026-02-06 05:39:04 - Invalid readings from sensors: [0, 1, 2, 3] (4/4 failed)
2026-02-06 05:40:04,367 - WARNING - Sensor 0 (28-3c4ef649f11d): Device file not found
2026-02-06 05:40:04,368 - WARNING - Sensor 1 (28-3c68f6499bcd): Device file not found
2026-02-06 05:40:04,368 - WARNING - Sensor 2 (28-3cb9f64947fe): Device file not found
2026-02-06 05:40:04,368 - WARNING - Sensor 3 (28-3cc1f649ac53): Device file not found
2026-02-06 05:40:04,369 - WARNING - Sensor 4 (28-3cf2f6498873): Device file not found
2026-02-06 05:40:04,370 - WARNING - 2026-02-06 05:40:04 - Invalid readings from sensors: [0, 1, 2, 3] (4/4 failed)
2026-02-06 05:41:04,375 - WARNING - Sensor 0 (28-3c4ef649f11d): Device file not found
2026-02-06 05:41:04,376 - WARNING - Sensor 1 (28-3c68f6499bcd): Device file not found
2026-02-06 05:41:04,376 - WARNING - Sensor 2 (28-3cb9f64947fe): Device file not found
2026-02-06 05:41:04,376 - WARNING - Sensor 3 (28-3cc1f649ac53): Device file not found
2026-02-06 05:41:04,376 - WARNING - Sensor 4 (28-3cf2f6498873): Device file not found
2026-02-06 05:41:04,376 - WARNING - 2026-02-06 05:41:04 - Invalid readings from sensors: [0, 1, 2, 3] (4/4 failed)
2026-02-06 05:42:04,437 - WARNING - Sensor 0 (28-3c4ef649f11d): Device file not found
2026-02-06 05:42:04,437 - WARNING - Sensor 1 (28-3c68f6499bcd): Device file not found
2026-02-06 05:42:04,438 - WARNING - Sensor 2 (28-3cb9f64947fe): Device file not found
2026-02-06 05:42:04,438 - WARNING - Sensor 3 (28-3cc1f649ac53): Device file not found
2026-02-06 05:42:04,438 - WARNING - Sensor 4 (28-3cf2f6498873): Device file not found
2026-02-06 05:42:04,439 - WARNING - 2026-02-06 05:42:04 - Invalid readings from sensors: [0, 1, 2, 3] (4/4 failed)
2026-02-06 05:43:04,500 - WARNING - Sensor 0 (28-3c4ef649f11d): Device file not found
2026-02-06 05:43:04,501 - WARNING - Sensor 1 (28-3c68f6499bcd): Device file not found
2026-02-06 05:43:04,501 - WARNING - Sensor 2 (28-3cb9f64947fe): Device file not found
2026-02-06 05:43:04,501 - WARNING - Sensor 3 (28-3cc1f649ac53): Device file not found
2026-02-06 05:43:04,502 - WARNING - Sensor 4 (28-3cf2f6498873): Device file not found
2026-02-06 05:43:04,502 - WARNING - 2026-02-06 05:43:04 - Invalid readings from sensors: [0, 1, 2, 3] (4/4 failed)
2026-02-06 05:44:04,563 - WARNING - Sensor 0 (28-3c4ef649f11d): Device file not found
2026-02-06 05:44:04,564 - WARNING - Sensor 1 (28-3c68f6499bcd): Device file not found
2026-02-06 05:44:04,564 - WARNING - Sensor 2 (28-3cb9f64947fe): Device file not found
2026-02-06 05:44:04,564 - WARNING - Sensor 3 (28-3cc1f649ac53): Device file not found
2026-02-06 05:44:04,565 - WARNING - Sensor 4 (28-3cf2f6498873): Device file not found
2026-02-06 05:44:04,565 - WARNING - 2026-02-06 05:44:04 - Invalid readings from sensors: [0, 1, 2, 3] (4/4 failed)
2026-02-06 05:45:04,620 - WARNING - Sensor 0 (28-3c4ef649f11d): Device file not found
2026-02-06 05:45:04,620 - WARNING - Sensor 1 (28-3c68f6499bcd): Device file not found
2026-02-06 05:45:04,621 - WARNING - Sensor 2 (28-3cb9f64947fe): Device file not found
2026-02-06 05:45:04,621 - WARNING - Sensor 3 (28-3cc1f649ac53): Device file not found
2026-02-06 05:45:04,621 - WARNING - Sensor 4 (28-3cf2f6498873): Device file not found
2026-02-06 05:45:04,622 - WARNING - 2026-02-06 05:45:04 - Invalid readings from sensors: [0, 1, 2, 3] (4/4 failed)
2026-02-06 05:46:04,682 - WARNING - Sensor 0 (28-3c4ef649f11d): Device file not found
2026-02-06 05:46:04,683 - WARNING - Sensor 1 (28-3c68f6499bcd): Device file not found
2026-02-06 05:46:04,683 - WARNING - Sensor 2 (28-3cb9f64947fe): Device file not found
2026-02-06 05:46:04,683 - WARNING - Sensor 3 (28-3cc1f649ac53): Device file not found
2026-02-06 05:46:04,683 - WARNING - Sensor 4 (28-3cf2f6498873): Device file not found
2026-02-06 05:46:04,683 - WARNING - 2026-02-06 05:46:04 - Invalid readings from sensors: [0, 1, 2, 3] (4/4 failed)
2026-02-06 05:47:04,744 - WARNING - Sensor 0 (28-3c4ef649f11d): Device file not found
2026-02-06 05:47:04,744 - WARNING - Sensor 1 (28-3c68f6499bcd): Device file not found
2026-02-06 05:47:04,744 - WARNING - Sensor 2 (28-3cb9f64947fe): Device file not found
2026-02-06 05:47:04,744 - WARNING - Sensor 3 (28-3cc1f649ac53): Device file not found
2026-02-06 05:47:04,744 - WARNING - Sensor 4 (28-3cf2f6498873): Device file not found
2026-02-06 05:47:04,745 - WARNING - 2026-02-06 05:47:04 - Invalid readings from sensors: [0, 1, 2, 3] (4/4 failed)
2026-02-06 05:48:04,753 - WARNING - Sensor 0 (28-3c4ef649f11d): Device file not found
2026-02-06 05:48:04,753 - WARNING - Sensor 1 (28-3c68f6499bcd): Device file not found
2026-02-06 05:48:04,753 - WARNING - Sensor 2 (28-3cb9f64947fe): Device file not found
2026-02-06 05:48:04,753 - WARNING - Sensor 3 (28-3cc1f649ac53): Device file not found
2026-02-06 05:48:04,753 - WARNING - Sensor 4 (28-3cf2f6498873): Device file not found
2026-02-06 05:48:04,754 - WARNING - 2026-02-06 05:48:04 - Invalid readings from sensors: [0, 1, 2, 3] (4/4 failed)
2026-02-06 05:49:04,761 - WARNING - Sensor 0 (28-3c4ef649f11d): Device file not found
2026-02-06 05:49:04,762 - WARNING - Sensor 1 (28-3c68f6499bcd): Device file not found
2026-02-06 05:49:04,762 - WARNING - Sensor 2 (28-3cb9f64947fe): Device file not found
2026-02-06 05:49:04,763 - WARNING - Sensor 3 (28-3cc1f649ac53): Device file not found
2026-02-06 05:49:04,763 - WARNING - Sensor 4 (28-3cf2f6498873): Device file not found
2026-02-06 05:49:04,764 - WARNING - 2026-02-06 05:49:04 - Invalid readings from sensors: [0, 1, 2, 3] (4/4 failed)
2026-02-06 05:50:04,824 - WARNING - Sensor 0 (28-3c4ef649f11d): Device file not found
2026-02-06 05:50:04,825 - WARNING - Sensor 1 (28-3c68f6499bcd): Device file not found
2026-02-06 05:50:04,825 - WARNING - Sensor 2 (28-3cb9f64947fe): Device file not found
2026-02-06 05:50:04,826 - WARNING - Sensor 3 (28-3cc1f649ac53): Device file not found
2026-02-06 05:50:04,826 - WARNING - Sensor 4 (28-3cf2f6498873): Device file not found
2026-02-06 05:50:04,827 - WARNING - 2026-02-06 05:50:04 - Invalid readings from sensors: [0, 1, 2, 3] (4/4 failed)
2026-02-06 05:51:04,836 - WARNING - Sensor 0 (28-3c4ef649f11d): Device file not found
2026-02-06 05:51:04,836 - WARNING - Sensor 1 (28-3c68f6499bcd): Device file not found
2026-02-06 05:51:04,837 - WARNING - Sensor 2 (28-3cb9f64947fe): Device file not found
2026-02-06 05:51:04,837 - WARNING - Sensor 3 (28-3cc1f649ac53): Device file not found
2026-02-06 05:51:04,837 - WARNING - Sensor 4 (28-3cf2f6498873): Device file not found
2026-02-06 05:51:04,838 - WARNING - 2026-02-06 05:51:04 - Invalid readings from sensors: [0, 1, 2, 3] (4/4 failed)
2026-02-06 05:52:04,899 - WARNING - Sensor 0 (28-3c4ef649f11d): Device file not found
2026-02-06 05:52:04,899 - WARNING - Sensor 1 (28-3c68f6499bcd): Device file not found
2026-02-06 05:52:04,900 - WARNING - Sensor 2 (28-3cb9f64947fe): Device file not found
2026-02-06 05:52:04,900 - WARNING - Sensor 3 (28-3cc1f649ac53): Device file not found
2026-02-06 05:52:04,900 - WARNING - Sensor 4 (28-3cf2f6498873): Device file not found
2026-02-06 05:52:04,901 - WARNING - 2026-02-06 05:52:04 - Invalid readings from sensors: [0, 1, 2, 3] (4/4 failed)
2026-02-06 05:53:04,947 - WARNING - Sensor 0 (28-3c4ef649f11d): Device file not found
2026-02-06 05:53:04,948 - WARNING - Sensor 1 (28-3c68f6499bcd): Device file not found
2026-02-06 05:53:04,948 - WARNING - Sensor 2 (28-3cb9f64947fe): Device file not found
2026-02-06 05:53:04,948 - WARNING - Sensor 3 (28-3cc1f649ac53): Device file not found
2026-02-06 05:53:04,948 - WARNING - Sensor 4 (28-3cf2f6498873): Device file not found
2026-02-06 05:53:04,948 - WARNING - 2026-02-06 05:53:04 - Invalid readings from sensors: [0, 1, 2, 3] (4/4 failed)
2026-02-06 05:54:04,971 - WARNING - Sensor 0 (28-3c4ef649f11d): Device file not found
2026-02-06 05:54:04,972 - WARNING - Sensor 1 (28-3c68f6499bcd): Device file not found
2026-02-06 05:54:04,972 - WARNING - Sensor 2 (28-3cb9f64947fe): Device file not found
2026-02-06 05:54:04,972 - WARNING - Sensor 3 (28-3cc1f649ac53): Device file not found
2026-02-06 05:54:04,972 - WARNING - Sensor 4 (28-3cf2f6498873): Device file not found
2026-02-06 05:54:04,972 - WARNING - 2026-02-06 05:54:04 - Invalid readings from sensors: [0, 1, 2, 3] (4/4 failed)
2026-02-06 05:55:04,976 - WARNING - Sensor 0 (28-3c4ef649f11d): Device file not found
2026-02-06 05:55:04,976 - WARNING - Sensor 1 (28-3c68f6499bcd): Device file not found
2026-02-06 05:55:04,977 - WARNING - Sensor 2 (28-3cb9f64947fe): Device file not found
2026-02-06 05:55:04,977 - WARNING - Sensor 3 (28-3cc1f649ac53): Device file not found
2026-02-06 05:55:04,977 - WARNING - Sensor 4 (28-3cf2f6498873): Device file not found
2026-02-06 05:55:04,978 - WARNING - 2026-02-06 05:55:04 - Invalid readings from sensors: [0, 1, 2, 3] (4/4 failed)
2026-02-06 05:56:05,031 - WARNING - Sensor 0 (28-3c4ef649f11d): Device file not found
2026-02-06 05:56:05,032 - WARNING - Sensor 1 (28-3c68f6499bcd): Device file not found
2026-02-06 05:56:05,032 - WARNING - Sensor 2 (28-3cb9f64947fe): Device file not found
2026-02-06 05:56:05,032 - WARNING - Sensor 3 (28-3cc1f649ac53): Device file not found
2026-02-06 05:56:05,032 - WARNING - Sensor 4 (28-3cf2f6498873): Device file not found
2026-02-06 05:56:05,032 - WARNING - 2026-02-06 05:56:05 - Invalid readings from sensors: [0, 1, 2, 3] (4/4 failed)
2026-02-06 05:57:05,054 - WARNING - Sensor 0 (28-3c4ef649f11d): Device file not found
2026-02-06 05:57:05,055 - WARNING - Sensor 1 (28-3c68f6499bcd): Device file not found
2026-02-06 05:57:05,056 - WARNING - Sensor 2 (28-3cb9f64947fe): Device file not found
2026-02-06 05:57:05,056 - WARNING - Sensor 3 (28-3cc1f649ac53): Device file not found
2026-02-06 05:57:05,056 - WARNING - Sensor 4 (28-3cf2f6498873): Device file not found
2026-02-06 05:57:05,057 - WARNING - 2026-02-06 05:57:05 - Invalid readings from sensors: [0, 1, 2, 3] (4/4 failed)
2026-02-06 05:58:05,118 - WARNING - Sensor 0 (28-3c4ef649f11d): Device file not found
2026-02-06 05:58:05,118 - WARNING - Sensor 1 (28-3c68f6499bcd): Device file not found
2026-02-06 05:58:05,119 - WARNING - Sensor 2 (28-3cb9f64947fe): Device file not found
2026-02-06 05:58:05,119 - WARNING - Sensor 3 (28-3cc1f649ac53): Device file not found
2026-02-06 05:58:05,120 - WARNING - Sensor 4 (28-3cf2f6498873): Device file not found
2026-02-06 05:58:05,120 - WARNING - 2026-02-06 05:58:05 - Invalid readings from sensors: [0, 1, 2, 3] (4/4 failed)
2026-02-06 05:59:05,121 - WARNING - Sensor 0 (28-3c4ef649f11d): Device file not found
2026-02-06 05:59:05,122 - WARNING - Sensor 1 (28-3c68f6499bcd): Device file not found
2026-02-06 05:59:05,122 - WARNING - Sensor 2 (28-3cb9f64947fe): Device file not found
2026-02-06 05:59:05,122 - WARNING - Sensor 3 (28-3cc1f649ac53): Device file not found
2026-02-06 05:59:05,123 - WARNING - Sensor 4 (28-3cf2f6498873): Device file not found
2026-02-06 05:59:05,124 - WARNING - 2026-02-06 05:59:05 - Invalid readings from sensors: [0, 1, 2, 3] (4/4 failed)
2026-02-06 06:00:05,141 - WARNING - Sensor 0 (28-3c4ef649f11d): Device file not found
2026-02-06 06:00:05,141 - WARNING - Sensor 1 (28-3c68f6499bcd): Device file not found
2026-02-06 06:00:05,142 - WARNING - Sensor 2 (28-3cb9f64947fe): Device file not found
2026-02-06 06:00:05,142 - WARNING - Sensor 3 (28-3cc1f649ac53): Device file not found
2026-02-06 06:00:05,142 - WARNING - Sensor 4 (28-3cf2f6498873): Device file not found
2026-02-06 06:00:05,142 - WARNING - 2026-02-06 06:00:05 - Invalid readings from sensors: [0, 1, 2, 3] (4/4 failed)
2026-02-06 06:01:05,203 - WARNING - Sensor 0 (28-3c4ef649f11d): Device file not found
2026-02-06 06:01:05,203 - WARNING - Sensor 1 (28-3c68f6499bcd): Device file not found
2026-02-06 06:01:05,203 - WARNING - Sensor 2 (28-3cb9f64947fe): Device file not found
2026-02-06 06:01:05,203 - WARNING - Sensor 3 (28-3cc1f649ac53): Device file not found
2026-02-06 06:01:05,203 - WARNING - Sensor 4 (28-3cf2f6498873): Device file not found
2026-02-06 06:01:05,204 - WARNING - 2026-02-06 06:01:05 - Invalid readings from sensors: [0, 1, 2, 3] (4/4 failed)
2026-02-06 06:02:05,264 - WARNING - Sensor 0 (28-3c4ef649f11d): Device file not found
2026-02-06 06:02:05,265 - WARNING - Sensor 1 (28-3c68f6499bcd): Device file not found
2026-02-06 06:02:05,265 - WARNING - Sensor 2 (28-3cb9f64947fe): Device file not found
2026-02-06 06:02:05,265 - WARNING - Sensor 3 (28-3cc1f649ac53): Device file not found
2026-02-06 06:02:05,266 - WARNING - Sensor 4 (28-3cf2f6498873): Device file not found
2026-02-06 06:02:05,266 - WARNING - 2026-02-06 06:02:05 - Invalid readings from sensors: [0, 1, 2, 3] (4/4 failed)
2026-02-06 06:03:05,267 - WARNING - Sensor 0 (28-3c4ef649f11d): Device file not found
2026-02-06 06:03:05,268 - WARNING - Sensor 1 (28-3c68f6499bcd): Device file not found
2026-02-06 06:03:05,268 - WARNING - Sensor 2 (28-3cb9f64947fe): Device file not found
2026-02-06 06:03:05,268 - WARNING - Sensor 3 (28-3cc1f649ac53): Device file not found
2026-02-06 06:03:05,268 - WARNING - Sensor 4 (28-3cf2f6498873): Device file not found
2026-02-06 06:03:05,268 - WARNING - 2026-02-06 06:03:05 - Invalid readings from sensors: [0, 1, 2, 3] (4/4 failed)
2026-02-06 06:04:05,276 - WARNING - Sensor 0 (28-3c4ef649f11d): Device file not found
2026-02-06 06:04:05,276 - WARNING - Sensor 1 (28-3c68f6499bcd): Device file not found
2026-02-06 06:04:05,277 - WARNING - Sensor 2 (28-3cb9f64947fe): Device file not found
2026-02-06 06:04:05,277 - WARNING - Sensor 3 (28-3cc1f649ac53): Device file not found
2026-02-06 06:04:05,277 - WARNING - Sensor 4 (28-3cf2f6498873): Device file not found
2026-02-06 06:04:05,278 - WARNING - 2026-02-06 06:04:05 - Invalid readings from sensors: [0, 1, 2, 3] (4/4 failed)
2026-02-06 06:05:05,309 - WARNING - Sensor 0 (28-3c4ef649f11d): Device file not found
2026-02-06 06:05:05,310 - WARNING - Sensor 1 (28-3c68f6499bcd): Device file not found
2026-02-06 06:05:05,310 - WARNING - Sensor 2 (28-3cb9f64947fe): Device file not found
2026-02-06 06:05:05,311 - WARNING - Sensor 3 (28-3cc1f649ac53): Device file not found
2026-02-06 06:05:05,311 - WARNING - Sensor 4 (28-3cf2f6498873): Device file not found
2026-02-06 06:05:05,312 - WARNING - 2026-02-06 06:05:05 - Invalid readings from sensors: [0, 1, 2, 3] (4/4 failed)
2026-02-06 06:06:05,326 - WARNING - Sensor 0 (28-3c4ef649f11d): Device file not found
2026-02-06 06:06:05,327 - WARNING - Sensor 1 (28-3c68f6499bcd): Device file not found
2026-02-06 06:06:05,327 - WARNING - Sensor 2 (28-3cb9f64947fe): Device file not found
2026-02-06 06:06:05,328 - WARNING - Sensor 3 (28-3cc1f649ac53): Device file not found
2026-02-06 06:06:05,328 - WARNING - Sensor 4 (28-3cf2f6498873): Device file not found
2026-02-06 06:06:05,329 - WARNING - 2026-02-06 06:06:05 - Invalid readings from sensors: [0, 1, 2, 3] (4/4 failed)
2026-02-06 06:07:05,388 - WARNING - Sensor 0 (28-3c4ef649f11d): Device file not found
2026-02-06 06:07:05,388 - WARNING - Sensor 1 (28-3c68f6499bcd): Device file not found
2026-02-06 06:07:05,389 - WARNING - Sensor 2 (28-3cb9f64947fe): Device file not found
2026-02-06 06:07:05,389 - WARNING - Sensor 3 (28-3cc1f649ac53): Device file not found
2026-02-06 06:07:05,389 - WARNING - Sensor 4 (28-3cf2f6498873): Device file not found
2026-02-06 06:07:05,390 - WARNING - 2026-02-06 06:07:05 - Invalid readings from sensors: [0, 1, 2, 3] (4/4 failed)
2026-02-06 06:08:05,415 - WARNING - Sensor 0 (28-3c4ef649f11d): Device file not found
2026-02-06 06:08:05,416 - WARNING - Sensor 1 (28-3c68f6499bcd): Device file not found
2026-02-06 06:08:05,416 - WARNING - Sensor 2 (28-3cb9f64947fe): Device file not found
2026-02-06 06:08:05,416 - WARNING - Sensor 3 (28-3cc1f649ac53): Device file not found
2026-02-06 06:08:05,416 - WARNING - Sensor 4 (28-3cf2f6498873): Device file not found
2026-02-06 06:08:05,416 - WARNING - 2026-02-06 06:08:05 - Invalid readings from sensors: [0, 1, 2, 3] (4/4 failed)
2026-02-06 06:09:05,477 - WARNING - Sensor 0 (28-3c4ef649f11d): Device file not found
2026-02-06 06:09:05,477 - WARNING - Sensor 1 (28-3c68f6499bcd): Device file not found
2026-02-06 06:09:05,478 - WARNING - Sensor 2 (28-3cb9f64947fe): Device file not found
2026-02-06 06:09:05,478 - WARNING - Sensor 3 (28-3cc1f649ac53): Device file not found
2026-02-06 06:09:05,478 - WARNING - Sensor 4 (28-3cf2f6498873): Device file not found
2026-02-06 06:09:05,479 - WARNING - 2026-02-06 06:09:05 - Invalid readings from sensors: [0, 1, 2, 3] (4/4 failed)
2026-02-06 06:10:05,540 - WARNING - Sensor 0 (28-3c4ef649f11d): Device file not found
2026-02-06 06:10:05,540 - WARNING - Sensor 1 (28-3c68f6499bcd): Device file not found
2026-02-06 06:10:05,540 - WARNING - Sensor 2 (28-3cb9f64947fe): Device file not found
2026-02-06 06:10:05,540 - WARNING - Sensor 3 (28-3cc1f649ac53): Device file not found
2026-02-06 06:10:05,540 - WARNING - Sensor 4 (28-3cf2f6498873): Device file not found
2026-02-06 06:10:05,541 - WARNING - 2026-02-06 06:10:05 - Invalid readings from sensors: [0, 1, 2, 3] (4/4 failed)
2026-02-06 06:11:05,576 - WARNING - Sensor 0 (28-3c4ef649f11d): Device file not found
2026-02-06 06:11:05,576 - WARNING - Sensor 1 (28-3c68f6499bcd): Device file not found
2026-02-06 06:11:05,577 - WARNING - Sensor 2 (28-3cb9f64947fe): Device file not found
2026-02-06 06:11:05,577 - WARNING - Sensor 3 (28-3cc1f649ac53): Device file not found
2026-02-06 06:11:05,577 - WARNING - Sensor 4 (28-3cf2f6498873): Device file not found
2026-02-06 06:11:05,578 - WARNING - 2026-02-06 06:11:05 - Invalid readings from sensors: [0, 1, 2, 3] (4/4 failed)
2026-02-06 06:12:05,639 - WARNING - Sensor 0 (28-3c4ef649f11d): Device file not found
2026-02-06 06:12:05,639 - WARNING - Sensor 1 (28-3c68f6499bcd): Device file not found
2026-02-06 06:12:05,640 - WARNING - Sensor 2 (28-3cb9f64947fe): Device file not found
2026-02-06 06:12:05,640 - WARNING - Sensor 3 (28-3cc1f649ac53): Device file not found
2026-02-06 06:12:05,640 - WARNING - Sensor 4 (28-3cf2f6498873): Device file not found
2026-02-06 06:12:05,641 - WARNING - 2026-02-06 06:12:05 - Invalid readings from sensors: [0, 1, 2, 3] (4/4 failed)
2026-02-06 06:13:05,652 - WARNING - Sensor 0 (28-3c4ef649f11d): Device file not found
2026-02-06 06:13:05,657 - WARNING - Sensor 1 (28-3c68f6499bcd): Device file not found
2026-02-06 06:13:05,657 - WARNING - Sensor 2 (28-3cb9f64947fe): Device file not found
2026-02-06 06:13:05,658 - WARNING - Sensor 3 (28-3cc1f649ac53): Device file not found
2026-02-06 06:13:05,658 - WARNING - Sensor 4 (28-3cf2f6498873): Device file not found
2026-02-06 06:13:05,659 - WARNING - 2026-02-06 06:13:05 - Invalid readings from sensors: [0, 1, 2, 3] (4/4 failed)
2026-02-06 06:14:05,668 - WARNING - Sensor 0 (28-3c4ef649f11d): Device file not found
2026-02-06 06:14:05,668 - WARNING - Sensor 1 (28-3c68f6499bcd): Device file not found
2026-02-06 06:14:05,669 - WARNING - Sensor 2 (28-3cb9f64947fe): Device file not found
2026-02-06 06:14:05,669 - WARNING - Sensor 3 (28-3cc1f649ac53): Device file not found
2026-02-06 06:14:05,669 - WARNING - Sensor 4 (28-3cf2f6498873): Device file not found
2026-02-06 06:14:05,670 - WARNING - 2026-02-06 06:14:05 - Invalid readings from sensors: [0, 1, 2, 3] (4/4 failed)
2026-02-06 06:15:05,671 - WARNING - Sensor 0 (28-3c4ef649f11d): Device file not found
2026-02-06 06:15:05,672 - WARNING - Sensor 1 (28-3c68f6499bcd): Device file not found
2026-02-06 06:15:05,672 - WARNING - Sensor 2 (28-3cb9f64947fe): Device file not found
2026-02-06 06:15:05,672 - WARNING - Sensor 3 (28-3cc1f649ac53): Device file not found
2026-02-06 06:15:05,672 - WARNING - Sensor 4 (28-3cf2f6498873): Device file not found
2026-02-06 06:15:05,672 - WARNING - 2026-02-06 06:15:05 - Invalid readings from sensors: [0, 1, 2, 3] (4/4 failed)
2026-02-06 06:16:05,676 - WARNING - Sensor 0 (28-3c4ef649f11d): Device file not found
2026-02-06 06:16:05,676 - WARNING - Sensor 1 (28-3c68f6499bcd): Device file not found
2026-02-06 06:16:05,677 - WARNING - Sensor 2 (28-3cb9f64947fe): Device file not found
2026-02-06 06:16:05,677 - WARNING - Sensor 3 (28-3cc1f649ac53): Device file not found
2026-02-06 06:16:05,677 - WARNING - Sensor 4 (28-3cf2f6498873): Device file not found
2026-02-06 06:16:05,678 - WARNING - 2026-02-06 06:16:05 - Invalid readings from sensors: [0, 1, 2, 3] (4/4 failed)
2026-02-06 06:17:05,684 - WARNING - Sensor 0 (28-3c4ef649f11d): Device file not found
2026-02-06 06:17:05,684 - WARNING - Sensor 1 (28-3c68f6499bcd): Device file not found
2026-02-06 06:17:05,685 - WARNING - Sensor 2 (28-3cb9f64947fe): Device file not found
2026-02-06 06:17:05,685 - WARNING - Sensor 3 (28-3cc1f649ac53): Device file not found
2026-02-06 06:17:05,685 - WARNING - Sensor 4 (28-3cf2f6498873): Device file not found
2026-02-06 06:17:05,686 - WARNING - 2026-02-06 06:17:05 - Invalid readings from sensors: [0, 1, 2, 3] (4/4 failed)
2026-02-06 06:18:05,747 - WARNING - Sensor 0 (28-3c4ef649f11d): Device file not found
2026-02-06 06:18:05,747 - WARNING - Sensor 1 (28-3c68f6499bcd): Device file not found
2026-02-06 06:18:05,747 - WARNING - Sensor 2 (28-3cb9f64947fe): Device file not found
2026-02-06 06:18:05,748 - WARNING - Sensor 3 (28-3cc1f649ac53): Device file not found
2026-02-06 06:18:05,748 - WARNING - Sensor 4 (28-3cf2f6498873): Device file not found
2026-02-06 06:18:05,748 - WARNING - 2026-02-06 06:18:05 - Invalid readings from sensors: [0, 1, 2, 3] (4/4 failed)
2026-02-06 06:19:05,809 - WARNING - Sensor 0 (28-3c4ef649f11d): Device file not found
2026-02-06 06:19:05,810 - WARNING - Sensor 1 (28-3c68f6499bcd): Device file not found
2026-02-06 06:19:05,810 - WARNING - Sensor 2 (28-3cb9f64947fe): Device file not found
2026-02-06 06:19:05,810 - WARNING - Sensor 3 (28-3cc1f649ac53): Device file not found
2026-02-06 06:19:05,811 - WARNING - Sensor 4 (28-3cf2f6498873): Device file not found
2026-02-06 06:19:05,811 - WARNING - 2026-02-06 06:19:05 - Invalid readings from sensors: [0, 1, 2, 3] (4/4 failed)
2026-02-06 06:20:05,872 - WARNING - Sensor 0 (28-3c4ef649f11d): Device file not found
2026-02-06 06:20:05,873 - WARNING - Sensor 1 (28-3c68f6499bcd): Device file not found
2026-02-06 06:20:05,873 - WARNING - Sensor 2 (28-3cb9f64947fe): Device file not found
2026-02-06 06:20:05,873 - WARNING - Sensor 3 (28-3cc1f649ac53): Device file not found
2026-02-06 06:20:05,874 - WARNING - Sensor 4 (28-3cf2f6498873): Device file not found
2026-02-06 06:20:05,874 - WARNING - 2026-02-06 06:20:05 - Invalid readings from sensors: [0, 1, 2, 3] (4/4 failed)
2026-02-06 06:21:05,920 - WARNING - Sensor 0 (28-3c4ef649f11d): Device file not found
2026-02-06 06:21:05,920 - WARNING - Sensor 1 (28-3c68f6499bcd): Device file not found
2026-02-06 06:21:05,921 - WARNING - Sensor 2 (28-3cb9f64947fe): Device file not found
2026-02-06 06:21:05,921 - WARNING - Sensor 3 (28-3cc1f649ac53): Device file not found
2026-02-06 06:21:05,921 - WARNING - Sensor 4 (28-3cf2f6498873): Device file not found
2026-02-06 06:21:05,922 - WARNING - 2026-02-06 06:21:05 - Invalid readings from sensors: [0, 1, 2, 3] (4/4 failed)
2026-02-06 06:22:05,982 - WARNING - Sensor 0 (28-3c4ef649f11d): Device file not found
2026-02-06 06:22:05,983 - WARNING - Sensor 1 (28-3c68f6499bcd): Device file not found
2026-02-06 06:22:05,983 - WARNING - Sensor 2 (28-3cb9f64947fe): Device file not found
2026-02-06 06:22:05,983 - WARNING - Sensor 3 (28-3cc1f649ac53): Device file not found
2026-02-06 06:22:05,983 - WARNING - Sensor 4 (28-3cf2f6498873): Device file not found
2026-02-06 06:22:05,983 - WARNING - 2026-02-06 06:22:05 - Invalid readings from sensors: [0, 1, 2, 3] (4/4 failed)
2026-02-06 06:23:06,033 - WARNING - Sensor 0 (28-3c4ef649f11d): Device file not found
2026-02-06 06:23:06,033 - WARNING - Sensor 1 (28-3c68f6499bcd): Device file not found
2026-02-06 06:23:06,033 - WARNING - Sensor 2 (28-3cb9f64947fe): Device file not found
2026-02-06 06:23:06,034 - WARNING - Sensor 3 (28-3cc1f649ac53): Device file not found
2026-02-06 06:23:06,034 - WARNING - Sensor 4 (28-3cf2f6498873): Device file not found
2026-02-06 06:23:06,034 - WARNING - 2026-02-06 06:23:06 - Invalid readings from sensors: [0, 1, 2, 3] (4/4 failed)
2026-02-06 06:24:06,094 - WARNING - Sensor 0 (28-3c4ef649f11d): Device file not found
2026-02-06 06:24:06,095 - WARNING - Sensor 1 (28-3c68f6499bcd): Device file not found
2026-02-06 06:24:06,095 - WARNING - Sensor 2 (28-3cb9f64947fe): Device file not found
2026-02-06 06:24:06,095 - WARNING - Sensor 3 (28-3cc1f649ac53): Device file not found
2026-02-06 06:24:06,095 - WARNING - Sensor 4 (28-3cf2f6498873): Device file not found
2026-02-06 06:24:06,095 - WARNING - 2026-02-06 06:24:06 - Invalid readings from sensors: [0, 1, 2, 3] (4/4 failed)
2026-02-06 06:25:06,142 - WARNING - Sensor 0 (28-3c4ef649f11d): Device file not found
2026-02-06 06:25:06,143 - WARNING - Sensor 1 (28-3c68f6499bcd): Device file not found
2026-02-06 06:25:06,143 - WARNING - Sensor 2 (28-3cb9f64947fe): Device file not found
2026-02-06 06:25:06,143 - WARNING - Sensor 3 (28-3cc1f649ac53): Device file not found
2026-02-06 06:25:06,143 - WARNING - Sensor 4 (28-3cf2f6498873): Device file not found
2026-02-06 06:25:06,143 - WARNING - 2026-02-06 06:25:06 - Invalid readings from sensors: [0, 1, 2, 3] (4/4 failed)
2026-02-06 06:26:06,204 - WARNING - Sensor 0 (28-3c4ef649f11d): Device file not found
2026-02-06 06:26:06,204 - WARNING - Sensor 1 (28-3c68f6499bcd): Device file not found
2026-02-06 06:26:06,204 - WARNING - Sensor 2 (28-3cb9f64947fe): Device file not found
2026-02-06 06:26:06,205 - WARNING - Sensor 3 (28-3cc1f649ac53): Device file not found
2026-02-06 06:26:06,205 - WARNING - Sensor 4 (28-3cf2f6498873): Device file not found
2026-02-06 06:26:06,205 - WARNING - 2026-02-06 06:26:06 - Invalid readings from sensors: [0, 1, 2, 3] (4/4 failed)
2026-02-06 06:27:06,266 - WARNING - Sensor 0 (28-3c4ef649f11d): Device file not found
2026-02-06 06:27:06,266 - WARNING - Sensor 1 (28-3c68f6499bcd): Device file not found
2026-02-06 06:27:06,267 - WARNING - Sensor 2 (28-3cb9f64947fe): Device file not found
2026-02-06 06:27:06,267 - WARNING - Sensor 3 (28-3cc1f649ac53): Device file not found
2026-02-06 06:27:06,268 - WARNING - Sensor 4 (28-3cf2f6498873): Device file not found
2026-02-06 06:27:06,268 - WARNING - 2026-02-06 06:27:06 - Invalid readings from sensors: [0, 1, 2, 3] (4/4 failed)
2026-02-06 06:28:06,280 - WARNING - Sensor 0 (28-3c4ef649f11d): Device file not found
2026-02-06 06:28:06,280 - WARNING - Sensor 1 (28-3c68f6499bcd): Device file not found
2026-02-06 06:28:06,281 - WARNING - Sensor 2 (28-3cb9f64947fe): Device file not found
2026-02-06 06:28:06,281 - WARNING - Sensor 3 (28-3cc1f649ac53): Device file not found
2026-02-06 06:28:06,281 - WARNING - Sensor 4 (28-3cf2f6498873): Device file not found
2026-02-06 06:28:06,282 - WARNING - 2026-02-06 06:28:06 - Invalid readings from sensors: [0, 1, 2, 3] (4/4 failed)
2026-02-06 06:29:06,343 - WARNING - Sensor 0 (28-3c4ef649f11d): Device file not found
2026-02-06 06:29:06,343 - WARNING - Sensor 1 (28-3c68f6499bcd): Device file not found
2026-02-06 06:29:06,344 - WARNING - Sensor 2 (28-3cb9f64947fe): Device file not found
2026-02-06 06:29:06,344 - WARNING - Sensor 3 (28-3cc1f649ac53): Device file not found
2026-02-06 06:29:06,344 - WARNING - Sensor 4 (28-3cf2f6498873): Device file not found
2026-02-06 06:29:06,345 - WARNING - 2026-02-06 06:29:06 - Invalid readings from sensors: [0, 1, 2, 3] (4/4 failed)
2026-02-06 06:30:06,375 - WARNING - Sensor 0 (28-3c4ef649f11d): Device file not found
2026-02-06 06:30:06,376 - WARNING - Sensor 1 (28-3c68f6499bcd): Device file not found
2026-02-06 06:30:06,376 - WARNING - Sensor 2 (28-3cb9f64947fe): Device file not found
2026-02-06 06:30:06,376 - WARNING - Sensor 3 (28-3cc1f649ac53): Device file not found
2026-02-06 06:30:06,376 - WARNING - Sensor 4 (28-3cf2f6498873): Device file not found
2026-02-06 06:30:06,376 - WARNING - 2026-02-06 06:30:06 - Invalid readings from sensors: [0, 1, 2, 3] (4/4 failed)
2026-02-06 06:31:06,437 - WARNING - Sensor 0 (28-3c4ef649f11d): Device file not found
2026-02-06 06:31:06,437 - WARNING - Sensor 1 (28-3c68f6499bcd): Device file not found
2026-02-06 06:31:06,438 - WARNING - Sensor 2 (28-3cb9f64947fe): Device file not found
2026-02-06 06:31:06,438 - WARNING - Sensor 3 (28-3cc1f649ac53): Device file not found
2026-02-06 06:31:06,438 - WARNING - Sensor 4 (28-3cf2f6498873): Device file not found
2026-02-06 06:31:06,439 - WARNING - 2026-02-06 06:31:06 - Invalid readings from sensors: [0, 1, 2, 3] (4/4 failed)
2026-02-06 06:32:06,500 - WARNING - Sensor 0 (28-3c4ef649f11d): Device file not found
2026-02-06 06:32:06,501 - WARNING - Sensor 1 (28-3c68f6499bcd): Device file not found
2026-02-06 06:32:06,501 - WARNING - Sensor 2 (28-3cb9f64947fe): Device file not found
2026-02-06 06:32:06,501 - WARNING - Sensor 3 (28-3cc1f649ac53): Device file not found
2026-02-06 06:32:06,502 - WARNING - Sensor 4 (28-3cf2f6498873): Device file not found
2026-02-06 06:32:06,502 - WARNING - 2026-02-06 06:32:06 - Invalid readings from sensors: [0, 1, 2, 3] (4/4 failed)
2026-02-06 06:33:06,503 - WARNING - Sensor 0 (28-3c4ef649f11d): Device file not found
2026-02-06 06:33:06,503 - WARNING - Sensor 1 (28-3c68f6499bcd): Device file not found
2026-02-06 06:33:06,503 - WARNING - Sensor 2 (28-3cb9f64947fe): Device file not found
2026-02-06 06:33:06,503 - WARNING - Sensor 3 (28-3cc1f649ac53): Device file not found
2026-02-06 06:33:06,504 - WARNING - Sensor 4 (28-3cf2f6498873): Device file not found
2026-02-06 06:33:06,504 - WARNING - 2026-02-06 06:33:06 - Invalid readings from sensors: [0, 1, 2, 3] (4/4 failed)
2026-02-06 06:34:06,564 - WARNING - Sensor 0 (28-3c4ef649f11d): Device file not found
2026-02-06 06:34:06,564 - WARNING - Sensor 1 (28-3c68f6499bcd): Device file not found
2026-02-06 06:34:06,565 - WARNING - Sensor 2 (28-3cb9f64947fe): Device file not found
2026-02-06 06:34:06,565 - WARNING - Sensor 3 (28-3cc1f649ac53): Device file not found
2026-02-06 06:34:06,565 - WARNING - Sensor 4 (28-3cf2f6498873): Device file not found
2026-02-06 06:34:06,565 - WARNING - 2026-02-06 06:34:06 - Invalid readings from sensors: [0, 1, 2, 3] (4/4 failed)
2026-02-06 06:35:06,575 - WARNING - Sensor 0 (28-3c4ef649f11d): Device file not found
2026-02-06 06:35:06,576 - WARNING - Sensor 1 (28-3c68f6499bcd): Device file not found
2026-02-06 06:35:06,576 - WARNING - Sensor 2 (28-3cb9f64947fe): Device file not found
2026-02-06 06:35:06,576 - WARNING - Sensor 3 (28-3cc1f649ac53): Device file not found
2026-02-06 06:35:06,576 - WARNING - Sensor 4 (28-3cf2f6498873): Device file not found
2026-02-06 06:35:06,576 - WARNING - 2026-02-06 06:35:06 - Invalid readings from sensors: [0, 1, 2, 3] (4/4 failed)
2026-02-06 06:36:06,624 - WARNING - Sensor 0 (28-3c4ef649f11d): Device file not found
2026-02-06 06:36:06,624 - WARNING - Sensor 1 (28-3c68f6499bcd): Device file not found
2026-02-06 06:36:06,625 - WARNING - Sensor 2 (28-3cb9f64947fe): Device file not found
2026-02-06 06:36:06,625 - WARNING - Sensor 3 (28-3cc1f649ac53): Device file not found
2026-02-06 06:36:06,625 - WARNING - Sensor 4 (28-3cf2f6498873): Device file not found
2026-02-06 06:36:06,626 - WARNING - 2026-02-06 06:36:06 - Invalid readings from sensors: [0, 1, 2, 3] (4/4 failed)
2026-02-06 06:37:06,686 - WARNING - Sensor 0 (28-3c4ef649f11d): Device file not found
2026-02-06 06:37:06,687 - WARNING - Sensor 1 (28-3c68f6499bcd): Device file not found
2026-02-06 06:37:06,687 - WARNING - Sensor 2 (28-3cb9f64947fe): Device file not found
2026-02-06 06:37:06,687 - WARNING - Sensor 3 (28-3cc1f649ac53): Device file not found
2026-02-06 06:37:06,687 - WARNING - Sensor 4 (28-3cf2f6498873): Device file not found
2026-02-06 06:37:06,687 - WARNING - 2026-02-06 06:37:06 - Invalid readings from sensors: [0, 1, 2, 3] (4/4 failed)
2026-02-06 06:38:06,748 - WARNING - Sensor 0 (28-3c4ef649f11d): Device file not found
2026-02-06 06:38:06,748 - WARNING - Sensor 1 (28-3c68f6499bcd): Device file not found
2026-02-06 06:38:06,748 - WARNING - Sensor 2 (28-3cb9f64947fe): Device file not found
2026-02-06 06:38:06,748 - WARNING - Sensor 3 (28-3cc1f649ac53): Device file not found
2026-02-06 06:38:06,748 - WARNING - Sensor 4 (28-3cf2f6498873): Device file not found
2026-02-06 06:38:06,749 - WARNING - 2026-02-06 06:38:06 - Invalid readings from sensors: [0, 1, 2, 3] (4/4 failed)
2026-02-06 06:39:06,809 - WARNING - Sensor 0 (28-3c4ef649f11d): Device file not found
2026-02-06 06:39:06,810 - WARNING - Sensor 1 (28-3c68f6499bcd): Device file not found
2026-02-06 06:39:06,810 - WARNING - Sensor 2 (28-3cb9f64947fe): Device file not found
2026-02-06 06:39:06,810 - WARNING - Sensor 3 (28-3cc1f649ac53): Device file not found
2026-02-06 06:39:06,811 - WARNING - Sensor 4 (28-3cf2f6498873): Device file not found
2026-02-06 06:39:06,812 - WARNING - 2026-02-06 06:39:06 - Invalid readings from sensors: [0, 1, 2, 3] (4/4 failed)
2026-02-06 06:40:06,872 - WARNING - Sensor 0 (28-3c4ef649f11d): Device file not found
2026-02-06 06:40:06,873 - WARNING - Sensor 1 (28-3c68f6499bcd): Device file not found
2026-02-06 06:40:06,873 - WARNING - Sensor 2 (28-3cb9f64947fe): Device file not found
2026-02-06 06:40:06,873 - WARNING - Sensor 3 (28-3cc1f649ac53): Device file not found
2026-02-06 06:40:06,873 - WARNING - Sensor 4 (28-3cf2f6498873): Device file not found
2026-02-06 06:40:06,873 - WARNING - 2026-02-06 06:40:06 - Invalid readings from sensors: [0, 1, 2, 3] (4/4 failed)
2026-02-06 06:41:06,934 - WARNING - Sensor 0 (28-3c4ef649f11d): Device file not found
2026-02-06 06:41:06,934 - WARNING - Sensor 1 (28-3c68f6499bcd): Device file not found
2026-02-06 06:41:06,934 - WARNING - Sensor 2 (28-3cb9f64947fe): Device file not found
2026-02-06 06:41:06,935 - WARNING - Sensor 3 (28-3cc1f649ac53): Device file not found
2026-02-06 06:41:06,935 - WARNING - Sensor 4 (28-3cf2f6498873): Device file not found
2026-02-06 06:41:06,936 - WARNING - 2026-02-06 06:41:06 - Invalid readings from sensors: [0, 1, 2, 3] (4/4 failed)
2026-02-06 06:42:06,996 - WARNING - Sensor 0 (28-3c4ef649f11d): Device file not found
2026-02-06 06:42:06,997 - WARNING - Sensor 1 (28-3c68f6499bcd): Device file not found
2026-02-06 06:42:06,997 - WARNING - Sensor 2 (28-3cb9f64947fe): Device file not found
2026-02-06 06:42:06,997 - WARNING - Sensor 3 (28-3cc1f649ac53): Device file not found
2026-02-06 06:42:06,998 - WARNING - Sensor 4 (28-3cf2f6498873): Device file not found
2026-02-06 06:42:06,998 - WARNING - 2026-02-06 06:42:06 - Invalid readings from sensors: [0, 1, 2, 3] (4/4 failed)
2026-02-06 06:43:07,048 - WARNING - Sensor 0 (28-3c4ef649f11d): Device file not found
2026-02-06 06:43:07,048 - WARNING - Sensor 1 (28-3c68f6499bcd): Device file not found
2026-02-06 06:43:07,049 - WARNING - Sensor 2 (28-3cb9f64947fe): Device file not found
2026-02-06 06:43:07,049 - WARNING - Sensor 3 (28-3cc1f649ac53): Device file not found
2026-02-06 06:43:07,049 - WARNING - Sensor 4 (28-3cf2f6498873): Device file not found
2026-02-06 06:43:07,050 - WARNING - 2026-02-06 06:43:07 - Invalid readings from sensors: [0, 1, 2, 3] (4/4 failed)
2026-02-06 06:44:07,092 - WARNING - Sensor 0 (28-3c4ef649f11d): Device file not found
2026-02-06 06:44:07,092 - WARNING - Sensor 1 (28-3c68f6499bcd): Device file not found
2026-02-06 06:44:07,092 - WARNING - Sensor 2 (28-3cb9f64947fe): Device file not found
2026-02-06 06:44:07,092 - WARNING - Sensor 3 (28-3cc1f649ac53): Device file not found
2026-02-06 06:44:07,092 - WARNING - Sensor 4 (28-3cf2f6498873): Device file not found
2026-02-06 06:44:07,093 - WARNING - 2026-02-06 06:44:07 - Invalid readings from sensors: [0, 1, 2, 3] (4/4 failed)
2026-02-06 06:45:07,153 - WARNING - Sensor 0 (28-3c4ef649f11d): Device file not found
2026-02-06 06:45:07,154 - WARNING - Sensor 1 (28-3c68f6499bcd): Device file not found
2026-02-06 06:45:07,154 - WARNING - Sensor 2 (28-3cb9f64947fe): Device file not found
2026-02-06 06:45:07,154 - WARNING - Sensor 3 (28-3cc1f649ac53): Device file not found
2026-02-06 06:45:07,154 - WARNING - Sensor 4 (28-3cf2f6498873): Device file not found
2026-02-06 06:45:07,155 - WARNING - 2026-02-06 06:45:07 - Invalid readings from sensors: [0, 1, 2, 3] (4/4 failed)
2026-02-06 06:46:07,207 - WARNING - Sensor 0 (28-3c4ef649f11d): Device file not found
2026-02-06 06:46:07,208 - WARNING - Sensor 1 (28-3c68f6499bcd): Device file not found
2026-02-06 06:46:07,208 - WARNING - Sensor 2 (28-3cb9f64947fe): Device file not found
2026-02-06 06:46:07,208 - WARNING - Sensor 3 (28-3cc1f649ac53): Device file not found
2026-02-06 06:46:07,208 - WARNING - Sensor 4 (28-3cf2f6498873): Device file not found
2026-02-06 06:46:07,208 - WARNING - 2026-02-06 06:46:07 - Invalid readings from sensors: [0, 1, 2, 3] (4/4 failed)
2026-02-06 06:47:07,219 - WARNING - Sensor 0 (28-3c4ef649f11d): Device file not found
2026-02-06 06:47:07,220 - WARNING - Sensor 1 (28-3c68f6499bcd): Device file not found
2026-02-06 06:47:07,220 - WARNING - Sensor 2 (28-3cb9f64947fe): Device file not found
2026-02-06 06:47:07,220 - WARNING - Sensor 3 (28-3cc1f649ac53): Device file not found
2026-02-06 06:47:07,220 - WARNING - Sensor 4 (28-3cf2f6498873): Device file not found
2026-02-06 06:47:07,220 - WARNING - 2026-02-06 06:47:07 - Invalid readings from sensors: [0, 1, 2, 3] (4/4 failed)
2026-02-06 06:48:07,281 - WARNING - Sensor 0 (28-3c4ef649f11d): Device file not found
2026-02-06 06:48:07,281 - WARNING - Sensor 1 (28-3c68f6499bcd): Device file not found
2026-02-06 06:48:07,281 - WARNING - Sensor 2 (28-3cb9f64947fe): Device file not found
2026-02-06 06:48:07,281 - WARNING - Sensor 3 (28-3cc1f649ac53): Device file not found
2026-02-06 06:48:07,281 - WARNING - Sensor 4 (28-3cf2f6498873): Device file not found
2026-02-06 06:48:07,282 - WARNING - 2026-02-06 06:48:07 - Invalid readings from sensors: [0, 1, 2, 3] (4/4 failed)
2026-02-06 06:49:07,287 - WARNING - Sensor 0 (28-3c4ef649f11d): Device file not found
2026-02-06 06:49:07,288 - WARNING - Sensor 1 (28-3c68f6499bcd): Device file not found
2026-02-06 06:49:07,288 - WARNING - Sensor 2 (28-3cb9f64947fe): Device file not found
2026-02-06 06:49:07,288 - WARNING - Sensor 3 (28-3cc1f649ac53): Device file not found
2026-02-06 06:49:07,288 - WARNING - Sensor 4 (28-3cf2f6498873): Device file not found
2026-02-06 06:49:07,288 - WARNING - 2026-02-06 06:49:07 - Invalid readings from sensors: [0, 1, 2, 3] (4/4 failed)
2026-02-06 06:50:07,349 - WARNING - Sensor 0 (28-3c4ef649f11d): Device file not found
2026-02-06 06:50:07,349 - WARNING - Sensor 1 (28-3c68f6499bcd): Device file not found
2026-02-06 06:50:07,349 - WARNING - Sensor 2 (28-3cb9f64947fe): Device file not found
2026-02-06 06:50:07,349 - WARNING - Sensor 3 (28-3cc1f649ac53): Device file not found
2026-02-06 06:50:07,349 - WARNING - Sensor 4 (28-3cf2f6498873): Device file not found
2026-02-06 06:50:07,350 - WARNING - 2026-02-06 06:50:07 - Invalid readings from sensors: [0, 1, 2, 3] (4/4 failed)
2026-02-06 06:51:07,410 - WARNING - Sensor 0 (28-3c4ef649f11d): Device file not found
2026-02-06 06:51:07,411 - WARNING - Sensor 1 (28-3c68f6499bcd): Device file not found
2026-02-06 06:51:07,411 - WARNING - Sensor 2 (28-3cb9f64947fe): Device file not found
2026-02-06 06:51:07,412 - WARNING - Sensor 3 (28-3cc1f649ac53): Device file not found
2026-02-06 06:51:07,412 - WARNING - Sensor 4 (28-3cf2f6498873): Device file not found
2026-02-06 06:51:07,413 - WARNING - 2026-02-06 06:51:07 - Invalid readings from sensors: [0, 1, 2, 3] (4/4 failed)
2026-02-06 06:52:07,424 - WARNING - Sensor 0 (28-3c4ef649f11d): Device file not found
2026-02-06 06:52:07,424 - WARNING - Sensor 1 (28-3c68f6499bcd): Device file not found
2026-02-06 06:52:07,425 - WARNING - Sensor 2 (28-3cb9f64947fe): Device file not found
2026-02-06 06:52:07,425 - WARNING - Sensor 3 (28-3cc1f649ac53): Device file not found
2026-02-06 06:52:07,425 - WARNING - Sensor 4 (28-3cf2f6498873): Device file not found
2026-02-06 06:52:07,426 - WARNING - 2026-02-06 06:52:07 - Invalid readings from sensors: [0, 1, 2, 3] (4/4 failed)
2026-02-06 06:53:07,463 - WARNING - Sensor 0 (28-3c4ef649f11d): Device file not found
2026-02-06 06:53:07,464 - WARNING - Sensor 1 (28-3c68f6499bcd): Device file not found
2026-02-06 06:53:07,464 - WARNING - Sensor 2 (28-3cb9f64947fe): Device file not found
2026-02-06 06:53:07,464 - WARNING - Sensor 3 (28-3cc1f649ac53): Device file not found
2026-02-06 06:53:07,464 - WARNING - Sensor 4 (28-3cf2f6498873): Device file not found
2026-02-06 06:53:07,464 - WARNING - 2026-02-06 06:53:07 - Invalid readings from sensors: [0, 1, 2, 3] (4/4 failed)
2026-02-06 06:54:07,525 - WARNING - Sensor 0 (28-3c4ef649f11d): Device file not found
2026-02-06 06:54:07,525 - WARNING - Sensor 1 (28-3c68f6499bcd): Device file not found
2026-02-06 06:54:07,525 - WARNING - Sensor 2 (28-3cb9f64947fe): Device file not found
2026-02-06 06:54:07,525 - WARNING - Sensor 3 (28-3cc1f649ac53): Device file not found
2026-02-06 06:54:07,525 - WARNING - Sensor 4 (28-3cf2f6498873): Device file not found
2026-02-06 06:54:07,526 - WARNING - 2026-02-06 06:54:07 - Invalid readings from sensors: [0, 1, 2, 3] (4/4 failed)
2026-02-06 06:55:07,559 - WARNING - Sensor 0 (28-3c4ef649f11d): Device file not found
2026-02-06 06:55:07,560 - WARNING - Sensor 1 (28-3c68f6499bcd): Device file not found
2026-02-06 06:55:07,560 - WARNING - Sensor 2 (28-3cb9f64947fe): Device file not found
2026-02-06 06:55:07,560 - WARNING - Sensor 3 (28-3cc1f649ac53): Device file not found
2026-02-06 06:55:07,560 - WARNING - Sensor 4 (28-3cf2f6498873): Device file not found
2026-02-06 06:55:07,560 - WARNING - 2026-02-06 06:55:07 - Invalid readings from sensors: [0, 1, 2, 3] (4/4 failed)
2026-02-06 06:56:07,621 - WARNING - Sensor 0 (28-3c4ef649f11d): Device file not found
2026-02-06 06:56:07,621 - WARNING - Sensor 1 (28-3c68f6499bcd): Device file not found
2026-02-06 06:56:07,622 - WARNING - Sensor 2 (28-3cb9f64947fe): Device file not found
2026-02-06 06:56:07,622 - WARNING - Sensor 3 (28-3cc1f649ac53): Device file not found
2026-02-06 06:56:07,622 - WARNING - Sensor 4 (28-3cf2f6498873): Device file not found
2026-02-06 06:56:07,623 - WARNING - 2026-02-06 06:56:07 - Invalid readings from sensors: [0, 1, 2, 3] (4/4 failed)
2026-02-06 06:57:07,648 - WARNING - Sensor 0 (28-3c4ef649f11d): Device file not found
2026-02-06 06:57:07,648 - WARNING - Sensor 1 (28-3c68f6499bcd): Device file not found
2026-02-06 06:57:07,649 - WARNING - Sensor 2 (28-3cb9f64947fe): Device file not found
2026-02-06 06:57:07,649 - WARNING - Sensor 3 (28-3cc1f649ac53): Device file not found
2026-02-06 06:57:07,649 - WARNING - Sensor 4 (28-3cf2f6498873): Device file not found
2026-02-06 06:57:07,650 - WARNING - 2026-02-06 06:57:07 - Invalid readings from sensors: [0, 1, 2, 3] (4/4 failed)
2026-02-06 06:58:07,694 - WARNING - Sensor 0 (28-3c4ef649f11d): Device file not found
2026-02-06 06:58:07,694 - WARNING - Sensor 1 (28-3c68f6499bcd): Device file not found
2026-02-06 06:58:07,695 - WARNING - Sensor 2 (28-3cb9f64947fe): Device file not found
2026-02-06 06:58:07,695 - WARNING - Sensor 3 (28-3cc1f649ac53): Device file not found
2026-02-06 06:58:07,695 - WARNING - Sensor 4 (28-3cf2f6498873): Device file not found
2026-02-06 06:58:07,696 - WARNING - 2026-02-06 06:58:07 - Invalid readings from sensors: [0, 1, 2, 3] (4/4 failed)
2026-02-06 06:59:07,757 - WARNING - Sensor 0 (28-3c4ef649f11d): Device file not found
2026-02-06 06:59:07,757 - WARNING - Sensor 1 (28-3c68f6499bcd): Device file not found
2026-02-06 06:59:07,757 - WARNING - Sensor 2 (28-3cb9f64947fe): Device file not found
2026-02-06 06:59:07,757 - WARNING - Sensor 3 (28-3cc1f649ac53): Device file not found
2026-02-06 06:59:07,757 - WARNING - Sensor 4 (28-3cf2f6498873): Device file not found
2026-02-06 06:59:07,758 - WARNING - 2026-02-06 06:59:07 - Invalid readings from sensors: [0, 1, 2, 3] (4/4 failed)
2026-02-06 07:00:07,818 - WARNING - Sensor 0 (28-3c4ef649f11d): Device file not found
2026-02-06 07:00:07,818 - WARNING - Sensor 1 (28-3c68f6499bcd): Device file not found
2026-02-06 07:00:07,818 - WARNING - Sensor 2 (28-3cb9f64947fe): Device file not found
2026-02-06 07:00:07,818 - WARNING - Sensor 3 (28-3cc1f649ac53): Device file not found
2026-02-06 07:00:07,819 - WARNING - Sensor 4 (28-3cf2f6498873): Device file not found
2026-02-06 07:00:07,819 - WARNING - 2026-02-06 07:00:07 - Invalid readings from sensors: [0, 1, 2, 3] (4/4 failed)
2026-02-06 07:01:07,827 - WARNING - Sensor 0 (28-3c4ef649f11d): Device file not found
2026-02-06 07:01:07,828 - WARNING - Sensor 1 (28-3c68f6499bcd): Device file not found
2026-02-06 07:01:07,828 - WARNING - Sensor 2 (28-3cb9f64947fe): Device file not found
2026-02-06 07:01:07,828 - WARNING - Sensor 3 (28-3cc1f649ac53): Device file not found
2026-02-06 07:01:07,828 - WARNING - Sensor 4 (28-3cf2f6498873): Device file not found
2026-02-06 07:01:07,828 - WARNING - 2026-02-06 07:01:07 - Invalid readings from sensors: [0, 1, 2, 3] (4/4 failed)
2026-02-06 07:02:07,889 - WARNING - Sensor 0 (28-3c4ef649f11d): Device file not found
2026-02-06 07:02:07,889 - WARNING - Sensor 1 (28-3c68f6499bcd): Device file not found
2026-02-06 07:02:07,889 - WARNING - Sensor 2 (28-3cb9f64947fe): Device file not found
2026-02-06 07:02:07,889 - WARNING - Sensor 3 (28-3cc1f649ac53): Device file not found
2026-02-06 07:02:07,889 - WARNING - Sensor 4 (28-3cf2f6498873): Device file not found
2026-02-06 07:02:07,890 - WARNING - 2026-02-06 07:02:07 - Invalid readings from sensors: [0, 1, 2, 3] (4/4 failed)
2026-02-06 07:03:07,922 - WARNING - Sensor 0 (28-3c4ef649f11d): Device file not found
2026-02-06 07:03:07,922 - WARNING - Sensor 1 (28-3c68f6499bcd): Device file not found
2026-02-06 07:03:07,923 - WARNING - Sensor 2 (28-3cb9f64947fe): Device file not found
2026-02-06 07:03:07,923 - WARNING - Sensor 3 (28-3cc1f649ac53): Device file not found
2026-02-06 07:03:07,923 - WARNING - Sensor 4 (28-3cf2f6498873): Device file not found
2026-02-06 07:03:07,924 - WARNING - 2026-02-06 07:03:07 - Invalid readings from sensors: [0, 1, 2, 3] (4/4 failed)
2026-02-06 07:04:07,928 - WARNING - Sensor 0 (28-3c4ef649f11d): Device file not found
2026-02-06 07:04:07,929 - WARNING - Sensor 1 (28-3c68f6499bcd): Device file not found
2026-02-06 07:04:07,929 - WARNING - Sensor 2 (28-3cb9f64947fe): Device file not found
2026-02-06 07:04:07,929 - WARNING - Sensor 3 (28-3cc1f649ac53): Device file not found
2026-02-06 07:04:07,930 - WARNING - Sensor 4 (28-3cf2f6498873): Device file not found
2026-02-06 07:04:07,930 - WARNING - 2026-02-06 07:04:07 - Invalid readings from sensors: [0, 1, 2, 3] (4/4 failed)
2026-02-06 07:05:07,944 - WARNING - Sensor 0 (28-3c4ef649f11d): Device file not found
2026-02-06 07:05:07,944 - WARNING - Sensor 1 (28-3c68f6499bcd): Device file not found
2026-02-06 07:05:07,945 - WARNING - Sensor 2 (28-3cb9f64947fe): Device file not found
2026-02-06 07:05:07,945 - WARNING - Sensor 3 (28-3cc1f649ac53): Device file not found
2026-02-06 07:05:07,945 - WARNING - Sensor 4 (28-3cf2f6498873): Device file not found
2026-02-06 07:05:07,946 - WARNING - 2026-02-06 07:05:07 - Invalid readings from sensors: [0, 1, 2, 3] (4/4 failed)
2026-02-06 07:06:07,951 - WARNING - Sensor 0 (28-3c4ef649f11d): Device file not found
2026-02-06 07:06:07,952 - WARNING - Sensor 1 (28-3c68f6499bcd): Device file not found
2026-02-06 07:06:07,952 - WARNING - Sensor 2 (28-3cb9f64947fe): Device file not found
2026-02-06 07:06:07,952 - WARNING - Sensor 3 (28-3cc1f649ac53): Device file not found
2026-02-06 07:06:07,952 - WARNING - Sensor 4 (28-3cf2f6498873): Device file not found
2026-02-06 07:06:07,952 - WARNING - 2026-02-06 07:06:07 - Invalid readings from sensors: [0, 1, 2, 3] (4/4 failed)
2026-02-06 07:07:08,013 - WARNING - Sensor 0 (28-3c4ef649f11d): Device file not found
2026-02-06 07:07:08,013 - WARNING - Sensor 1 (28-3c68f6499bcd): Device file not found
2026-02-06 07:07:08,014 - WARNING - Sensor 2 (28-3cb9f64947fe): Device file not found
2026-02-06 07:07:08,014 - WARNING - Sensor 3 (28-3cc1f649ac53): Device file not found
2026-02-06 07:07:08,014 - WARNING - Sensor 4 (28-3cf2f6498873): Device file not found
2026-02-06 07:07:08,015 - WARNING - 2026-02-06 07:07:08 - Invalid readings from sensors: [0, 1, 2, 3] (4/4 failed)
2026-02-06 07:08:08,053 - WARNING - Sensor 0 (28-3c4ef649f11d): Device file not found
2026-02-06 07:08:08,054 - WARNING - Sensor 1 (28-3c68f6499bcd): Device file not found
2026-02-06 07:08:08,054 - WARNING - Sensor 2 (28-3cb9f64947fe): Device file not found
2026-02-06 07:08:08,054 - WARNING - Sensor 3 (28-3cc1f649ac53): Device file not found
2026-02-06 07:08:08,054 - WARNING - Sensor 4 (28-3cf2f6498873): Device file not found
2026-02-06 07:08:08,054 - WARNING - 2026-02-06 07:08:08 - Invalid readings from sensors: [0, 1, 2, 3] (4/4 failed)
2026-02-06 07:09:08,115 - WARNING - Sensor 0 (28-3c4ef649f11d): Device file not found
2026-02-06 07:09:08,115 - WARNING - Sensor 1 (28-3c68f6499bcd): Device file not found
2026-02-06 07:09:08,115 - WARNING - Sensor 2 (28-3cb9f64947fe): Device file not found
2026-02-06 07:09:08,115 - WARNING - Sensor 3 (28-3cc1f649ac53): Device file not found
2026-02-06 07:09:08,115 - WARNING - Sensor 4 (28-3cf2f6498873): Device file not found
2026-02-06 07:09:08,116 - WARNING - 2026-02-06 07:09:08 - Invalid readings from sensors: [0, 1, 2, 3] (4/4 failed)
2026-02-06 07:10:08,167 - WARNING - Sensor 0 (28-3c4ef649f11d): Device file not found
2026-02-06 07:10:08,168 - WARNING - Sensor 1 (28-3c68f6499bcd): Device file not found
2026-02-06 07:10:08,168 - WARNING - Sensor 2 (28-3cb9f64947fe): Device file not found
2026-02-06 07:10:08,168 - WARNING - Sensor 3 (28-3cc1f649ac53): Device file not found
2026-02-06 07:10:08,168 - WARNING - Sensor 4 (28-3cf2f6498873): Device file not found
2026-02-06 07:10:08,168 - WARNING - 2026-02-06 07:10:08 - Invalid readings from sensors: [0, 1, 2, 3] (4/4 failed)
2026-02-06 07:11:08,229 - WARNING - Sensor 0 (28-3c4ef649f11d): Device file not found
2026-02-06 07:11:08,229 - WARNING - Sensor 1 (28-3c68f6499bcd): Device file not found
2026-02-06 07:11:08,229 - WARNING - Sensor 2 (28-3cb9f64947fe): Device file not found
2026-02-06 07:11:08,229 - WARNING - Sensor 3 (28-3cc1f649ac53): Device file not found
2026-02-06 07:11:08,229 - WARNING - Sensor 4 (28-3cf2f6498873): Device file not found
2026-02-06 07:11:08,230 - WARNING - 2026-02-06 07:11:08 - Invalid readings from sensors: [0, 1, 2, 3] (4/4 failed)
2026-02-06 07:12:08,290 - WARNING - Sensor 0 (28-3c4ef649f11d): Device file not found
2026-02-06 07:12:08,291 - WARNING - Sensor 1 (28-3c68f6499bcd): Device file not found
2026-02-06 07:12:08,291 - WARNING - Sensor 2 (28-3cb9f64947fe): Device file not found
2026-02-06 07:12:08,291 - WARNING - Sensor 3 (28-3cc1f649ac53): Device file not found
2026-02-06 07:12:08,292 - WARNING - Sensor 4 (28-3cf2f6498873): Device file not found
2026-02-06 07:12:08,293 - WARNING - 2026-02-06 07:12:08 - Invalid readings from sensors: [0, 1, 2, 3] (4/4 failed)
2026-02-06 07:13:08,353 - WARNING - Sensor 0 (28-3c4ef649f11d): Device file not found
2026-02-06 07:13:08,354 - WARNING - Sensor 1 (28-3c68f6499bcd): Device file not found
2026-02-06 07:13:08,354 - WARNING - Sensor 2 (28-3cb9f64947fe): Device file not found
2026-02-06 07:13:08,354 - WARNING - Sensor 3 (28-3cc1f649ac53): Device file not found
2026-02-06 07:13:08,355 - WARNING - Sensor 4 (28-3cf2f6498873): Device file not found
2026-02-06 07:13:08,356 - WARNING - 2026-02-06 07:13:08 - Invalid readings from sensors: [0, 1, 2, 3] (4/4 failed)
2026-02-06 07:14:08,416 - WARNING - Sensor 0 (28-3c4ef649f11d): Device file not found
2026-02-06 07:14:08,416 - WARNING - Sensor 1 (28-3c68f6499bcd): Device file not found
2026-02-06 07:14:08,416 - WARNING - Sensor 2 (28-3cb9f64947fe): Device file not found
2026-02-06 07:14:08,417 - WARNING - Sensor 3 (28-3cc1f649ac53): Device file not found
2026-02-06 07:14:08,417 - WARNING - Sensor 4 (28-3cf2f6498873): Device file not found
2026-02-06 07:14:08,417 - WARNING - 2026-02-06 07:14:08 - Invalid readings from sensors: [0, 1, 2, 3] (4/4 failed)
2026-02-06 07:15:08,456 - WARNING - Sensor 0 (28-3c4ef649f11d): Device file not found
2026-02-06 07:15:08,456 - WARNING - Sensor 1 (28-3c68f6499bcd): Device file not found
2026-02-06 07:15:08,456 - WARNING - Sensor 2 (28-3cb9f64947fe): Device file not found
2026-02-06 07:15:08,456 - WARNING - Sensor 3 (28-3cc1f649ac53): Device file not found
2026-02-06 07:15:08,456 - WARNING - Sensor 4 (28-3cf2f6498873): Device file not found
2026-02-06 07:15:08,457 - WARNING - 2026-02-06 07:15:08 - Invalid readings from sensors: [0, 1, 2, 3] (4/4 failed)
2026-02-06 07:16:08,517 - WARNING - Sensor 0 (28-3c4ef649f11d): Device file not found
2026-02-06 07:16:08,517 - WARNING - Sensor 1 (28-3c68f6499bcd): Device file not found
2026-02-06 07:16:08,517 - WARNING - Sensor 2 (28-3cb9f64947fe): Device file not found
2026-02-06 07:16:08,517 - WARNING - Sensor 3 (28-3cc1f649ac53): Device file not found
2026-02-06 07:16:08,518 - WARNING - Sensor 4 (28-3cf2f6498873): Device file not found
2026-02-06 07:16:08,518 - WARNING - 2026-02-06 07:16:08 - Invalid readings from sensors: [0, 1, 2, 3] (4/4 failed)
2026-02-06 07:17:08,520 - WARNING - Sensor 0 (28-3c4ef649f11d): Device file not found
2026-02-06 07:17:08,520 - WARNING - Sensor 1 (28-3c68f6499bcd): Device file not found
2026-02-06 07:17:08,521 - WARNING - Sensor 2 (28-3cb9f64947fe): Device file not found
2026-02-06 07:17:08,521 - WARNING - Sensor 3 (28-3cc1f649ac53): Device file not found
2026-02-06 07:17:08,521 - WARNING - Sensor 4 (28-3cf2f6498873): Device file not found
2026-02-06 07:17:08,522 - WARNING - 2026-02-06 07:17:08 - Invalid readings from sensors: [0, 1, 2, 3] (4/4 failed)
2026-02-06 07:18:08,582 - WARNING - Sensor 0 (28-3c4ef649f11d): Device file not found
2026-02-06 07:18:08,583 - WARNING - Sensor 1 (28-3c68f6499bcd): Device file not found
2026-02-06 07:18:08,583 - WARNING - Sensor 2 (28-3cb9f64947fe): Device file not found
2026-02-06 07:18:08,583 - WARNING - Sensor 3 (28-3cc1f649ac53): Device file not found
2026-02-06 07:18:08,583 - WARNING - Sensor 4 (28-3cf2f6498873): Device file not found
2026-02-06 07:18:08,583 - WARNING - 2026-02-06 07:18:08 - Invalid readings from sensors: [0, 1, 2, 3] (4/4 failed)
2026-02-06 07:19:08,644 - WARNING - Sensor 0 (28-3c4ef649f11d): Device file not found
2026-02-06 07:19:08,644 - WARNING - Sensor 1 (28-3c68f6499bcd): Device file not found
2026-02-06 07:19:08,645 - WARNING - Sensor 2 (28-3cb9f64947fe): Device file not found
2026-02-06 07:19:08,645 - WARNING - Sensor 3 (28-3cc1f649ac53): Device file not found
2026-02-06 07:19:08,645 - WARNING - Sensor 4 (28-3cf2f6498873): Device file not found
2026-02-06 07:19:08,646 - WARNING - 2026-02-06 07:19:08 - Invalid readings from sensors: [0, 1, 2, 3] (4/4 failed)
2026-02-06 07:20:08,654 - WARNING - Sensor 0 (28-3c4ef649f11d): Device file not found
2026-02-06 07:20:08,654 - WARNING - Sensor 1 (28-3c68f6499bcd): Device file not found
2026-02-06 07:20:08,655 - WARNING - Sensor 2 (28-3cb9f64947fe): Device file not found
2026-02-06 07:20:08,655 - WARNING - Sensor 3 (28-3cc1f649ac53): Device file not found
2026-02-06 07:20:08,655 - WARNING - Sensor 4 (28-3cf2f6498873): Device file not found
2026-02-06 07:20:08,656 - WARNING - 2026-02-06 07:20:08 - Invalid readings from sensors: [0, 1, 2, 3] (4/4 failed)
2026-02-06 07:21:08,711 - WARNING - Sensor 0 (28-3c4ef649f11d): Device file not found
2026-02-06 07:21:08,712 - WARNING - Sensor 1 (28-3c68f6499bcd): Device file not found
2026-02-06 07:21:08,712 - WARNING - Sensor 2 (28-3cb9f64947fe): Device file not found
2026-02-06 07:21:08,712 - WARNING - Sensor 3 (28-3cc1f649ac53): Device file not found
2026-02-06 07:21:08,712 - WARNING - Sensor 4 (28-3cf2f6498873): Device file not found
2026-02-06 07:21:08,712 - WARNING - 2026-02-06 07:21:08 - Invalid readings from sensors: [0, 1, 2, 3] (4/4 failed)
2026-02-06 07:22:08,773 - WARNING - Sensor 0 (28-3c4ef649f11d): Device file not found
2026-02-06 07:22:08,773 - WARNING - Sensor 1 (28-3c68f6499bcd): Device file not found
2026-02-06 07:22:08,773 - WARNING - Sensor 2 (28-3cb9f64947fe): Device file not found
2026-02-06 07:22:08,773 - WARNING - Sensor 3 (28-3cc1f649ac53): Device file not found
2026-02-06 07:22:08,773 - WARNING - Sensor 4 (28-3cf2f6498873): Device file not found
2026-02-06 07:22:08,774 - WARNING - 2026-02-06 07:22:08 - Invalid readings from sensors: [0, 1, 2, 3] (4/4 failed)
2026-02-06 07:23:08,834 - WARNING - Sensor 0 (28-3c4ef649f11d): Device file not found
2026-02-06 07:23:08,835 - WARNING - Sensor 1 (28-3c68f6499bcd): Device file not found
2026-02-06 07:23:08,835 - WARNING - Sensor 2 (28-3cb9f64947fe): Device file not found
2026-02-06 07:23:08,835 - WARNING - Sensor 3 (28-3cc1f649ac53): Device file not found
2026-02-06 07:23:08,835 - WARNING - Sensor 4 (28-3cf2f6498873): Device file not found
2026-02-06 07:23:08,836 - WARNING - 2026-02-06 07:23:08 - Invalid readings from sensors: [0, 1, 2, 3] (4/4 failed)
2026-02-06 07:24:08,871 - WARNING - Sensor 0 (28-3c4ef649f11d): Device file not found
2026-02-06 07:24:08,872 - WARNING - Sensor 1 (28-3c68f6499bcd): Device file not found
2026-02-06 07:24:08,872 - WARNING - Sensor 2 (28-3cb9f64947fe): Device file not found
2026-02-06 07:24:08,872 - WARNING - Sensor 3 (28-3cc1f649ac53): Device file not found
2026-02-06 07:24:08,873 - WARNING - Sensor 4 (28-3cf2f6498873): Device file not found
2026-02-06 07:24:08,873 - WARNING - 2026-02-06 07:24:08 - Invalid readings from sensors: [0, 1, 2, 3] (4/4 failed)
2026-02-06 07:25:08,934 - WARNING - Sensor 0 (28-3c4ef649f11d): Device file not found
2026-02-06 07:25:08,934 - WARNING - Sensor 1 (28-3c68f6499bcd): Device file not found
2026-02-06 07:25:08,935 - WARNING - Sensor 2 (28-3cb9f64947fe): Device file not found
2026-02-06 07:25:08,935 - WARNING - Sensor 3 (28-3cc1f649ac53): Device file not found
2026-02-06 07:25:08,935 - WARNING - Sensor 4 (28-3cf2f6498873): Device file not found
2026-02-06 07:25:08,936 - WARNING - 2026-02-06 07:25:08 - Invalid readings from sensors: [0, 1, 2, 3] (4/4 failed)
2026-02-06 07:26:08,997 - WARNING - Sensor 0 (28-3c4ef649f11d): Device file not found
2026-02-06 07:26:08,997 - WARNING - Sensor 1 (28-3c68f6499bcd): Device file not found
2026-02-06 07:26:08,997 - WARNING - Sensor 2 (28-3cb9f64947fe): Device file not found
2026-02-06 07:26:08,997 - WARNING - Sensor 3 (28-3cc1f649ac53): Device file not found
2026-02-06 07:26:08,997 - WARNING - Sensor 4 (28-3cf2f6498873): Device file not found
2026-02-06 07:26:08,998 - WARNING - 2026-02-06 07:26:08 - Invalid readings from sensors: [0, 1, 2, 3] (4/4 failed)
2026-02-06 07:27:09,058 - WARNING - Sensor 0 (28-3c4ef649f11d): Device file not found
2026-02-06 07:27:09,059 - WARNING - Sensor 1 (28-3c68f6499bcd): Device file not found
2026-02-06 07:27:09,059 - WARNING - Sensor 2 (28-3cb9f64947fe): Device file not found
2026-02-06 07:27:09,059 - WARNING - Sensor 3 (28-3cc1f649ac53): Device file not found
2026-02-06 07:27:09,060 - WARNING - Sensor 4 (28-3cf2f6498873): Device file not found
2026-02-06 07:27:09,061 - WARNING - 2026-02-06 07:27:09 - Invalid readings from sensors: [0, 1, 2, 3] (4/4 failed)
2026-02-06 07:28:09,121 - WARNING - Sensor 0 (28-3c4ef649f11d): Device file not found
2026-02-06 07:28:09,121 - WARNING - Sensor 1 (28-3c68f6499bcd): Device file not found
2026-02-06 07:28:09,121 - WARNING - Sensor 2 (28-3cb9f64947fe): Device file not found
2026-02-06 07:28:09,122 - WARNING - Sensor 3 (28-3cc1f649ac53): Device file not found
2026-02-06 07:28:09,122 - WARNING - Sensor 4 (28-3cf2f6498873): Device file not found
2026-02-06 07:28:09,122 - WARNING - 2026-02-06 07:28:09 - Invalid readings from sensors: [0, 1, 2, 3] (4/4 failed)
2026-02-06 07:29:09,182 - WARNING - Sensor 0 (28-3c4ef649f11d): Device file not found
2026-02-06 07:29:09,183 - WARNING - Sensor 1 (28-3c68f6499bcd): Device file not found
2026-02-06 07:29:09,183 - WARNING - Sensor 2 (28-3cb9f64947fe): Device file not found
2026-02-06 07:29:09,184 - WARNING - Sensor 3 (28-3cc1f649ac53): Device file not found
2026-02-06 07:29:09,184 - WARNING - Sensor 4 (28-3cf2f6498873): Device file not found
2026-02-06 07:29:09,185 - WARNING - 2026-02-06 07:29:09 - Invalid readings from sensors: [0, 1, 2, 3] (4/4 failed)
2026-02-06 07:30:09,194 - WARNING - Sensor 0 (28-3c4ef649f11d): Device file not found
2026-02-06 07:30:09,194 - WARNING - Sensor 1 (28-3c68f6499bcd): Device file not found
2026-02-06 07:30:09,194 - WARNING - Sensor 2 (28-3cb9f64947fe): Device file not found
2026-02-06 07:30:09,195 - WARNING - Sensor 3 (28-3cc1f649ac53): Device file not found
2026-02-06 07:30:09,195 - WARNING - Sensor 4 (28-3cf2f6498873): Device file not found
2026-02-06 07:30:09,195 - WARNING - 2026-02-06 07:30:09 - Invalid readings from sensors: [0, 1, 2, 3] (4/4 failed)
2026-02-06 07:31:09,255 - WARNING - Sensor 0 (28-3c4ef649f11d): Device file not found
2026-02-06 07:31:09,256 - WARNING - Sensor 1 (28-3c68f6499bcd): Device file not found
2026-02-06 07:31:09,256 - WARNING - Sensor 2 (28-3cb9f64947fe): Device file not found
2026-02-06 07:31:09,256 - WARNING - Sensor 3 (28-3cc1f649ac53): Device file not found
2026-02-06 07:31:09,256 - WARNING - Sensor 4 (28-3cf2f6498873): Device file not found
2026-02-06 07:31:09,256 - WARNING - 2026-02-06 07:31:09 - Invalid readings from sensors: [0, 1, 2, 3] (4/4 failed)
2026-02-06 07:32:09,317 - WARNING - Sensor 0 (28-3c4ef649f11d): Device file not found
2026-02-06 07:32:09,317 - WARNING - Sensor 1 (28-3c68f6499bcd): Device file not found
2026-02-06 07:32:09,318 - WARNING - Sensor 2 (28-3cb9f64947fe): Device file not found
2026-02-06 07:32:09,318 - WARNING - Sensor 3 (28-3cc1f649ac53): Device file not found
2026-02-06 07:32:09,319 - WARNING - Sensor 4 (28-3cf2f6498873): Device file not found
2026-02-06 07:32:09,319 - WARNING - 2026-02-06 07:32:09 - Invalid readings from sensors: [0, 1, 2, 3] (4/4 failed)
2026-02-06 07:33:09,380 - WARNING - Sensor 0 (28-3c4ef649f11d): Device file not found
2026-02-06 07:33:09,381 - WARNING - Sensor 1 (28-3c68f6499bcd): Device file not found
2026-02-06 07:33:09,381 - WARNING - Sensor 2 (28-3cb9f64947fe): Device file not found
2026-02-06 07:33:09,381 - WARNING - Sensor 3 (28-3cc1f649ac53): Device file not found
2026-02-06 07:33:09,382 - WARNING - Sensor 4 (28-3cf2f6498873): Device file not found
2026-02-06 07:33:09,382 - WARNING - 2026-02-06 07:33:09 - Invalid readings from sensors: [0, 1, 2, 3] (4/4 failed)
2026-02-06 07:34:09,386 - WARNING - Sensor 0 (28-3c4ef649f11d): Device file not found
2026-02-06 07:34:09,387 - WARNING - Sensor 1 (28-3c68f6499bcd): Device file not found
2026-02-06 07:34:09,387 - WARNING - Sensor 2 (28-3cb9f64947fe): Device file not found
2026-02-06 07:34:09,388 - WARNING - Sensor 3 (28-3cc1f649ac53): Device file not found
2026-02-06 07:34:09,388 - WARNING - Sensor 4 (28-3cf2f6498873): Device file not found
2026-02-06 07:34:09,389 - WARNING - 2026-02-06 07:34:09 - Invalid readings from sensors: [0, 1, 2, 3] (4/4 failed)
2026-02-06 07:35:09,390 - WARNING - Sensor 0 (28-3c4ef649f11d): Device file not found
2026-02-06 07:35:09,391 - WARNING - Sensor 1 (28-3c68f6499bcd): Device file not found
2026-02-06 07:35:09,391 - WARNING - Sensor 2 (28-3cb9f64947fe): Device file not found
2026-02-06 07:35:09,392 - WARNING - Sensor 3 (28-3cc1f649ac53): Device file not found
2026-02-06 07:35:09,392 - WARNING - Sensor 4 (28-3cf2f6498873): Device file not found
2026-02-06 07:35:09,393 - WARNING - 2026-02-06 07:35:09 - Invalid readings from sensors: [0, 1, 2, 3] (4/4 failed)
2026-02-06 07:36:09,453 - WARNING - Sensor 0 (28-3c4ef649f11d): Device file not found
2026-02-06 07:36:09,454 - WARNING - Sensor 1 (28-3c68f6499bcd): Device file not found
2026-02-06 07:36:09,454 - WARNING - Sensor 2 (28-3cb9f64947fe): Device file not found
2026-02-06 07:36:09,454 - WARNING - Sensor 3 (28-3cc1f649ac53): Device file not found
2026-02-06 07:36:09,454 - WARNING - Sensor 4 (28-3cf2f6498873): Device file not found
2026-02-06 07:36:09,454 - WARNING - 2026-02-06 07:36:09 - Invalid readings from sensors: [0, 1, 2, 3] (4/4 failed)
2026-02-06 07:37:09,478 - WARNING - Sensor 0 (28-3c4ef649f11d): Device file not found
2026-02-06 07:37:09,478 - WARNING - Sensor 1 (28-3c68f6499bcd): Device file not found
2026-02-06 07:37:09,479 - WARNING - Sensor 2 (28-3cb9f64947fe): Device file not found
2026-02-06 07:37:09,479 - WARNING - Sensor 3 (28-3cc1f649ac53): Device file not found
2026-02-06 07:37:09,479 - WARNING - Sensor 4 (28-3cf2f6498873): Device file not found
2026-02-06 07:37:09,479 - WARNING - 2026-02-06 07:37:09 - Invalid readings from sensors: [0, 1, 2, 3] (4/4 failed)
2026-02-06 07:38:09,539 - WARNING - Sensor 0 (28-3c4ef649f11d): Device file not found
2026-02-06 07:38:09,540 - WARNING - Sensor 1 (28-3c68f6499bcd): Device file not found
2026-02-06 07:38:09,540 - WARNING - Sensor 2 (28-3cb9f64947fe): Device file not found
2026-02-06 07:38:09,540 - WARNING - Sensor 3 (28-3cc1f649ac53): Device file not found
2026-02-06 07:38:09,540 - WARNING - Sensor 4 (28-3cf2f6498873): Device file not found
2026-02-06 07:38:09,540 - WARNING - 2026-02-06 07:38:09 - Invalid readings from sensors: [0, 1, 2, 3] (4/4 failed)
2026-02-06 07:39:09,601 - WARNING - Sensor 0 (28-3c4ef649f11d): Device file not found
2026-02-06 07:39:09,601 - WARNING - Sensor 1 (28-3c68f6499bcd): Device file not found
2026-02-06 07:39:09,602 - WARNING - Sensor 2 (28-3cb9f64947fe): Device file not found
2026-02-06 07:39:09,602 - WARNING - Sensor 3 (28-3cc1f649ac53): Device file not found
2026-02-06 07:39:09,602 - WARNING - Sensor 4 (28-3cf2f6498873): Device file not found
2026-02-06 07:39:09,603 - WARNING - 2026-02-06 07:39:09 - Invalid readings from sensors: [0, 1, 2, 3] (4/4 failed)
2026-02-06 07:40:09,664 - WARNING - Sensor 0 (28-3c4ef649f11d): Device file not found
2026-02-06 07:40:09,664 - WARNING - Sensor 1 (28-3c68f6499bcd): Device file not found
2026-02-06 07:40:09,665 - WARNING - Sensor 2 (28-3cb9f64947fe): Device file not found
2026-02-06 07:40:09,665 - WARNING - Sensor 3 (28-3cc1f649ac53): Device file not found
2026-02-06 07:40:09,665 - WARNING - Sensor 4 (28-3cf2f6498873): Device file not found
2026-02-06 07:40:09,666 - WARNING - 2026-02-06 07:40:09 - Invalid readings from sensors: [0, 1, 2, 3] (4/4 failed)
2026-02-06 07:41:09,727 - WARNING - Sensor 0 (28-3c4ef649f11d): Device file not found
2026-02-06 07:41:09,727 - WARNING - Sensor 1 (28-3c68f6499bcd): Device file not found
2026-02-06 07:41:09,728 - WARNING - Sensor 2 (28-3cb9f64947fe): Device file not found
2026-02-06 07:41:09,728 - WARNING - Sensor 3 (28-3cc1f649ac53): Device file not found
2026-02-06 07:41:09,728 - WARNING - Sensor 4 (28-3cf2f6498873): Device file not found
2026-02-06 07:41:09,729 - WARNING - 2026-02-06 07:41:09 - Invalid readings from sensors: [0, 1, 2, 3] (4/4 failed)
2026-02-06 07:42:09,790 - WARNING - Sensor 0 (28-3c4ef649f11d): Device file not found
2026-02-06 07:42:09,790 - WARNING - Sensor 1 (28-3c68f6499bcd): Device file not found
2026-02-06 07:42:09,791 - WARNING - Sensor 2 (28-3cb9f64947fe): Device file not found
2026-02-06 07:42:09,791 - WARNING - Sensor 3 (28-3cc1f649ac53): Device file not found
2026-02-06 07:42:09,791 - WARNING - Sensor 4 (28-3cf2f6498873): Device file not found
2026-02-06 07:42:09,792 - WARNING - 2026-02-06 07:42:09 - Invalid readings from sensors: [0, 1, 2, 3] (4/4 failed)
2026-02-06 07:43:09,853 - WARNING - Sensor 0 (28-3c4ef649f11d): Device file not found
2026-02-06 07:43:09,853 - WARNING - Sensor 1 (28-3c68f6499bcd): Device file not found
2026-02-06 07:43:09,853 - WARNING - Sensor 2 (28-3cb9f64947fe): Device file not found
2026-02-06 07:43:09,853 - WARNING - Sensor 3 (28-3cc1f649ac53): Device file not found
2026-02-06 07:43:09,853 - WARNING - Sensor 4 (28-3cf2f6498873): Device file not found
2026-02-06 07:43:09,854 - WARNING - 2026-02-06 07:43:09 - Invalid readings from sensors: [0, 1, 2, 3] (4/4 failed)
2026-02-06 07:44:09,914 - WARNING - Sensor 0 (28-3c4ef649f11d): Device file not found
2026-02-06 07:44:09,915 - WARNING - Sensor 1 (28-3c68f6499bcd): Device file not found
2026-02-06 07:44:09,915 - WARNING - Sensor 2 (28-3cb9f64947fe): Device file not found
2026-02-06 07:44:09,916 - WARNING - Sensor 3 (28-3cc1f649ac53): Device file not found
2026-02-06 07:44:09,916 - WARNING - Sensor 4 (28-3cf2f6498873): Device file not found
2026-02-06 07:44:09,917 - WARNING - 2026-02-06 07:44:09 - Invalid readings from sensors: [0, 1, 2, 3] (4/4 failed)
2026-02-06 07:45:09,977 - WARNING - Sensor 0 (28-3c4ef649f11d): Device file not found
2026-02-06 07:45:09,977 - WARNING - Sensor 1 (28-3c68f6499bcd): Device file not found
2026-02-06 07:45:09,978 - WARNING - Sensor 2 (28-3cb9f64947fe): Device file not found
2026-02-06 07:45:09,978 - WARNING - Sensor 3 (28-3cc1f649ac53): Device file not found
2026-02-06 07:45:09,978 - WARNING - Sensor 4 (28-3cf2f6498873): Device file not found
2026-02-06 07:45:09,978 - WARNING - 2026-02-06 07:45:09 - Invalid readings from sensors: [0, 1, 2, 3] (4/4 failed)
2026-02-06 07:46:10,038 - WARNING - Sensor 0 (28-3c4ef649f11d): Device file not found
2026-02-06 07:46:10,039 - WARNING - Sensor 1 (28-3c68f6499bcd): Device file not found
2026-02-06 07:46:10,039 - WARNING - Sensor 2 (28-3cb9f64947fe): Device file not found
2026-02-06 07:46:10,039 - WARNING - Sensor 3 (28-3cc1f649ac53): Device file not found
2026-02-06 07:46:10,039 - WARNING - Sensor 4 (28-3cf2f6498873): Device file not found
2026-02-06 07:46:10,039 - WARNING - 2026-02-06 07:46:10 - Invalid readings from sensors: [0, 1, 2, 3] (4/4 failed)
2026-02-06 07:47:10,080 - WARNING - Sensor 0 (28-3c4ef649f11d): Device file not found
2026-02-06 07:47:10,080 - WARNING - Sensor 1 (28-3c68f6499bcd): Device file not found
2026-02-06 07:47:10,081 - WARNING - Sensor 2 (28-3cb9f64947fe): Device file not found
2026-02-06 07:47:10,081 - WARNING - Sensor 3 (28-3cc1f649ac53): Device file not found
2026-02-06 07:47:10,081 - WARNING - Sensor 4 (28-3cf2f6498873): Device file not found
2026-02-06 07:47:10,082 - WARNING - 2026-02-06 07:47:10 - Invalid readings from sensors: [0, 1, 2, 3] (4/4 failed)
2026-02-06 07:48:10,143 - WARNING - Sensor 0 (28-3c4ef649f11d): Device file not found
2026-02-06 07:48:10,143 - WARNING - Sensor 1 (28-3c68f6499bcd): Device file not found
2026-02-06 07:48:10,144 - WARNING - Sensor 2 (28-3cb9f64947fe): Device file not found
2026-02-06 07:48:10,144 - WARNING - Sensor 3 (28-3cc1f649ac53): Device file not found
2026-02-06 07:48:10,144 - WARNING - Sensor 4 (28-3cf2f6498873): Device file not found
2026-02-06 07:48:10,145 - WARNING - 2026-02-06 07:48:10 - Invalid readings from sensors: [0, 1, 2, 3] (4/4 failed)
2026-02-06 07:49:10,206 - WARNING - Sensor 0 (28-3c4ef649f11d): Device file not found
2026-02-06 07:49:10,206 - WARNING - Sensor 1 (28-3c68f6499bcd): Device file not found
2026-02-06 07:49:10,207 - WARNING - Sensor 2 (28-3cb9f64947fe): Device file not found
2026-02-06 07:49:10,207 - WARNING - Sensor 3 (28-3cc1f649ac53): Device file not found
2026-02-06 07:49:10,208 - WARNING - Sensor 4 (28-3cf2f6498873): Device file not found
2026-02-06 07:49:10,208 - WARNING - 2026-02-06 07:49:10 - Invalid readings from sensors: [0, 1, 2, 3] (4/4 failed)
2026-02-06 07:50:10,269 - WARNING - Sensor 0 (28-3c4ef649f11d): Device file not found
2026-02-06 07:50:10,270 - WARNING - Sensor 1 (28-3c68f6499bcd): Device file not found
2026-02-06 07:50:10,270 - WARNING - Sensor 2 (28-3cb9f64947fe): Device file not found
2026-02-06 07:50:10,270 - WARNING - Sensor 3 (28-3cc1f649ac53): Device file not found
2026-02-06 07:50:10,271 - WARNING - Sensor 4 (28-3cf2f6498873): Device file not found
2026-02-06 07:50:10,272 - WARNING - 2026-02-06 07:50:10 - Invalid readings from sensors: [0, 1, 2, 3] (4/4 failed)
2026-02-06 07:51:10,276 - WARNING - Sensor 0 (28-3c4ef649f11d): Device file not found
2026-02-06 07:51:10,276 - WARNING - Sensor 1 (28-3c68f6499bcd): Device file not found
2026-02-06 07:51:10,277 - WARNING - Sensor 2 (28-3cb9f64947fe): Device file not found
2026-02-06 07:51:10,277 - WARNING - Sensor 3 (28-3cc1f649ac53): Device file not found
2026-02-06 07:51:10,277 - WARNING - Sensor 4 (28-3cf2f6498873): Device file not found
2026-02-06 07:51:10,278 - WARNING - 2026-02-06 07:51:10 - Invalid readings from sensors: [0, 1, 2, 3] (4/4 failed)
2026-02-06 07:52:10,338 - WARNING - Sensor 0 (28-3c4ef649f11d): Device file not found
2026-02-06 07:52:10,339 - WARNING - Sensor 1 (28-3c68f6499bcd): Device file not found
2026-02-06 07:52:10,339 - WARNING - Sensor 2 (28-3cb9f64947fe): Device file not found
2026-02-06 07:52:10,339 - WARNING - Sensor 3 (28-3cc1f649ac53): Device file not found
2026-02-06 07:52:10,339 - WARNING - Sensor 4 (28-3cf2f6498873): Device file not found
2026-02-06 07:52:10,339 - WARNING - 2026-02-06 07:52:10 - Invalid readings from sensors: [0, 1, 2, 3] (4/4 failed)
2026-02-06 07:53:10,375 - WARNING - Sensor 0 (28-3c4ef649f11d): Device file not found
2026-02-06 07:53:10,376 - WARNING - Sensor 1 (28-3c68f6499bcd): Device file not found
2026-02-06 07:53:10,376 - WARNING - Sensor 2 (28-3cb9f64947fe): Device file not found
2026-02-06 07:53:10,376 - WARNING - Sensor 3 (28-3cc1f649ac53): Device file not found
2026-02-06 07:53:10,376 - WARNING - Sensor 4 (28-3cf2f6498873): Device file not found
2026-02-06 07:53:10,376 - WARNING - 2026-02-06 07:53:10 - Invalid readings from sensors: [0, 1, 2, 3] (4/4 failed)
2026-02-06 07:54:10,380 - WARNING - Sensor 0 (28-3c4ef649f11d): Device file not found
2026-02-06 07:54:10,380 - WARNING - Sensor 1 (28-3c68f6499bcd): Device file not found
2026-02-06 07:54:10,381 - WARNING - Sensor 2 (28-3cb9f64947fe): Device file not found
2026-02-06 07:54:10,381 - WARNING - Sensor 3 (28-3cc1f649ac53): Device file not found
2026-02-06 07:54:10,381 - WARNING - Sensor 4 (28-3cf2f6498873): Device file not found
2026-02-06 07:54:10,382 - WARNING - 2026-02-06 07:54:10 - Invalid readings from sensors: [0, 1, 2, 3] (4/4 failed)
2026-02-06 07:55:10,443 - WARNING - Sensor 0 (28-3c4ef649f11d): Device file not found
2026-02-06 07:55:10,443 - WARNING - Sensor 1 (28-3c68f6499bcd): Device file not found
2026-02-06 07:55:10,443 - WARNING - Sensor 2 (28-3cb9f64947fe): Device file not found
2026-02-06 07:55:10,444 - WARNING - Sensor 3 (28-3cc1f649ac53): Device file not found
2026-02-06 07:55:10,444 - WARNING - Sensor 4 (28-3cf2f6498873): Device file not found
2026-02-06 07:55:10,445 - WARNING - 2026-02-06 07:55:10 - Invalid readings from sensors: [0, 1, 2, 3] (4/4 failed)
2026-02-06 07:56:10,505 - WARNING - Sensor 0 (28-3c4ef649f11d): Device file not found
2026-02-06 07:56:10,506 - WARNING - Sensor 1 (28-3c68f6499bcd): Device file not found
2026-02-06 07:56:10,506 - WARNING - Sensor 2 (28-3cb9f64947fe): Device file not found
2026-02-06 07:56:10,507 - WARNING - Sensor 3 (28-3cc1f649ac53): Device file not found
2026-02-06 07:56:10,507 - WARNING - Sensor 4 (28-3cf2f6498873): Device file not found
2026-02-06 07:56:10,508 - WARNING - 2026-02-06 07:56:10 - Invalid readings from sensors: [0, 1, 2, 3] (4/4 failed)
2026-02-06 07:57:10,568 - WARNING - Sensor 0 (28-3c4ef649f11d): Device file not found
2026-02-06 07:57:10,569 - WARNING - Sensor 1 (28-3c68f6499bcd): Device file not found
2026-02-06 07:57:10,569 - WARNING - Sensor 2 (28-3cb9f64947fe): Device file not found
2026-02-06 07:57:10,570 - WARNING - Sensor 3 (28-3cc1f649ac53): Device file not found
2026-02-06 07:57:10,570 - WARNING - Sensor 4 (28-3cf2f6498873): Device file not found
2026-02-06 07:57:10,571 - WARNING - 2026-02-06 07:57:10 - Invalid readings from sensors: [0, 1, 2, 3] (4/4 failed)
2026-02-06 07:58:10,631 - WARNING - Sensor 0 (28-3c4ef649f11d): Device file not found
2026-02-06 07:58:10,632 - WARNING - Sensor 1 (28-3c68f6499bcd): Device file not found
2026-02-06 07:58:10,632 - WARNING - Sensor 2 (28-3cb9f64947fe): Device file not found
2026-02-06 07:58:10,633 - WARNING - Sensor 3 (28-3cc1f649ac53): Device file not found
2026-02-06 07:58:10,633 - WARNING - Sensor 4 (28-3cf2f6498873): Device file not found
2026-02-06 07:58:10,634 - WARNING - 2026-02-06 07:58:10 - Invalid readings from sensors: [0, 1, 2, 3] (4/4 failed)
2026-02-06 07:59:10,672 - WARNING - Sensor 0 (28-3c4ef649f11d): Device file not found
2026-02-06 07:59:10,672 - WARNING - Sensor 1 (28-3c68f6499bcd): Device file not found
2026-02-06 07:59:10,673 - WARNING - Sensor 2 (28-3cb9f64947fe): Device file not found
2026-02-06 07:59:10,673 - WARNING - Sensor 3 (28-3cc1f649ac53): Device file not found
2026-02-06 07:59:10,673 - WARNING - Sensor 4 (28-3cf2f6498873): Device file not found
2026-02-06 07:59:10,674 - WARNING - 2026-02-06 07:59:10 - Invalid readings from sensors: [0, 1, 2, 3] (4/4 failed)
2026-02-06 08:00:10,688 - WARNING - Sensor 0 (28-3c4ef649f11d): Device file not found
2026-02-06 08:00:10,689 - WARNING - Sensor 1 (28-3c68f6499bcd): Device file not found
2026-02-06 08:00:10,689 - WARNING - Sensor 2 (28-3cb9f64947fe): Device file not found
2026-02-06 08:00:10,689 - WARNING - Sensor 3 (28-3cc1f649ac53): Device file not found
2026-02-06 08:00:10,689 - WARNING - Sensor 4 (28-3cf2f6498873): Device file not found
2026-02-06 08:00:10,689 - WARNING - 2026-02-06 08:00:10 - Invalid readings from sensors: [0, 1, 2, 3] (4/4 failed)
2026-02-06 08:01:10,700 - WARNING - Sensor 0 (28-3c4ef649f11d): Device file not found
2026-02-06 08:01:10,700 - WARNING - Sensor 1 (28-3c68f6499bcd): Device file not found
2026-02-06 08:01:10,701 - WARNING - Sensor 2 (28-3cb9f64947fe): Device file not found
2026-02-06 08:01:10,701 - WARNING - Sensor 3 (28-3cc1f649ac53): Device file not found
2026-02-06 08:01:10,701 - WARNING - Sensor 4 (28-3cf2f6498873): Device file not found
2026-02-06 08:01:10,702 - WARNING - 2026-02-06 08:01:10 - Invalid readings from sensors: [0, 1, 2, 3] (4/4 failed)
2026-02-06 08:02:10,763 - WARNING - Sensor 0 (28-3c4ef649f11d): Device file not found
2026-02-06 08:02:10,763 - WARNING - Sensor 1 (28-3c68f6499bcd): Device file not found
2026-02-06 08:02:10,764 - WARNING - Sensor 2 (28-3cb9f64947fe): Device file not found
2026-02-06 08:02:10,764 - WARNING - Sensor 3 (28-3cc1f649ac53): Device file not found
2026-02-06 08:02:10,764 - WARNING - Sensor 4 (28-3cf2f6498873): Device file not found
2026-02-06 08:02:10,765 - WARNING - 2026-02-06 08:02:10 - Invalid readings from sensors: [0, 1, 2, 3] (4/4 failed)
2026-02-06 08:03:10,808 - WARNING - Sensor 0 (28-3c4ef649f11d): Device file not found
2026-02-06 08:03:10,808 - WARNING - Sensor 1 (28-3c68f6499bcd): Device file not found
2026-02-06 08:03:10,809 - WARNING - Sensor 2 (28-3cb9f64947fe): Device file not found
2026-02-06 08:03:10,809 - WARNING - Sensor 3 (28-3cc1f649ac53): Device file not found
2026-02-06 08:03:10,809 - WARNING - Sensor 4 (28-3cf2f6498873): Device file not found
2026-02-06 08:03:10,810 - WARNING - 2026-02-06 08:03:10 - Invalid readings from sensors: [0, 1, 2, 3] (4/4 failed)
2026-02-06 08:04:10,871 - WARNING - Sensor 0 (28-3c4ef649f11d): Device file not found
2026-02-06 08:04:10,871 - WARNING - Sensor 1 (28-3c68f6499bcd): Device file not found
2026-02-06 08:04:10,872 - WARNING - Sensor 2 (28-3cb9f64947fe): Device file not found
2026-02-06 08:04:10,872 - WARNING - Sensor 3 (28-3cc1f649ac53): Device file not found
2026-02-06 08:04:10,872 - WARNING - Sensor 4 (28-3cf2f6498873): Device file not found
2026-02-06 08:04:10,873 - WARNING - 2026-02-06 08:04:10 - Invalid readings from sensors: [0, 1, 2, 3] (4/4 failed)
2026-02-06 08:05:10,934 - WARNING - Sensor 0 (28-3c4ef649f11d): Device file not found
2026-02-06 08:05:10,934 - WARNING - Sensor 1 (28-3c68f6499bcd): Device file not found
2026-02-06 08:05:10,934 - WARNING - Sensor 2 (28-3cb9f64947fe): Device file not found
2026-02-06 08:05:10,934 - WARNING - Sensor 3 (28-3cc1f649ac53): Device file not found
2026-02-06 08:05:10,934 - WARNING - Sensor 4 (28-3cf2f6498873): Device file not found
2026-02-06 08:05:10,935 - WARNING - 2026-02-06 08:05:10 - Invalid readings from sensors: [0, 1, 2, 3] (4/4 failed)
2026-02-06 08:06:10,995 - WARNING - Sensor 0 (28-3c4ef649f11d): Device file not found
2026-02-06 08:06:10,995 - WARNING - Sensor 1 (28-3c68f6499bcd): Device file not found
2026-02-06 08:06:10,995 - WARNING - Sensor 2 (28-3cb9f64947fe): Device file not found
2026-02-06 08:06:10,996 - WARNING - Sensor 3 (28-3cc1f649ac53): Device file not found
2026-02-06 08:06:10,996 - WARNING - Sensor 4 (28-3cf2f6498873): Device file not found
2026-02-06 08:06:10,996 - WARNING - 2026-02-06 08:06:10 - Invalid readings from sensors: [0, 1, 2, 3] (4/4 failed)
2026-02-06 08:07:11,056 - WARNING - Sensor 0 (28-3c4ef649f11d): Device file not found
2026-02-06 08:07:11,057 - WARNING - Sensor 1 (28-3c68f6499bcd): Device file not found
2026-02-06 08:07:11,057 - WARNING - Sensor 2 (28-3cb9f64947fe): Device file not found
2026-02-06 08:07:11,057 - WARNING - Sensor 3 (28-3cc1f649ac53): Device file not found
2026-02-06 08:07:11,057 - WARNING - Sensor 4 (28-3cf2f6498873): Device file not found
2026-02-06 08:07:11,057 - WARNING - 2026-02-06 08:07:11 - Invalid readings from sensors: [0, 1, 2, 3] (4/4 failed)
2026-02-06 08:08:11,079 - WARNING - Sensor 0 (28-3c4ef649f11d): Device file not found
2026-02-06 08:08:11,079 - WARNING - Sensor 1 (28-3c68f6499bcd): Device file not found
2026-02-06 08:08:11,079 - WARNING - Sensor 2 (28-3cb9f64947fe): Device file not found
2026-02-06 08:08:11,079 - WARNING - Sensor 3 (28-3cc1f649ac53): Device file not found
2026-02-06 08:08:11,079 - WARNING - Sensor 4 (28-3cf2f6498873): Device file not found
2026-02-06 08:08:11,080 - WARNING - 2026-02-06 08:08:11 - Invalid readings from sensors: [0, 1, 2, 3] (4/4 failed)
2026-02-06 08:09:11,140 - WARNING - Sensor 0 (28-3c4ef649f11d): Device file not found
2026-02-06 08:09:11,141 - WARNING - Sensor 1 (28-3c68f6499bcd): Device file not found
2026-02-06 08:09:11,141 - WARNING - Sensor 2 (28-3cb9f64947fe): Device file not found
2026-02-06 08:09:11,141 - WARNING - Sensor 3 (28-3cc1f649ac53): Device file not found
2026-02-06 08:09:11,142 - WARNING - Sensor 4 (28-3cf2f6498873): Device file not found
2026-02-06 08:09:11,142 - WARNING - 2026-02-06 08:09:11 - Invalid readings from sensors: [0, 1, 2, 3] (4/4 failed)
2026-02-06 08:10:11,203 - WARNING - Sensor 0 (28-3c4ef649f11d): Device file not found
2026-02-06 08:10:11,203 - WARNING - Sensor 1 (28-3c68f6499bcd): Device file not found
2026-02-06 08:10:11,204 - WARNING - Sensor 2 (28-3cb9f64947fe): Device file not found
2026-02-06 08:10:11,204 - WARNING - Sensor 3 (28-3cc1f649ac53): Device file not found
2026-02-06 08:10:11,205 - WARNING - Sensor 4 (28-3cf2f6498873): Device file not found
2026-02-06 08:10:11,205 - WARNING - 2026-02-06 08:10:11 - Invalid readings from sensors: [0, 1, 2, 3] (4/4 failed)
2026-02-06 08:11:11,258 - WARNING - Sensor 0 (28-3c4ef649f11d): Device file not found
2026-02-06 08:11:11,259 - WARNING - Sensor 1 (28-3c68f6499bcd): Device file not found
2026-02-06 08:11:11,259 - WARNING - Sensor 2 (28-3cb9f64947fe): Device file not found
2026-02-06 08:11:11,260 - WARNING - Sensor 3 (28-3cc1f649ac53): Device file not found
2026-02-06 08:11:11,260 - WARNING - Sensor 4 (28-3cf2f6498873): Device file not found
2026-02-06 08:11:11,261 - WARNING - 2026-02-06 08:11:11 - Invalid readings from sensors: [0, 1, 2, 3] (4/4 failed)
2026-02-06 08:12:11,322 - WARNING - Sensor 0 (28-3c4ef649f11d): Device file not found
2026-02-06 08:12:11,322 - WARNING - Sensor 1 (28-3c68f6499bcd): Device file not found
2026-02-06 08:12:11,323 - WARNING - Sensor 2 (28-3cb9f64947fe): Device file not found
2026-02-06 08:12:11,323 - WARNING - Sensor 3 (28-3cc1f649ac53): Device file not found
2026-02-06 08:12:11,323 - WARNING - Sensor 4 (28-3cf2f6498873): Device file not found
2026-02-06 08:12:11,324 - WARNING - 2026-02-06 08:12:11 - Invalid readings from sensors: [0, 1, 2, 3] (4/4 failed)
2026-02-06 08:13:11,385 - WARNING - Sensor 0 (28-3c4ef649f11d): Device file not found
2026-02-06 08:13:11,385 - WARNING - Sensor 1 (28-3c68f6499bcd): Device file not found
2026-02-06 08:13:11,386 - WARNING - Sensor 2 (28-3cb9f64947fe): Device file not found
2026-02-06 08:13:11,386 - WARNING - Sensor 3 (28-3cc1f649ac53): Device file not found
2026-02-06 08:13:11,386 - WARNING - Sensor 4 (28-3cf2f6498873): Device file not found
2026-02-06 08:13:11,387 - WARNING - 2026-02-06 08:13:11 - Invalid readings from sensors: [0, 1, 2, 3] (4/4 failed)
2026-02-06 08:14:11,448 - WARNING - Sensor 0 (28-3c4ef649f11d): Device file not found
2026-02-06 08:14:11,449 - WARNING - Sensor 1 (28-3c68f6499bcd): Device file not found
2026-02-06 08:14:11,449 - WARNING - Sensor 2 (28-3cb9f64947fe): Device file not found
2026-02-06 08:14:11,449 - WARNING - Sensor 3 (28-3cc1f649ac53): Device file not found
2026-02-06 08:14:11,450 - WARNING - Sensor 4 (28-3cf2f6498873): Device file not found
2026-02-06 08:14:11,450 - WARNING - 2026-02-06 08:14:11 - Invalid readings from sensors: [0, 1, 2, 3] (4/4 failed)
2026-02-06 08:15:11,511 - WARNING - Sensor 0 (28-3c4ef649f11d): Device file not found
2026-02-06 08:15:11,512 - WARNING - Sensor 1 (28-3c68f6499bcd): Device file not found
2026-02-06 08:15:11,512 - WARNING - Sensor 2 (28-3cb9f64947fe): Device file not found
2026-02-06 08:15:11,512 - WARNING - Sensor 3 (28-3cc1f649ac53): Device file not found
2026-02-06 08:15:11,513 - WARNING - Sensor 4 (28-3cf2f6498873): Device file not found
2026-02-06 08:15:11,513 - WARNING - 2026-02-06 08:15:11 - Invalid readings from sensors: [0, 1, 2, 3] (4/4 failed)
2026-02-06 08:16:11,560 - WARNING - Sensor 0 (28-3c4ef649f11d): Device file not found
2026-02-06 08:16:11,560 - WARNING - Sensor 1 (28-3c68f6499bcd): Device file not found
2026-02-06 08:16:11,561 - WARNING - Sensor 2 (28-3cb9f64947fe): Device file not found
2026-02-06 08:16:11,561 - WARNING - Sensor 3 (28-3cc1f649ac53): Device file not found
2026-02-06 08:16:11,561 - WARNING - Sensor 4 (28-3cf2f6498873): Device file not found
2026-02-06 08:16:11,562 - WARNING - 2026-02-06 08:16:11 - Invalid readings from sensors: [0, 1, 2, 3] (4/4 failed)
2026-02-06 08:17:11,623 - WARNING - Sensor 0 (28-3c4ef649f11d): Device file not found
2026-02-06 08:17:11,623 - WARNING - Sensor 1 (28-3c68f6499bcd): Device file not found
2026-02-06 08:17:11,623 - WARNING - Sensor 2 (28-3cb9f64947fe): Device file not found
2026-02-06 08:17:11,624 - WARNING - Sensor 3 (28-3cc1f649ac53): Device file not found
2026-02-06 08:17:11,624 - WARNING - Sensor 4 (28-3cf2f6498873): Device file not found
2026-02-06 08:17:11,625 - WARNING - 2026-02-06 08:17:11 - Invalid readings from sensors: [0, 1, 2, 3] (4/4 failed)
2026-02-06 08:18:11,680 - WARNING - Sensor 0 (28-3c4ef649f11d): Device file not found
2026-02-06 08:18:11,680 - WARNING - Sensor 1 (28-3c68f6499bcd): Device file not found
2026-02-06 08:18:11,681 - WARNING - Sensor 2 (28-3cb9f64947fe): Device file not found
2026-02-06 08:18:11,681 - WARNING - Sensor 3 (28-3cc1f649ac53): Device file not found
2026-02-06 08:18:11,681 - WARNING - Sensor 4 (28-3cf2f6498873): Device file not found
2026-02-06 08:18:11,682 - WARNING - 2026-02-06 08:18:11 - Invalid readings from sensors: [0, 1, 2, 3] (4/4 failed)
2026-02-06 08:19:11,694 - WARNING - Sensor 0 (28-3c4ef649f11d): Device file not found
2026-02-06 08:19:11,694 - WARNING - Sensor 1 (28-3c68f6499bcd): Device file not found
2026-02-06 08:19:11,694 - WARNING - Sensor 2 (28-3cb9f64947fe): Device file not found
2026-02-06 08:19:11,695 - WARNING - Sensor 3 (28-3cc1f649ac53): Device file not found
2026-02-06 08:19:11,695 - WARNING - Sensor 4 (28-3cf2f6498873): Device file not found
2026-02-06 08:19:11,696 - WARNING - 2026-02-06 08:19:11 - Invalid readings from sensors: [0, 1, 2, 3] (4/4 failed)
2026-02-06 08:20:11,756 - WARNING - Sensor 0 (28-3c4ef649f11d): Device file not found
2026-02-06 08:20:11,757 - WARNING - Sensor 1 (28-3c68f6499bcd): Device file not found
2026-02-06 08:20:11,757 - WARNING - Sensor 2 (28-3cb9f64947fe): Device file not found
2026-02-06 08:20:11,757 - WARNING - Sensor 3 (28-3cc1f649ac53): Device file not found
2026-02-06 08:20:11,757 - WARNING - Sensor 4 (28-3cf2f6498873): Device file not found
2026-02-06 08:20:11,757 - WARNING - 2026-02-06 08:20:11 - Invalid readings from sensors: [0, 1, 2, 3] (4/4 failed)
2026-02-06 08:21:11,818 - WARNING - Sensor 0 (28-3c4ef649f11d): Device file not found
2026-02-06 08:21:11,818 - WARNING - Sensor 1 (28-3c68f6499bcd): Device file not found
2026-02-06 08:21:11,819 - WARNING - Sensor 2 (28-3cb9f64947fe): Device file not found
2026-02-06 08:21:11,819 - WARNING - Sensor 3 (28-3cc1f649ac53): Device file not found
2026-02-06 08:21:11,819 - WARNING - Sensor 4 (28-3cf2f6498873): Device file not found
2026-02-06 08:21:11,820 - WARNING - 2026-02-06 08:21:11 - Invalid readings from sensors: [0, 1, 2, 3] (4/4 failed)
2026-02-06 08:22:11,879 - WARNING - Sensor 0 (28-3c4ef649f11d): Device file not found
2026-02-06 08:22:11,880 - WARNING - Sensor 1 (28-3c68f6499bcd): Device file not found
2026-02-06 08:22:11,880 - WARNING - Sensor 2 (28-3cb9f64947fe): Device file not found
2026-02-06 08:22:11,880 - WARNING - Sensor 3 (28-3cc1f649ac53): Device file not found
2026-02-06 08:22:11,880 - WARNING - Sensor 4 (28-3cf2f6498873): Device file not found
2026-02-06 08:22:11,880 - WARNING - 2026-02-06 08:22:11 - Invalid readings from sensors: [0, 1, 2, 3] (4/4 failed)
2026-02-06 08:23:11,941 - WARNING - Sensor 0 (28-3c4ef649f11d): Device file not found
2026-02-06 08:23:11,941 - WARNING - Sensor 1 (28-3c68f6499bcd): Device file not found
2026-02-06 08:23:11,941 - WARNING - Sensor 2 (28-3cb9f64947fe): Device file not found
2026-02-06 08:23:11,941 - WARNING - Sensor 3 (28-3cc1f649ac53): Device file not found
2026-02-06 08:23:11,941 - WARNING - Sensor 4 (28-3cf2f6498873): Device file not found
2026-02-06 08:23:11,942 - WARNING - 2026-02-06 08:23:11 - Invalid readings from sensors: [0, 1, 2, 3] (4/4 failed)
2026-02-06 08:24:11,952 - WARNING - Sensor 0 (28-3c4ef649f11d): Device file not found
2026-02-06 08:24:11,952 - WARNING - Sensor 1 (28-3c68f6499bcd): Device file not found
2026-02-06 08:24:11,953 - WARNING - Sensor 2 (28-3cb9f64947fe): Device file not found
2026-02-06 08:24:11,953 - WARNING - Sensor 3 (28-3cc1f649ac53): Device file not found
2026-02-06 08:24:11,953 - WARNING - Sensor 4 (28-3cf2f6498873): Device file not found
2026-02-06 08:24:11,954 - WARNING - 2026-02-06 08:24:11 - Invalid readings from sensors: [0, 1, 2, 3] (4/4 failed)
2026-02-06 08:25:11,976 - WARNING - Sensor 0 (28-3c4ef649f11d): Device file not found
2026-02-06 08:25:11,976 - WARNING - Sensor 1 (28-3c68f6499bcd): Device file not found
2026-02-06 08:25:11,977 - WARNING - Sensor 2 (28-3cb9f64947fe): Device file not found
2026-02-06 08:25:11,977 - WARNING - Sensor 3 (28-3cc1f649ac53): Device file not found
2026-02-06 08:25:11,977 - WARNING - Sensor 4 (28-3cf2f6498873): Device file not found
2026-02-06 08:25:11,978 - WARNING - 2026-02-06 08:25:11 - Invalid readings from sensors: [0, 1, 2, 3] (4/4 failed)
2026-02-06 08:26:11,984 - WARNING - Sensor 0 (28-3c4ef649f11d): Device file not found
2026-02-06 08:26:11,984 - WARNING - Sensor 1 (28-3c68f6499bcd): Device file not found
2026-02-06 08:26:11,985 - WARNING - Sensor 2 (28-3cb9f64947fe): Device file not found
2026-02-06 08:26:11,985 - WARNING - Sensor 3 (28-3cc1f649ac53): Device file not found
2026-02-06 08:26:11,985 - WARNING - Sensor 4 (28-3cf2f6498873): Device file not found
2026-02-06 08:26:11,986 - WARNING - 2026-02-06 08:26:11 - Invalid readings from sensors: [0, 1, 2, 3] (4/4 failed)
2026-02-06 08:27:12,040 - WARNING - Sensor 0 (28-3c4ef649f11d): Device file not found
2026-02-06 08:27:12,040 - WARNING - Sensor 1 (28-3c68f6499bcd): Device file not found
2026-02-06 08:27:12,041 - WARNING - Sensor 2 (28-3cb9f64947fe): Device file not found
2026-02-06 08:27:12,041 - WARNING - Sensor 3 (28-3cc1f649ac53): Device file not found
2026-02-06 08:27:12,041 - WARNING - Sensor 4 (28-3cf2f6498873): Device file not found
2026-02-06 08:27:12,042 - WARNING - 2026-02-06 08:27:12 - Invalid readings from sensors: [0, 1, 2, 3] (4/4 failed)
2026-02-06 08:28:12,049 - WARNING - Sensor 0 (28-3c4ef649f11d): Device file not found
2026-02-06 08:28:12,050 - WARNING - Sensor 1 (28-3c68f6499bcd): Device file not found
2026-02-06 08:28:12,050 - WARNING - Sensor 2 (28-3cb9f64947fe): Device file not found
2026-02-06 08:28:12,050 - WARNING - Sensor 3 (28-3cc1f649ac53): Device file not found
2026-02-06 08:28:12,051 - WARNING - Sensor 4 (28-3cf2f6498873): Device file not found
2026-02-06 08:28:12,052 - WARNING - 2026-02-06 08:28:12 - Invalid readings from sensors: [0, 1, 2, 3] (4/4 failed)
2026-02-06 08:29:12,112 - WARNING - Sensor 0 (28-3c4ef649f11d): Device file not found
2026-02-06 08:29:12,112 - WARNING - Sensor 1 (28-3c68f6499bcd): Device file not found
2026-02-06 08:29:12,112 - WARNING - Sensor 2 (28-3cb9f64947fe): Device file not found
2026-02-06 08:29:12,113 - WARNING - Sensor 3 (28-3cc1f649ac53): Device file not found
2026-02-06 08:29:12,113 - WARNING - Sensor 4 (28-3cf2f6498873): Device file not found
2026-02-06 08:29:12,113 - WARNING - 2026-02-06 08:29:12 - Invalid readings from sensors: [0, 1, 2, 3] (4/4 failed)
2026-02-06 08:30:12,173 - WARNING - Sensor 0 (28-3c4ef649f11d): Device file not found
2026-02-06 08:30:12,174 - WARNING - Sensor 1 (28-3c68f6499bcd): Device file not found
2026-02-06 08:30:12,174 - WARNING - Sensor 2 (28-3cb9f64947fe): Device file not found
2026-02-06 08:30:12,174 - WARNING - Sensor 3 (28-3cc1f649ac53): Device file not found
2026-02-06 08:30:12,174 - WARNING - Sensor 4 (28-3cf2f6498873): Device file not found
2026-02-06 08:30:12,174 - WARNING - 2026-02-06 08:30:12 - Invalid readings from sensors: [0, 1, 2, 3] (4/4 failed)
2026-02-06 08:31:12,185 - WARNING - Sensor 0 (28-3c4ef649f11d): Device file not found
2026-02-06 08:31:12,186 - WARNING - Sensor 1 (28-3c68f6499bcd): Device file not found
2026-02-06 08:31:12,186 - WARNING - Sensor 2 (28-3cb9f64947fe): Device file not found
2026-02-06 08:31:12,186 - WARNING - Sensor 3 (28-3cc1f649ac53): Device file not found
2026-02-06 08:31:12,187 - WARNING - Sensor 4 (28-3cf2f6498873): Device file not found
2026-02-06 08:31:12,187 - WARNING - 2026-02-06 08:31:12 - Invalid readings from sensors: [0, 1, 2, 3] (4/4 failed)
2026-02-06 08:32:12,248 - WARNING - Sensor 0 (28-3c4ef649f11d): Device file not found
2026-02-06 08:32:12,249 - WARNING - Sensor 1 (28-3c68f6499bcd): Device file not found
2026-02-06 08:32:12,249 - WARNING - Sensor 2 (28-3cb9f64947fe): Device file not found
2026-02-06 08:32:12,249 - WARNING - Sensor 3 (28-3cc1f649ac53): Device file not found
2026-02-06 08:32:12,250 - WARNING - Sensor 4 (28-3cf2f6498873): Device file not found
2026-02-06 08:32:12,250 - WARNING - 2026-02-06 08:32:12 - Invalid readings from sensors: [0, 1, 2, 3] (4/4 failed)
2026-02-06 08:33:12,311 - WARNING - Sensor 0 (28-3c4ef649f11d): Device file not found
2026-02-06 08:33:12,312 - WARNING - Sensor 1 (28-3c68f6499bcd): Device file not found
2026-02-06 08:33:12,312 - WARNING - Sensor 2 (28-3cb9f64947fe): Device file not found
2026-02-06 08:33:12,313 - WARNING - Sensor 3 (28-3cc1f649ac53): Device file not found
2026-02-06 08:33:12,313 - WARNING - Sensor 4 (28-3cf2f6498873): Device file not found
2026-02-06 08:33:12,314 - WARNING - 2026-02-06 08:33:12 - Invalid readings from sensors: [0, 1, 2, 3] (4/4 failed)
2026-02-06 08:34:12,328 - WARNING - Sensor 0 (28-3c4ef649f11d): Device file not found
2026-02-06 08:34:12,328 - WARNING - Sensor 1 (28-3c68f6499bcd): Device file not found
2026-02-06 08:34:12,328 - WARNING - Sensor 2 (28-3cb9f64947fe): Device file not found
2026-02-06 08:34:12,329 - WARNING - Sensor 3 (28-3cc1f649ac53): Device file not found
2026-02-06 08:34:12,329 - WARNING - Sensor 4 (28-3cf2f6498873): Device file not found
2026-02-06 08:34:12,329 - WARNING - 2026-02-06 08:34:12 - Invalid readings from sensors: [0, 1, 2, 3] (4/4 failed)
2026-02-06 08:35:12,390 - WARNING - Sensor 0 (28-3c4ef649f11d): Device file not found
2026-02-06 08:35:12,390 - WARNING - Sensor 1 (28-3c68f6499bcd): Device file not found
2026-02-06 08:35:12,390 - WARNING - Sensor 2 (28-3cb9f64947fe): Device file not found
2026-02-06 08:35:12,390 - WARNING - Sensor 3 (28-3cc1f649ac53): Device file not found
2026-02-06 08:35:12,390 - WARNING - Sensor 4 (28-3cf2f6498873): Device file not found
2026-02-06 08:35:12,391 - WARNING - 2026-02-06 08:35:12 - Invalid readings from sensors: [0, 1, 2, 3] (4/4 failed)
2026-02-06 08:36:12,451 - WARNING - Sensor 0 (28-3c4ef649f11d): Device file not found
2026-02-06 08:36:12,452 - WARNING - Sensor 1 (28-3c68f6499bcd): Device file not found
2026-02-06 08:36:12,452 - WARNING - Sensor 2 (28-3cb9f64947fe): Device file not found
2026-02-06 08:36:12,453 - WARNING - Sensor 3 (28-3cc1f649ac53): Device file not found
2026-02-06 08:36:12,453 - WARNING - Sensor 4 (28-3cf2f6498873): Device file not found
2026-02-06 08:36:12,454 - WARNING - 2026-02-06 08:36:12 - Invalid readings from sensors: [0, 1, 2, 3] (4/4 failed)
2026-02-06 08:37:12,514 - WARNING - Sensor 0 (28-3c4ef649f11d): Device file not found
2026-02-06 08:37:12,514 - WARNING - Sensor 1 (28-3c68f6499bcd): Device file not found
2026-02-06 08:37:12,515 - WARNING - Sensor 2 (28-3cb9f64947fe): Device file not found
2026-02-06 08:37:12,515 - WARNING - Sensor 3 (28-3cc1f649ac53): Device file not found
2026-02-06 08:37:12,515 - WARNING - Sensor 4 (28-3cf2f6498873): Device file not found
2026-02-06 08:37:12,515 - WARNING - 2026-02-06 08:37:12 - Invalid readings from sensors: [0, 1, 2, 3] (4/4 failed)
2026-02-06 08:38:12,564 - WARNING - Sensor 0 (28-3c4ef649f11d): Device file not found
2026-02-06 08:38:12,564 - WARNING - Sensor 1 (28-3c68f6499bcd): Device file not found
2026-02-06 08:38:12,564 - WARNING - Sensor 2 (28-3cb9f64947fe): Device file not found
2026-02-06 08:38:12,565 - WARNING - Sensor 3 (28-3cc1f649ac53): Device file not found
2026-02-06 08:38:12,565 - WARNING - Sensor 4 (28-3cf2f6498873): Device file not found
2026-02-06 08:38:12,565 - WARNING - 2026-02-06 08:38:12 - Invalid readings from sensors: [0, 1, 2, 3] (4/4 failed)
2026-02-06 08:39:12,626 - WARNING - Sensor 0 (28-3c4ef649f11d): Device file not found
2026-02-06 08:39:12,627 - WARNING - Sensor 1 (28-3c68f6499bcd): Device file not found
2026-02-06 08:39:12,627 - WARNING - Sensor 2 (28-3cb9f64947fe): Device file not found
2026-02-06 08:39:12,627 - WARNING - Sensor 3 (28-3cc1f649ac53): Device file not found
2026-02-06 08:39:12,628 - WARNING - Sensor 4 (28-3cf2f6498873): Device file not found
2026-02-06 08:39:12,628 - WARNING - 2026-02-06 08:39:12 - Invalid readings from sensors: [0, 1, 2, 3] (4/4 failed)
2026-02-06 08:40:12,689 - WARNING - Sensor 0 (28-3c4ef649f11d): Device file not found
2026-02-06 08:40:12,690 - WARNING - Sensor 1 (28-3c68f6499bcd): Device file not found
2026-02-06 08:40:12,690 - WARNING - Sensor 2 (28-3cb9f64947fe): Device file not found
2026-02-06 08:40:12,690 - WARNING - Sensor 3 (28-3cc1f649ac53): Device file not found
2026-02-06 08:40:12,691 - WARNING - Sensor 4 (28-3cf2f6498873): Device file not found
2026-02-06 08:40:12,692 - WARNING - 2026-02-06 08:40:12 - Invalid readings from sensors: [0, 1, 2, 3] (4/4 failed)
2026-02-06 08:41:12,752 - WARNING - Sensor 0 (28-3c4ef649f11d): Device file not found
2026-02-06 08:41:12,753 - WARNING - Sensor 1 (28-3c68f6499bcd): Device file not found
2026-02-06 08:41:12,753 - WARNING - Sensor 2 (28-3cb9f64947fe): Device file not found
2026-02-06 08:41:12,754 - WARNING - Sensor 3 (28-3cc1f649ac53): Device file not found
2026-02-06 08:41:12,754 - WARNING - Sensor 4 (28-3cf2f6498873): Device file not found
2026-02-06 08:41:12,755 - WARNING - 2026-02-06 08:41:12 - Invalid readings from sensors: [0, 1, 2, 3] (4/4 failed)
2026-02-06 08:42:12,755 - WARNING - Sensor 0 (28-3c4ef649f11d): Device file not found
2026-02-06 08:42:12,756 - WARNING - Sensor 1 (28-3c68f6499bcd): Device file not found
2026-02-06 08:42:12,756 - WARNING - Sensor 2 (28-3cb9f64947fe): Device file not found
2026-02-06 08:42:12,756 - WARNING - Sensor 3 (28-3cc1f649ac53): Device file not found
2026-02-06 08:42:12,756 - WARNING - Sensor 4 (28-3cf2f6498873): Device file not found
2026-02-06 08:42:12,756 - WARNING - 2026-02-06 08:42:12 - Invalid readings from sensors: [0, 1, 2, 3] (4/4 failed)
2026-02-06 08:43:12,788 - WARNING - Sensor 0 (28-3c4ef649f11d): Device file not found
2026-02-06 08:43:12,788 - WARNING - Sensor 1 (28-3c68f6499bcd): Device file not found
2026-02-06 08:43:12,789 - WARNING - Sensor 2 (28-3cb9f64947fe): Device file not found
2026-02-06 08:43:12,789 - WARNING - Sensor 3 (28-3cc1f649ac53): Device file not found
2026-02-06 08:43:12,789 - WARNING - Sensor 4 (28-3cf2f6498873): Device file not found
2026-02-06 08:43:12,789 - WARNING - 2026-02-06 08:43:12 - Invalid readings from sensors: [0, 1, 2, 3] (4/4 failed)
2026-02-06 08:44:12,849 - WARNING - Sensor 0 (28-3c4ef649f11d): Device file not found
2026-02-06 08:44:12,850 - WARNING - Sensor 1 (28-3c68f6499bcd): Device file not found
2026-02-06 08:44:12,850 - WARNING - Sensor 2 (28-3cb9f64947fe): Device file not found
2026-02-06 08:44:12,850 - WARNING - Sensor 3 (28-3cc1f649ac53): Device file not found
2026-02-06 08:44:12,850 - WARNING - Sensor 4 (28-3cf2f6498873): Device file not found
2026-02-06 08:44:12,850 - WARNING - 2026-02-06 08:44:12 - Invalid readings from sensors: [0, 1, 2, 3] (4/4 failed)
2026-02-06 08:45:12,871 - WARNING - Sensor 0 (28-3c4ef649f11d): Device file not found
2026-02-06 08:45:12,872 - WARNING - Sensor 1 (28-3c68f6499bcd): Device file not found
2026-02-06 08:45:12,872 - WARNING - Sensor 2 (28-3cb9f64947fe): Device file not found
2026-02-06 08:45:12,872 - WARNING - Sensor 3 (28-3cc1f649ac53): Device file not found
2026-02-06 08:45:12,873 - WARNING - Sensor 4 (28-3cf2f6498873): Device file not found
2026-02-06 08:45:12,873 - WARNING - 2026-02-06 08:45:12 - Invalid readings from sensors: [0, 1, 2, 3] (4/4 failed)
2026-02-06 08:46:12,934 - WARNING - Sensor 0 (28-3c4ef649f11d): Device file not found
2026-02-06 08:46:12,934 - WARNING - Sensor 1 (28-3c68f6499bcd): Device file not found
2026-02-06 08:46:12,935 - WARNING - Sensor 2 (28-3cb9f64947fe): Device file not found
2026-02-06 08:46:12,935 - WARNING - Sensor 3 (28-3cc1f649ac53): Device file not found
2026-02-06 08:46:12,935 - WARNING - Sensor 4 (28-3cf2f6498873): Device file not found
2026-02-06 08:46:12,936 - WARNING - 2026-02-06 08:46:12 - Invalid readings from sensors: [0, 1, 2, 3] (4/4 failed)
2026-02-06 08:47:12,978 - WARNING - Sensor 0 (28-3c4ef649f11d): Device file not found
2026-02-06 08:47:12,979 - WARNING - Sensor 1 (28-3c68f6499bcd): Device file not found
2026-02-06 08:47:12,979 - WARNING - Sensor 2 (28-3cb9f64947fe): Device file not found
2026-02-06 08:47:12,980 - WARNING - Sensor 3 (28-3cc1f649ac53): Device file not found
2026-02-06 08:47:12,980 - WARNING - Sensor 4 (28-3cf2f6498873): Device file not found
2026-02-06 08:47:12,981 - WARNING - 2026-02-06 08:47:12 - Invalid readings from sensors: [0, 1, 2, 3] (4/4 failed)
2026-02-06 08:48:13,041 - WARNING - Sensor 0 (28-3c4ef649f11d): Device file not found
2026-02-06 08:48:13,042 - WARNING - Sensor 1 (28-3c68f6499bcd): Device file not found
2026-02-06 08:48:13,042 - WARNING - Sensor 2 (28-3cb9f64947fe): Device file not found
2026-02-06 08:48:13,043 - WARNING - Sensor 3 (28-3cc1f649ac53): Device file not found
2026-02-06 08:48:13,043 - WARNING - Sensor 4 (28-3cf2f6498873): Device file not found
2026-02-06 08:48:13,044 - WARNING - 2026-02-06 08:48:13 - Invalid readings from sensors: [0, 1, 2, 3] (4/4 failed)
2026-02-06 08:49:13,102 - WARNING - Sensor 0 (28-3c4ef649f11d): Device file not found
2026-02-06 08:49:13,103 - WARNING - Sensor 1 (28-3c68f6499bcd): Device file not found
2026-02-06 08:49:13,103 - WARNING - Sensor 2 (28-3cb9f64947fe): Device file not found
2026-02-06 08:49:13,103 - WARNING - Sensor 3 (28-3cc1f649ac53): Device file not found
2026-02-06 08:49:13,103 - WARNING - Sensor 4 (28-3cf2f6498873): Device file not found
2026-02-06 08:49:13,103 - WARNING - 2026-02-06 08:49:13 - Invalid readings from sensors: [0, 1, 2, 3] (4/4 failed)
2026-02-06 08:50:13,127 - WARNING - Sensor 0 (28-3c4ef649f11d): Device file not found
2026-02-06 08:50:13,128 - WARNING - Sensor 1 (28-3c68f6499bcd): Device file not found
2026-02-06 08:50:13,128 - WARNING - Sensor 2 (28-3cb9f64947fe): Device file not found
2026-02-06 08:50:13,128 - WARNING - Sensor 3 (28-3cc1f649ac53): Device file not found
2026-02-06 08:50:13,128 - WARNING - Sensor 4 (28-3cf2f6498873): Device file not found
2026-02-06 08:50:13,128 - WARNING - 2026-02-06 08:50:13 - Invalid readings from sensors: [0, 1, 2, 3] (4/4 failed)
2026-02-06 08:51:13,189 - WARNING - Sensor 0 (28-3c4ef649f11d): Device file not found
2026-02-06 08:51:13,189 - WARNING - Sensor 1 (28-3c68f6499bcd): Device file not found
2026-02-06 08:51:13,189 - WARNING - Sensor 2 (28-3cb9f64947fe): Device file not found
2026-02-06 08:51:13,189 - WARNING - Sensor 3 (28-3cc1f649ac53): Device file not found
2026-02-06 08:51:13,189 - WARNING - Sensor 4 (28-3cf2f6498873): Device file not found
2026-02-06 08:51:13,190 - WARNING - 2026-02-06 08:51:13 - Invalid readings from sensors: [0, 1, 2, 3] (4/4 failed)
2026-02-06 08:52:13,223 - WARNING - Sensor 0 (28-3c4ef649f11d): Device file not found
2026-02-06 08:52:13,224 - WARNING - Sensor 1 (28-3c68f6499bcd): Device file not found
2026-02-06 08:52:13,224 - WARNING - Sensor 2 (28-3cb9f64947fe): Device file not found
2026-02-06 08:52:13,224 - WARNING - Sensor 3 (28-3cc1f649ac53): Device file not found
2026-02-06 08:52:13,224 - WARNING - Sensor 4 (28-3cf2f6498873): Device file not found
2026-02-06 08:52:13,224 - WARNING - 2026-02-06 08:52:13 - Invalid readings from sensors: [0, 1, 2, 3] (4/4 failed)
2026-02-06 08:53:13,276 - WARNING - Sensor 0 (28-3c4ef649f11d): Device file not found
2026-02-06 08:53:13,276 - WARNING - Sensor 1 (28-3c68f6499bcd): Device file not found
2026-02-06 08:53:13,277 - WARNING - Sensor 2 (28-3cb9f64947fe): Device file not found
2026-02-06 08:53:13,277 - WARNING - Sensor 3 (28-3cc1f649ac53): Device file not found
2026-02-06 08:53:13,277 - WARNING - Sensor 4 (28-3cf2f6498873): Device file not found
2026-02-06 08:53:13,278 - WARNING - 2026-02-06 08:53:13 - Invalid readings from sensors: [0, 1, 2, 3] (4/4 failed)
2026-02-06 08:54:13,339 - WARNING - Sensor 0 (28-3c4ef649f11d): Device file not found
2026-02-06 08:54:13,339 - WARNING - Sensor 1 (28-3c68f6499bcd): Device file not found
2026-02-06 08:54:13,340 - WARNING - Sensor 2 (28-3cb9f64947fe): Device file not found
2026-02-06 08:54:13,340 - WARNING - Sensor 3 (28-3cc1f649ac53): Device file not found
2026-02-06 08:54:13,340 - WARNING - Sensor 4 (28-3cf2f6498873): Device file not found
2026-02-06 08:54:13,341 - WARNING - 2026-02-06 08:54:13 - Invalid readings from sensors: [0, 1, 2, 3] (4/4 failed)
2026-02-06 08:55:13,401 - WARNING - Sensor 0 (28-3c4ef649f11d): Device file not found
2026-02-06 08:55:13,402 - WARNING - Sensor 1 (28-3c68f6499bcd): Device file not found
2026-02-06 08:55:13,402 - WARNING - Sensor 2 (28-3cb9f64947fe): Device file not found
2026-02-06 08:55:13,403 - WARNING - Sensor 3 (28-3cc1f649ac53): Device file not found
2026-02-06 08:55:13,403 - WARNING - Sensor 4 (28-3cf2f6498873): Device file not found
2026-02-06 08:55:13,404 - WARNING - 2026-02-06 08:55:13 - Invalid readings from sensors: [0, 1, 2, 3] (4/4 failed)
2026-02-06 08:56:13,465 - WARNING - Sensor 0 (28-3c4ef649f11d): Device file not found
2026-02-06 08:56:13,465 - WARNING - Sensor 1 (28-3c68f6499bcd): Device file not found
2026-02-06 08:56:13,466 - WARNING - Sensor 2 (28-3cb9f64947fe): Device file not found
2026-02-06 08:56:13,466 - WARNING - Sensor 3 (28-3cc1f649ac53): Device file not found
2026-02-06 08:56:13,466 - WARNING - Sensor 4 (28-3cf2f6498873): Device file not found
2026-02-06 08:56:13,467 - WARNING - 2026-02-06 08:56:13 - Invalid readings from sensors: [0, 1, 2, 3] (4/4 failed)
2026-02-06 08:57:13,495 - WARNING - Sensor 0 (28-3c4ef649f11d): Device file not found
2026-02-06 08:57:13,496 - WARNING - Sensor 1 (28-3c68f6499bcd): Device file not found
2026-02-06 08:57:13,496 - WARNING - Sensor 2 (28-3cb9f64947fe): Device file not found
2026-02-06 08:57:13,496 - WARNING - Sensor 3 (28-3cc1f649ac53): Device file not found
2026-02-06 08:57:13,496 - WARNING - Sensor 4 (28-3cf2f6498873): Device file not found
2026-02-06 08:57:13,496 - WARNING - 2026-02-06 08:57:13 - Invalid readings from sensors: [0, 1, 2, 3] (4/4 failed)
2026-02-06 08:58:13,557 - WARNING - Sensor 0 (28-3c4ef649f11d): Device file not found
2026-02-06 08:58:13,557 - WARNING - Sensor 1 (28-3c68f6499bcd): Device file not found
2026-02-06 08:58:13,557 - WARNING - Sensor 2 (28-3cb9f64947fe): Device file not found
2026-02-06 08:58:13,557 - WARNING - Sensor 3 (28-3cc1f649ac53): Device file not found
2026-02-06 08:58:13,557 - WARNING - Sensor 4 (28-3cf2f6498873): Device file not found
2026-02-06 08:58:13,558 - WARNING - 2026-02-06 08:58:13 - Invalid readings from sensors: [0, 1, 2, 3] (4/4 failed)
2026-02-06 08:59:13,594 - WARNING - Sensor 0 (28-3c4ef649f11d): Device file not found
2026-02-06 08:59:13,595 - WARNING - Sensor 1 (28-3c68f6499bcd): Device file not found
2026-02-06 08:59:13,595 - WARNING - Sensor 2 (28-3cb9f64947fe): Device file not found
2026-02-06 08:59:13,595 - WARNING - Sensor 3 (28-3cc1f649ac53): Device file not found
2026-02-06 08:59:13,595 - WARNING - Sensor 4 (28-3cf2f6498873): Device file not found
2026-02-06 08:59:13,595 - WARNING - 2026-02-06 08:59:13 - Invalid readings from sensors: [0, 1, 2, 3] (4/4 failed)
2026-02-06 09:00:13,656 - WARNING - Sensor 0 (28-3c4ef649f11d): Device file not found
2026-02-06 09:00:13,656 - WARNING - Sensor 1 (28-3c68f6499bcd): Device file not found
2026-02-06 09:00:13,657 - WARNING - Sensor 2 (28-3cb9f64947fe): Device file not found
2026-02-06 09:00:13,657 - WARNING - Sensor 3 (28-3cc1f649ac53): Device file not found
2026-02-06 09:00:13,657 - WARNING - Sensor 4 (28-3cf2f6498873): Device file not found
2026-02-06 09:00:13,658 - WARNING - 2026-02-06 09:00:13 - Invalid readings from sensors: [0, 1, 2, 3] (4/4 failed)
2026-02-06 09:01:13,661 - WARNING - Sensor 0 (28-3c4ef649f11d): Device file not found
2026-02-06 09:01:13,662 - WARNING - Sensor 1 (28-3c68f6499bcd): Device file not found
2026-02-06 09:01:13,662 - WARNING - Sensor 2 (28-3cb9f64947fe): Device file not found
2026-02-06 09:01:13,662 - WARNING - Sensor 3 (28-3cc1f649ac53): Device file not found
2026-02-06 09:01:13,663 - WARNING - Sensor 4 (28-3cf2f6498873): Device file not found
2026-02-06 09:01:13,663 - WARNING - 2026-02-06 09:01:13 - Invalid readings from sensors: [0, 1, 2, 3] (4/4 failed)
2026-02-06 09:02:13,672 - WARNING - Sensor 0 (28-3c4ef649f11d): Device file not found
2026-02-06 09:02:13,672 - WARNING - Sensor 1 (28-3c68f6499bcd): Device file not found
2026-02-06 09:02:13,673 - WARNING - Sensor 2 (28-3cb9f64947fe): Device file not found
2026-02-06 09:02:13,673 - WARNING - Sensor 3 (28-3cc1f649ac53): Device file not found
2026-02-06 09:02:13,673 - WARNING - Sensor 4 (28-3cf2f6498873): Device file not found
2026-02-06 09:02:13,674 - WARNING - 2026-02-06 09:02:13 - Invalid readings from sensors: [0, 1, 2, 3] (4/4 failed)
2026-02-06 09:03:13,710 - WARNING - Sensor 0 (28-3c4ef649f11d): Device file not found
2026-02-06 09:03:13,711 - WARNING - Sensor 1 (28-3c68f6499bcd): Device file not found
2026-02-06 09:03:13,711 - WARNING - Sensor 2 (28-3cb9f64947fe): Device file not found
2026-02-06 09:03:13,712 - WARNING - Sensor 3 (28-3cc1f649ac53): Device file not found
2026-02-06 09:03:13,712 - WARNING - Sensor 4 (28-3cf2f6498873): Device file not found
2026-02-06 09:03:13,713 - WARNING - 2026-02-06 09:03:13 - Invalid readings from sensors: [0, 1, 2, 3] (4/4 failed)
2026-02-06 09:04:13,773 - WARNING - Sensor 0 (28-3c4ef649f11d): Device file not found
2026-02-06 09:04:13,774 - WARNING - Sensor 1 (28-3c68f6499bcd): Device file not found
2026-02-06 09:04:13,774 - WARNING - Sensor 2 (28-3cb9f64947fe): Device file not found
2026-02-06 09:04:13,774 - WARNING - Sensor 3 (28-3cc1f649ac53): Device file not found
2026-02-06 09:04:13,774 - WARNING - Sensor 4 (28-3cf2f6498873): Device file not found
2026-02-06 09:04:13,774 - WARNING - 2026-02-06 09:04:13 - Invalid readings from sensors: [0, 1, 2, 3] (4/4 failed)
2026-02-06 09:05:13,831 - WARNING - Sensor 0 (28-3c4ef649f11d): Device file not found
2026-02-06 09:05:13,832 - WARNING - Sensor 1 (28-3c68f6499bcd): Device file not found
2026-02-06 09:05:13,832 - WARNING - Sensor 2 (28-3cb9f64947fe): Device file not found
2026-02-06 09:05:13,832 - WARNING - Sensor 3 (28-3cc1f649ac53): Device file not found
2026-02-06 09:05:13,832 - WARNING - Sensor 4 (28-3cf2f6498873): Device file not found
2026-02-06 09:05:13,832 - WARNING - 2026-02-06 09:05:13 - Invalid readings from sensors: [0, 1, 2, 3] (4/4 failed)
2026-02-06 09:06:13,893 - WARNING - Sensor 0 (28-3c4ef649f11d): Device file not found
2026-02-06 09:06:13,893 - WARNING - Sensor 1 (28-3c68f6499bcd): Device file not found
2026-02-06 09:06:13,893 - WARNING - Sensor 2 (28-3cb9f64947fe): Device file not found
2026-02-06 09:06:13,893 - WARNING - Sensor 3 (28-3cc1f649ac53): Device file not found
2026-02-06 09:06:13,893 - WARNING - Sensor 4 (28-3cf2f6498873): Device file not found
2026-02-06 09:06:13,894 - WARNING - 2026-02-06 09:06:13 - Invalid readings from sensors: [0, 1, 2, 3] (4/4 failed)
2026-02-06 09:07:13,954 - WARNING - Sensor 0 (28-3c4ef649f11d): Device file not found
2026-02-06 09:07:13,954 - WARNING - Sensor 1 (28-3c68f6499bcd): Device file not found
2026-02-06 09:07:13,954 - WARNING - Sensor 2 (28-3cb9f64947fe): Device file not found
2026-02-06 09:07:13,954 - WARNING - Sensor 3 (28-3cc1f649ac53): Device file not found
2026-02-06 09:07:13,955 - WARNING - Sensor 4 (28-3cf2f6498873): Device file not found
2026-02-06 09:07:13,955 - WARNING - 2026-02-06 09:07:13 - Invalid readings from sensors: [0, 1, 2, 3] (4/4 failed)
2026-02-06 09:08:14,015 - WARNING - Sensor 0 (28-3c4ef649f11d): Device file not found
2026-02-06 09:08:14,016 - WARNING - Sensor 1 (28-3c68f6499bcd): Device file not found
2026-02-06 09:08:14,016 - WARNING - Sensor 2 (28-3cb9f64947fe): Device file not found
2026-02-06 09:08:14,017 - WARNING - Sensor 3 (28-3cc1f649ac53): Device file not found
2026-02-06 09:08:14,017 - WARNING - Sensor 4 (28-3cf2f6498873): Device file not found
2026-02-06 09:08:14,018 - WARNING - 2026-02-06 09:08:14 - Invalid readings from sensors: [0, 1, 2, 3] (4/4 failed)
2026-02-06 09:09:14,078 - WARNING - Sensor 0 (28-3c4ef649f11d): Device file not found
2026-02-06 09:09:14,079 - WARNING - Sensor 1 (28-3c68f6499bcd): Device file not found
2026-02-06 09:09:14,080 - WARNING - Sensor 2 (28-3cb9f64947fe): Device file not found
2026-02-06 09:09:14,080 - WARNING - Sensor 3 (28-3cc1f649ac53): Device file not found
2026-02-06 09:09:14,080 - WARNING - Sensor 4 (28-3cf2f6498873): Device file not found
2026-02-06 09:09:14,081 - WARNING - 2026-02-06 09:09:14 - Invalid readings from sensors: [0, 1, 2, 3] (4/4 failed)
2026-02-06 09:10:14,083 - WARNING - Sensor 0 (28-3c4ef649f11d): Device file not found
2026-02-06 09:10:14,084 - WARNING - Sensor 1 (28-3c68f6499bcd): Device file not found
2026-02-06 09:10:14,084 - WARNING - Sensor 2 (28-3cb9f64947fe): Device file not found
2026-02-06 09:10:14,085 - WARNING - Sensor 3 (28-3cc1f649ac53): Device file not found
2026-02-06 09:10:14,085 - WARNING - Sensor 4 (28-3cf2f6498873): Device file not found
2026-02-06 09:10:14,086 - WARNING - 2026-02-06 09:10:14 - Invalid readings from sensors: [0, 1, 2, 3] (4/4 failed)
2026-02-06 09:11:14,126 - WARNING - Sensor 0 (28-3c4ef649f11d): Device file not found
2026-02-06 09:11:14,127 - WARNING - Sensor 1 (28-3c68f6499bcd): Device file not found
2026-02-06 09:11:14,128 - WARNING - Sensor 2 (28-3cb9f64947fe): Device file not found
2026-02-06 09:11:14,128 - WARNING - Sensor 3 (28-3cc1f649ac53): Device file not found
2026-02-06 09:11:14,128 - WARNING - Sensor 4 (28-3cf2f6498873): Device file not found
2026-02-06 09:11:14,129 - WARNING - 2026-02-06 09:11:14 - Invalid readings from sensors: [0, 1, 2, 3] (4/4 failed)
2026-02-06 09:12:14,190 - WARNING - Sensor 0 (28-3c4ef649f11d): Device file not found
2026-02-06 09:12:14,190 - WARNING - Sensor 1 (28-3c68f6499bcd): Device file not found
2026-02-06 09:12:14,190 - WARNING - Sensor 2 (28-3cb9f64947fe): Device file not found
2026-02-06 09:12:14,190 - WARNING - Sensor 3 (28-3cc1f649ac53): Device file not found
2026-02-06 09:12:14,190 - WARNING - Sensor 4 (28-3cf2f6498873): Device file not found
2026-02-06 09:12:14,190 - WARNING - 2026-02-06 09:12:14 - Invalid readings from sensors: [0, 1, 2, 3] (4/4 failed)
2026-02-06 09:13:14,251 - WARNING - Sensor 0 (28-3c4ef649f11d): Device file not found
2026-02-06 09:13:14,252 - WARNING - Sensor 1 (28-3c68f6499bcd): Device file not found
2026-02-06 09:13:14,252 - WARNING - Sensor 2 (28-3cb9f64947fe): Device file not found
2026-02-06 09:13:14,253 - WARNING - Sensor 3 (28-3cc1f649ac53): Device file not found
2026-02-06 09:13:14,253 - WARNING - Sensor 4 (28-3cf2f6498873): Device file not found
2026-02-06 09:13:14,254 - WARNING - 2026-02-06 09:13:14 - Invalid readings from sensors: [0, 1, 2, 3] (4/4 failed)
2026-02-06 09:14:14,314 - WARNING - Sensor 0 (28-3c4ef649f11d): Device file not found
2026-02-06 09:14:14,314 - WARNING - Sensor 1 (28-3c68f6499bcd): Device file not found
2026-02-06 09:14:14,315 - WARNING - Sensor 2 (28-3cb9f64947fe): Device file not found
2026-02-06 09:14:14,315 - WARNING - Sensor 3 (28-3cc1f649ac53): Device file not found
2026-02-06 09:14:14,315 - WARNING - Sensor 4 (28-3cf2f6498873): Device file not found
2026-02-06 09:14:14,315 - WARNING - 2026-02-06 09:14:14 - Invalid readings from sensors: [0, 1, 2, 3] (4/4 failed)
2026-02-06 09:15:14,335 - WARNING - Sensor 0 (28-3c4ef649f11d): Device file not found
2026-02-06 09:15:14,335 - WARNING - Sensor 1 (28-3c68f6499bcd): Device file not found
2026-02-06 09:15:14,336 - WARNING - Sensor 2 (28-3cb9f64947fe): Device file not found
2026-02-06 09:15:14,336 - WARNING - Sensor 3 (28-3cc1f649ac53): Device file not found
2026-02-06 09:15:14,336 - WARNING - Sensor 4 (28-3cf2f6498873): Device file not found
2026-02-06 09:15:14,337 - WARNING - 2026-02-06 09:15:14 - Invalid readings from sensors: [0, 1, 2, 3] (4/4 failed)
2026-02-06 09:16:14,369 - WARNING - Sensor 0 (28-3c4ef649f11d): Device file not found
2026-02-06 09:16:14,370 - WARNING - Sensor 1 (28-3c68f6499bcd): Device file not found
2026-02-06 09:16:14,370 - WARNING - Sensor 2 (28-3cb9f64947fe): Device file not found
2026-02-06 09:16:14,370 - WARNING - Sensor 3 (28-3cc1f649ac53): Device file not found
2026-02-06 09:16:14,371 - WARNING - Sensor 4 (28-3cf2f6498873): Device file not found
2026-02-06 09:16:14,371 - WARNING - 2026-02-06 09:16:14 - Invalid readings from sensors: [0, 1, 2, 3] (4/4 failed)
2026-02-06 09:17:14,408 - WARNING - Sensor 0 (28-3c4ef649f11d): Device file not found
2026-02-06 09:17:14,408 - WARNING - Sensor 1 (28-3c68f6499bcd): Device file not found
2026-02-06 09:17:14,409 - WARNING - Sensor 2 (28-3cb9f64947fe): Device file not found
2026-02-06 09:17:14,409 - WARNING - Sensor 3 (28-3cc1f649ac53): Device file not found
2026-02-06 09:17:14,409 - WARNING - Sensor 4 (28-3cf2f6498873): Device file not found
2026-02-06 09:17:14,410 - WARNING - 2026-02-06 09:17:14 - Invalid readings from sensors: [0, 1, 2, 3] (4/4 failed)
2026-02-06 09:18:14,471 - WARNING - Sensor 0 (28-3c4ef649f11d): Device file not found
2026-02-06 09:18:14,471 - WARNING - Sensor 1 (28-3c68f6499bcd): Device file not found
2026-02-06 09:18:14,472 - WARNING - Sensor 2 (28-3cb9f64947fe): Device file not found
2026-02-06 09:18:14,472 - WARNING - Sensor 3 (28-3cc1f649ac53): Device file not found
2026-02-06 09:18:14,472 - WARNING - Sensor 4 (28-3cf2f6498873): Device file not found
2026-02-06 09:18:14,473 - WARNING - 2026-02-06 09:18:14 - Invalid readings from sensors: [0, 1, 2, 3] (4/4 failed)
2026-02-06 09:19:14,534 - WARNING - Sensor 0 (28-3c4ef649f11d): Device file not found
2026-02-06 09:19:14,534 - WARNING - Sensor 1 (28-3c68f6499bcd): Device file not found
2026-02-06 09:19:14,534 - WARNING - Sensor 2 (28-3cb9f64947fe): Device file not found
2026-02-06 09:19:14,534 - WARNING - Sensor 3 (28-3cc1f649ac53): Device file not found
2026-02-06 09:19:14,534 - WARNING - Sensor 4 (28-3cf2f6498873): Device file not found
2026-02-06 09:19:14,534 - WARNING - 2026-02-06 09:19:14 - Invalid readings from sensors: [0, 1, 2, 3] (4/4 failed)
2026-02-06 09:20:14,595 - WARNING - Sensor 0 (28-3c4ef649f11d): Device file not found
2026-02-06 09:20:14,595 - WARNING - Sensor 1 (28-3c68f6499bcd): Device file not found
2026-02-06 09:20:14,595 - WARNING - Sensor 2 (28-3cb9f64947fe): Device file not found
2026-02-06 09:20:14,595 - WARNING - Sensor 3 (28-3cc1f649ac53): Device file not found
2026-02-06 09:20:14,595 - WARNING - Sensor 4 (28-3cf2f6498873): Device file not found
2026-02-06 09:20:14,596 - WARNING - 2026-02-06 09:20:14 - Invalid readings from sensors: [0, 1, 2, 3] (4/4 failed)
2026-02-06 09:21:14,656 - WARNING - Sensor 0 (28-3c4ef649f11d): Device file not found
2026-02-06 09:21:14,656 - WARNING - Sensor 1 (28-3c68f6499bcd): Device file not found
2026-02-06 09:21:14,657 - WARNING - Sensor 2 (28-3cb9f64947fe): Device file not found
2026-02-06 09:21:14,657 - WARNING - Sensor 3 (28-3cc1f649ac53): Device file not found
2026-02-06 09:21:14,657 - WARNING - Sensor 4 (28-3cf2f6498873): Device file not found
2026-02-06 09:21:14,657 - WARNING - 2026-02-06 09:21:14 - Invalid readings from sensors: [0, 1, 2, 3] (4/4 failed)
2026-02-06 09:22:14,664 - WARNING - Sensor 0 (28-3c4ef649f11d): Device file not found
2026-02-06 09:22:14,664 - WARNING - Sensor 1 (28-3c68f6499bcd): Device file not found
2026-02-06 09:22:14,665 - WARNING - Sensor 2 (28-3cb9f64947fe): Device file not found
2026-02-06 09:22:14,665 - WARNING - Sensor 3 (28-3cc1f649ac53): Device file not found
2026-02-06 09:22:14,665 - WARNING - Sensor 4 (28-3cf2f6498873): Device file not found
2026-02-06 09:22:14,666 - WARNING - 2026-02-06 09:22:14 - Invalid readings from sensors: [0, 1, 2, 3] (4/4 failed)
2026-02-06 09:23:14,727 - WARNING - Sensor 0 (28-3c4ef649f11d): Device file not found
2026-02-06 09:23:14,727 - WARNING - Sensor 1 (28-3c68f6499bcd): Device file not found
2026-02-06 09:23:14,728 - WARNING - Sensor 2 (28-3cb9f64947fe): Device file not found
2026-02-06 09:23:14,728 - WARNING - Sensor 3 (28-3cc1f649ac53): Device file not found
2026-02-06 09:23:14,728 - WARNING - Sensor 4 (28-3cf2f6498873): Device file not found
2026-02-06 09:23:14,729 - WARNING - 2026-02-06 09:23:14 - Invalid readings from sensors: [0, 1, 2, 3] (4/4 failed)
2026-02-06 09:24:14,760 - WARNING - Sensor 0 (28-3c4ef649f11d): Device file not found
2026-02-06 09:24:14,760 - WARNING - Sensor 1 (28-3c68f6499bcd): Device file not found
2026-02-06 09:24:14,761 - WARNING - Sensor 2 (28-3cb9f64947fe): Device file not found
2026-02-06 09:24:14,761 - WARNING - Sensor 3 (28-3cc1f649ac53): Device file not found
2026-02-06 09:24:14,761 - WARNING - Sensor 4 (28-3cf2f6498873): Device file not found
2026-02-06 09:24:14,762 - WARNING - 2026-02-06 09:24:14 - Invalid readings from sensors: [0, 1, 2, 3] (4/4 failed)
2026-02-06 09:25:14,772 - WARNING - Sensor 0 (28-3c4ef649f11d): Device file not found
2026-02-06 09:25:14,772 - WARNING - Sensor 1 (28-3c68f6499bcd): Device file not found
2026-02-06 09:25:14,773 - WARNING - Sensor 2 (28-3cb9f64947fe): Device file not found
2026-02-06 09:25:14,773 - WARNING - Sensor 3 (28-3cc1f649ac53): Device file not found
2026-02-06 09:25:14,773 - WARNING - Sensor 4 (28-3cf2f6498873): Device file not found
2026-02-06 09:25:14,774 - WARNING - 2026-02-06 09:25:14 - Invalid readings from sensors: [0, 1, 2, 3] (4/4 failed)
2026-02-06 09:26:14,835 - WARNING - Sensor 0 (28-3c4ef649f11d): Device file not found
2026-02-06 09:26:14,835 - WARNING - Sensor 1 (28-3c68f6499bcd): Device file not found
2026-02-06 09:26:14,836 - WARNING - Sensor 2 (28-3cb9f64947fe): Device file not found
2026-02-06 09:26:14,836 - WARNING - Sensor 3 (28-3cc1f649ac53): Device file not found
2026-02-06 09:26:14,836 - WARNING - Sensor 4 (28-3cf2f6498873): Device file not found
2026-02-06 09:26:14,837 - WARNING - 2026-02-06 09:26:14 - Invalid readings from sensors: [0, 1, 2, 3] (4/4 failed)
2026-02-06 09:27:14,855 - WARNING - Sensor 0 (28-3c4ef649f11d): Device file not found
2026-02-06 09:27:14,856 - WARNING - Sensor 1 (28-3c68f6499bcd): Device file not found
2026-02-06 09:27:14,856 - WARNING - Sensor 2 (28-3cb9f64947fe): Device file not found
2026-02-06 09:27:14,856 - WARNING - Sensor 3 (28-3cc1f649ac53): Device file not found
2026-02-06 09:27:14,856 - WARNING - Sensor 4 (28-3cf2f6498873): Device file not found
2026-02-06 09:27:14,856 - WARNING - 2026-02-06 09:27:14 - Invalid readings from sensors: [0, 1, 2, 3] (4/4 failed)
2026-02-06 09:28:14,862 - WARNING - Sensor 0 (28-3c4ef649f11d): Device file not found
2026-02-06 09:28:14,864 - WARNING - Sensor 1 (28-3c68f6499bcd): Device file not found
2026-02-06 09:28:14,864 - WARNING - Sensor 2 (28-3cb9f64947fe): Device file not found
2026-02-06 09:28:14,865 - WARNING - Sensor 3 (28-3cc1f649ac53): Device file not found
2026-02-06 09:28:14,865 - WARNING - Sensor 4 (28-3cf2f6498873): Device file not found
2026-02-06 09:28:14,866 - WARNING - 2026-02-06 09:28:14 - Invalid readings from sensors: [0, 1, 2, 3] (4/4 failed)
2026-02-06 09:29:14,879 - WARNING - Sensor 0 (28-3c4ef649f11d): Device file not found
2026-02-06 09:29:14,880 - WARNING - Sensor 1 (28-3c68f6499bcd): Device file not found
2026-02-06 09:29:14,880 - WARNING - Sensor 2 (28-3cb9f64947fe): Device file not found
2026-02-06 09:29:14,880 - WARNING - Sensor 3 (28-3cc1f649ac53): Device file not found
2026-02-06 09:29:14,880 - WARNING - Sensor 4 (28-3cf2f6498873): Device file not found
2026-02-06 09:29:14,880 - WARNING - 2026-02-06 09:29:14 - Invalid readings from sensors: [0, 1, 2, 3] (4/4 failed)
2026-02-06 09:30:14,941 - WARNING - Sensor 0 (28-3c4ef649f11d): Device file not found
2026-02-06 09:30:14,941 - WARNING - Sensor 1 (28-3c68f6499bcd): Device file not found
2026-02-06 09:30:14,942 - WARNING - Sensor 2 (28-3cb9f64947fe): Device file not found
2026-02-06 09:30:14,942 - WARNING - Sensor 3 (28-3cc1f649ac53): Device file not found
2026-02-06 09:30:14,942 - WARNING - Sensor 4 (28-3cf2f6498873): Device file not found
2026-02-06 09:30:14,943 - WARNING - 2026-02-06 09:30:14 - Invalid readings from sensors: [0, 1, 2, 3] (4/4 failed)
2026-02-06 09:31:15,004 - WARNING - Sensor 0 (28-3c4ef649f11d): Device file not found
2026-02-06 09:31:15,005 - WARNING - Sensor 1 (28-3c68f6499bcd): Device file not found
2026-02-06 09:31:15,005 - WARNING - Sensor 2 (28-3cb9f64947fe): Device file not found
2026-02-06 09:31:15,005 - WARNING - Sensor 3 (28-3cc1f649ac53): Device file not found
2026-02-06 09:31:15,006 - WARNING - Sensor 4 (28-3cf2f6498873): Device file not found
2026-02-06 09:31:15,006 - WARNING - 2026-02-06 09:31:15 - Invalid readings from sensors: [0, 1, 2, 3] (4/4 failed)
2026-02-06 09:32:15,016 - WARNING - Sensor 0 (28-3c4ef649f11d): Device file not found
2026-02-06 09:32:15,016 - WARNING - Sensor 1 (28-3c68f6499bcd): Device file not found
2026-02-06 09:32:15,017 - WARNING - Sensor 2 (28-3cb9f64947fe): Device file not found
2026-02-06 09:32:15,017 - WARNING - Sensor 3 (28-3cc1f649ac53): Device file not found
2026-02-06 09:32:15,017 - WARNING - Sensor 4 (28-3cf2f6498873): Device file not found
2026-02-06 09:32:15,018 - WARNING - 2026-02-06 09:32:15 - Invalid readings from sensors: [0, 1, 2, 3] (4/4 failed)
2026-02-06 09:33:15,078 - WARNING - Sensor 0 (28-3c4ef649f11d): Device file not found
2026-02-06 09:33:15,079 - WARNING - Sensor 1 (28-3c68f6499bcd): Device file not found
2026-02-06 09:33:15,079 - WARNING - Sensor 2 (28-3cb9f64947fe): Device file not found
2026-02-06 09:33:15,079 - WARNING - Sensor 3 (28-3cc1f649ac53): Device file not found
2026-02-06 09:33:15,079 - WARNING - Sensor 4 (28-3cf2f6498873): Device file not found
2026-02-06 09:33:15,079 - WARNING - 2026-02-06 09:33:15 - Invalid readings from sensors: [0, 1, 2, 3] (4/4 failed)
2026-02-06 09:34:15,099 - WARNING - Sensor 0 (28-3c4ef649f11d): Device file not found
2026-02-06 09:34:15,100 - WARNING - Sensor 1 (28-3c68f6499bcd): Device file not found
2026-02-06 09:34:15,100 - WARNING - Sensor 2 (28-3cb9f64947fe): Device file not found
2026-02-06 09:34:15,100 - WARNING - Sensor 3 (28-3cc1f649ac53): Device file not found
2026-02-06 09:34:15,100 - WARNING - Sensor 4 (28-3cf2f6498873): Device file not found
2026-02-06 09:34:15,100 - WARNING - 2026-02-06 09:34:15 - Invalid readings from sensors: [0, 1, 2, 3] (4/4 failed)
2026-02-06 09:35:15,111 - WARNING - Sensor 0 (28-3c4ef649f11d): Device file not found
2026-02-06 09:35:15,112 - WARNING - Sensor 1 (28-3c68f6499bcd): Device file not found
2026-02-06 09:35:15,112 - WARNING - Sensor 2 (28-3cb9f64947fe): Device file not found
2026-02-06 09:35:15,112 - WARNING - Sensor 3 (28-3cc1f649ac53): Device file not found
2026-02-06 09:35:15,112 - WARNING - Sensor 4 (28-3cf2f6498873): Device file not found
2026-02-06 09:35:15,112 - WARNING - 2026-02-06 09:35:15 - Invalid readings from sensors: [0, 1, 2, 3] (4/4 failed)
2026-02-06 09:36:15,143 - WARNING - Sensor 0 (28-3c4ef649f11d): Device file not found
2026-02-06 09:36:15,144 - WARNING - Sensor 1 (28-3c68f6499bcd): Device file not found
2026-02-06 09:36:15,144 - WARNING - Sensor 2 (28-3cb9f64947fe): Device file not found
2026-02-06 09:36:15,144 - WARNING - Sensor 3 (28-3cc1f649ac53): Device file not found
2026-02-06 09:36:15,144 - WARNING - Sensor 4 (28-3cf2f6498873): Device file not found
2026-02-06 09:36:15,144 - WARNING - 2026-02-06 09:36:15 - Invalid readings from sensors: [0, 1, 2, 3] (4/4 failed)
2026-02-06 09:37:15,205 - WARNING - Sensor 0 (28-3c4ef649f11d): Device file not found
2026-02-06 09:37:15,205 - WARNING - Sensor 1 (28-3c68f6499bcd): Device file not found
2026-02-06 09:37:15,206 - WARNING - Sensor 2 (28-3cb9f64947fe): Device file not found
2026-02-06 09:37:15,206 - WARNING - Sensor 3 (28-3cc1f649ac53): Device file not found
2026-02-06 09:37:15,206 - WARNING - Sensor 4 (28-3cf2f6498873): Device file not found
2026-02-06 09:37:15,207 - WARNING - 2026-02-06 09:37:15 - Invalid readings from sensors: [0, 1, 2, 3] (4/4 failed)
2026-02-06 09:38:15,268 - WARNING - Sensor 0 (28-3c4ef649f11d): Device file not found
2026-02-06 09:38:15,269 - WARNING - Sensor 1 (28-3c68f6499bcd): Device file not found
2026-02-06 09:38:15,269 - WARNING - Sensor 2 (28-3cb9f64947fe): Device file not found
2026-02-06 09:38:15,269 - WARNING - Sensor 3 (28-3cc1f649ac53): Device file not found
2026-02-06 09:38:15,270 - WARNING - Sensor 4 (28-3cf2f6498873): Device file not found
2026-02-06 09:38:15,270 - WARNING - 2026-02-06 09:38:15 - Invalid readings from sensors: [0, 1, 2, 3] (4/4 failed)
2026-02-06 09:39:15,331 - WARNING - Sensor 0 (28-3c4ef649f11d): Device file not found
2026-02-06 09:39:15,332 - WARNING - Sensor 1 (28-3c68f6499bcd): Device file not found
2026-02-06 09:39:15,332 - WARNING - Sensor 2 (28-3cb9f64947fe): Device file not found
2026-02-06 09:39:15,332 - WARNING - Sensor 3 (28-3cc1f649ac53): Device file not found
2026-02-06 09:39:15,332 - WARNING - Sensor 4 (28-3cf2f6498873): Device file not found
2026-02-06 09:39:15,333 - WARNING - 2026-02-06 09:39:15 - Invalid readings from sensors: [0, 1, 2, 3] (4/4 failed)
2026-02-06 09:40:15,394 - WARNING - Sensor 0 (28-3c4ef649f11d): Device file not found
2026-02-06 09:40:15,394 - WARNING - Sensor 1 (28-3c68f6499bcd): Device file not found
2026-02-06 09:40:15,395 - WARNING - Sensor 2 (28-3cb9f64947fe): Device file not found
2026-02-06 09:40:15,395 - WARNING - Sensor 3 (28-3cc1f649ac53): Device file not found
2026-02-06 09:40:15,395 - WARNING - Sensor 4 (28-3cf2f6498873): Device file not found
2026-02-06 09:40:15,396 - WARNING - 2026-02-06 09:40:15 - Invalid readings from sensors: [0, 1, 2, 3] (4/4 failed)
2026-02-06 09:41:15,457 - WARNING - Sensor 0 (28-3c4ef649f11d): Device file not found
2026-02-06 09:41:15,457 - WARNING - Sensor 1 (28-3c68f6499bcd): Device file not found
2026-02-06 09:41:15,458 - WARNING - Sensor 2 (28-3cb9f64947fe): Device file not found
2026-02-06 09:41:15,458 - WARNING - Sensor 3 (28-3cc1f649ac53): Device file not found
2026-02-06 09:41:15,458 - WARNING - Sensor 4 (28-3cf2f6498873): Device file not found
2026-02-06 09:41:15,459 - WARNING - 2026-02-06 09:41:15 - Invalid readings from sensors: [0, 1, 2, 3] (4/4 failed)
2026-02-06 09:42:15,520 - WARNING - Sensor 0 (28-3c4ef649f11d): Device file not found
2026-02-06 09:42:15,520 - WARNING - Sensor 1 (28-3c68f6499bcd): Device file not found
2026-02-06 09:42:15,520 - WARNING - Sensor 2 (28-3cb9f64947fe): Device file not found
2026-02-06 09:42:15,520 - WARNING - Sensor 3 (28-3cc1f649ac53): Device file not found
2026-02-06 09:42:15,520 - WARNING - Sensor 4 (28-3cf2f6498873): Device file not found
2026-02-06 09:42:15,521 - WARNING - 2026-02-06 09:42:15 - Invalid readings from sensors: [0, 1, 2, 3] (4/4 failed)
2026-02-06 09:43:15,581 - WARNING - Sensor 0 (28-3c4ef649f11d): Device file not found
2026-02-06 09:43:15,581 - WARNING - Sensor 1 (28-3c68f6499bcd): Device file not found
2026-02-06 09:43:15,581 - WARNING - Sensor 2 (28-3cb9f64947fe): Device file not found
2026-02-06 09:43:15,581 - WARNING - Sensor 3 (28-3cc1f649ac53): Device file not found
2026-02-06 09:43:15,581 - WARNING - Sensor 4 (28-3cf2f6498873): Device file not found
2026-02-06 09:43:15,582 - WARNING - 2026-02-06 09:43:15 - Invalid readings from sensors: [0, 1, 2, 3] (4/4 failed)
2026-02-06 09:44:15,591 - WARNING - Sensor 0 (28-3c4ef649f11d): Device file not found
2026-02-06 09:44:15,592 - WARNING - Sensor 1 (28-3c68f6499bcd): Device file not found
2026-02-06 09:44:15,592 - WARNING - Sensor 2 (28-3cb9f64947fe): Device file not found
2026-02-06 09:44:15,593 - WARNING - Sensor 3 (28-3cc1f649ac53): Device file not found
2026-02-06 09:44:15,593 - WARNING - Sensor 4 (28-3cf2f6498873): Device file not found
2026-02-06 09:44:15,593 - WARNING - 2026-02-06 09:44:15 - Invalid readings from sensors: [0, 1, 2, 3] (4/4 failed)
2026-02-06 09:45:15,654 - WARNING - Sensor 0 (28-3c4ef649f11d): Device file not found
2026-02-06 09:45:15,655 - WARNING - Sensor 1 (28-3c68f6499bcd): Device file not found
2026-02-06 09:45:15,655 - WARNING - Sensor 2 (28-3cb9f64947fe): Device file not found
2026-02-06 09:45:15,655 - WARNING - Sensor 3 (28-3cc1f649ac53): Device file not found
2026-02-06 09:45:15,656 - WARNING - Sensor 4 (28-3cf2f6498873): Device file not found
2026-02-06 09:45:15,656 - WARNING - 2026-02-06 09:45:15 - Invalid readings from sensors: [0, 1, 2, 3] (4/4 failed)
2026-02-06 09:46:15,717 - WARNING - Sensor 0 (28-3c4ef649f11d): Device file not found
2026-02-06 09:46:15,718 - WARNING - Sensor 1 (28-3c68f6499bcd): Device file not found
2026-02-06 09:46:15,718 - WARNING - Sensor 2 (28-3cb9f64947fe): Device file not found
2026-02-06 09:46:15,718 - WARNING - Sensor 3 (28-3cc1f649ac53): Device file not found
2026-02-06 09:46:15,719 - WARNING - Sensor 4 (28-3cf2f6498873): Device file not found
2026-02-06 09:46:15,720 - WARNING - 2026-02-06 09:46:15 - Invalid readings from sensors: [0, 1, 2, 3] (4/4 failed)
2026-02-06 09:47:15,780 - WARNING - Sensor 0 (28-3c4ef649f11d): Device file not found
2026-02-06 09:47:15,781 - WARNING - Sensor 1 (28-3c68f6499bcd): Device file not found
2026-02-06 09:47:15,781 - WARNING - Sensor 2 (28-3cb9f64947fe): Device file not found
2026-02-06 09:47:15,782 - WARNING - Sensor 3 (28-3cc1f649ac53): Device file not found
2026-02-06 09:47:15,782 - WARNING - Sensor 4 (28-3cf2f6498873): Device file not found
2026-02-06 09:47:15,783 - WARNING - 2026-02-06 09:47:15 - Invalid readings from sensors: [0, 1, 2, 3] (4/4 failed)
2026-02-06 09:48:15,843 - WARNING - Sensor 0 (28-3c4ef649f11d): Device file not found
2026-02-06 09:48:15,843 - WARNING - Sensor 1 (28-3c68f6499bcd): Device file not found
2026-02-06 09:48:15,844 - WARNING - Sensor 2 (28-3cb9f64947fe): Device file not found
2026-02-06 09:48:15,844 - WARNING - Sensor 3 (28-3cc1f649ac53): Device file not found
2026-02-06 09:48:15,844 - WARNING - Sensor 4 (28-3cf2f6498873): Device file not found
2026-02-06 09:48:15,844 - WARNING - 2026-02-06 09:48:15 - Invalid readings from sensors: [0, 1, 2, 3] (4/4 failed)
2026-02-06 09:49:15,904 - WARNING - Sensor 0 (28-3c4ef649f11d): Device file not found
2026-02-06 09:49:15,905 - WARNING - Sensor 1 (28-3c68f6499bcd): Device file not found
2026-02-06 09:49:15,905 - WARNING - Sensor 2 (28-3cb9f64947fe): Device file not found
2026-02-06 09:49:15,905 - WARNING - Sensor 3 (28-3cc1f649ac53): Device file not found
2026-02-06 09:49:15,905 - WARNING - Sensor 4 (28-3cf2f6498873): Device file not found
2026-02-06 09:49:15,905 - WARNING - 2026-02-06 09:49:15 - Invalid readings from sensors: [0, 1, 2, 3] (4/4 failed)
2026-02-06 09:50:15,927 - WARNING - Sensor 0 (28-3c4ef649f11d): Device file not found
2026-02-06 09:50:15,928 - WARNING - Sensor 1 (28-3c68f6499bcd): Device file not found
2026-02-06 09:50:15,928 - WARNING - Sensor 2 (28-3cb9f64947fe): Device file not found
2026-02-06 09:50:15,928 - WARNING - Sensor 3 (28-3cc1f649ac53): Device file not found
2026-02-06 09:50:15,928 - WARNING - Sensor 4 (28-3cf2f6498873): Device file not found
2026-02-06 09:50:15,928 - WARNING - 2026-02-06 09:50:15 - Invalid readings from sensors: [0, 1, 2, 3] (4/4 failed)
2026-02-06 09:51:15,989 - WARNING - Sensor 0 (28-3c4ef649f11d): Device file not found
2026-02-06 09:51:15,989 - WARNING - Sensor 1 (28-3c68f6499bcd): Device file not found
2026-02-06 09:51:15,990 - WARNING - Sensor 2 (28-3cb9f64947fe): Device file not found
2026-02-06 09:51:15,990 - WARNING - Sensor 3 (28-3cc1f649ac53): Device file not found
2026-02-06 09:51:15,990 - WARNING - Sensor 4 (28-3cf2f6498873): Device file not found
2026-02-06 09:51:15,991 - WARNING - 2026-02-06 09:51:15 - Invalid readings from sensors: [0, 1, 2, 3] (4/4 failed)
2026-02-06 09:52:16,028 - WARNING - Sensor 0 (28-3c4ef649f11d): Device file not found
2026-02-06 09:52:16,028 - WARNING - Sensor 1 (28-3c68f6499bcd): Device file not found
2026-02-06 09:52:16,029 - WARNING - Sensor 2 (28-3cb9f64947fe): Device file not found
2026-02-06 09:52:16,029 - WARNING - Sensor 3 (28-3cc1f649ac53): Device file not found
2026-02-06 09:52:16,029 - WARNING - Sensor 4 (28-3cf2f6498873): Device file not found
2026-02-06 09:52:16,030 - WARNING - 2026-02-06 09:52:16 - Invalid readings from sensors: [0, 1, 2, 3] (4/4 failed)
2026-02-06 09:53:16,071 - WARNING - Sensor 0 (28-3c4ef649f11d): Device file not found
2026-02-06 09:53:16,072 - WARNING - Sensor 1 (28-3c68f6499bcd): Device file not found
2026-02-06 09:53:16,072 - WARNING - Sensor 2 (28-3cb9f64947fe): Device file not found
2026-02-06 09:53:16,072 - WARNING - Sensor 3 (28-3cc1f649ac53): Device file not found
2026-02-06 09:53:16,073 - WARNING - Sensor 4 (28-3cf2f6498873): Device file not found
2026-02-06 09:53:16,073 - WARNING - 2026-02-06 09:53:16 - Invalid readings from sensors: [0, 1, 2, 3] (4/4 failed)
2026-02-06 09:54:16,134 - WARNING - Sensor 0 (28-3c4ef649f11d): Device file not found
2026-02-06 09:54:16,135 - WARNING - Sensor 1 (28-3c68f6499bcd): Device file not found
2026-02-06 09:54:16,135 - WARNING - Sensor 2 (28-3cb9f64947fe): Device file not found
2026-02-06 09:54:16,135 - WARNING - Sensor 3 (28-3cc1f649ac53): Device file not found
2026-02-06 09:54:16,136 - WARNING - Sensor 4 (28-3cf2f6498873): Device file not found
2026-02-06 09:54:16,137 - WARNING - 2026-02-06 09:54:16 - Invalid readings from sensors: [0, 1, 2, 3] (4/4 failed)
2026-02-06 09:55:16,197 - WARNING - Sensor 0 (28-3c4ef649f11d): Device file not found
2026-02-06 09:55:16,198 - WARNING - Sensor 1 (28-3c68f6499bcd): Device file not found
2026-02-06 09:55:16,198 - WARNING - Sensor 2 (28-3cb9f64947fe): Device file not found
2026-02-06 09:55:16,199 - WARNING - Sensor 3 (28-3cc1f649ac53): Device file not found
2026-02-06 09:55:16,199 - WARNING - Sensor 4 (28-3cf2f6498873): Device file not found
2026-02-06 09:55:16,200 - WARNING - 2026-02-06 09:55:16 - Invalid readings from sensors: [0, 1, 2, 3] (4/4 failed)
2026-02-06 09:56:16,260 - WARNING - Sensor 0 (28-3c4ef649f11d): Device file not found
2026-02-06 09:56:16,261 - WARNING - Sensor 1 (28-3c68f6499bcd): Device file not found
2026-02-06 09:56:16,261 - WARNING - Sensor 2 (28-3cb9f64947fe): Device file not found
2026-02-06 09:56:16,261 - WARNING - Sensor 3 (28-3cc1f649ac53): Device file not found
2026-02-06 09:56:16,261 - WARNING - Sensor 4 (28-3cf2f6498873): Device file not found
2026-02-06 09:56:16,261 - WARNING - 2026-02-06 09:56:16 - Invalid readings from sensors: [0, 1, 2, 3] (4/4 failed)
2026-02-06 09:57:16,303 - WARNING - Sensor 0 (28-3c4ef649f11d): Device file not found
2026-02-06 09:57:16,304 - WARNING - Sensor 1 (28-3c68f6499bcd): Device file not found
2026-02-06 09:57:16,304 - WARNING - Sensor 2 (28-3cb9f64947fe): Device file not found
2026-02-06 09:57:16,304 - WARNING - Sensor 3 (28-3cc1f649ac53): Device file not found
2026-02-06 09:57:16,304 - WARNING - Sensor 4 (28-3cf2f6498873): Device file not found
2026-02-06 09:57:16,304 - WARNING - 2026-02-06 09:57:16 - Invalid readings from sensors: [0, 1, 2, 3] (4/4 failed)
2026-02-06 09:58:16,365 - WARNING - Sensor 0 (28-3c4ef649f11d): Device file not found
2026-02-06 09:58:16,365 - WARNING - Sensor 1 (28-3c68f6499bcd): Device file not found
2026-02-06 09:58:16,365 - WARNING - Sensor 2 (28-3cb9f64947fe): Device file not found
2026-02-06 09:58:16,365 - WARNING - Sensor 3 (28-3cc1f649ac53): Device file not found
2026-02-06 09:58:16,365 - WARNING - Sensor 4 (28-3cf2f6498873): Device file not found
2026-02-06 09:58:16,366 - WARNING - 2026-02-06 09:58:16 - Invalid readings from sensors: [0, 1, 2, 3] (4/4 failed)
2026-02-06 09:59:16,426 - WARNING - Sensor 0 (28-3c4ef649f11d): Device file not found
2026-02-06 09:59:16,427 - WARNING - Sensor 1 (28-3c68f6499bcd): Device file not found
2026-02-06 09:59:16,427 - WARNING - Sensor 2 (28-3cb9f64947fe): Device file not found
2026-02-06 09:59:16,428 - WARNING - Sensor 3 (28-3cc1f649ac53): Device file not found
2026-02-06 09:59:16,428 - WARNING - Sensor 4 (28-3cf2f6498873): Device file not found
2026-02-06 09:59:16,429 - WARNING - 2026-02-06 09:59:16 - Invalid readings from sensors: [0, 1, 2, 3] (4/4 failed)
2026-02-06 10:00:16,450 - WARNING - Sensor 0 (28-3c4ef649f11d): Device file not found
2026-02-06 10:00:16,451 - WARNING - Sensor 1 (28-3c68f6499bcd): Device file not found
2026-02-06 10:00:16,451 - WARNING - Sensor 2 (28-3cb9f64947fe): Device file not found
2026-02-06 10:00:16,452 - WARNING - Sensor 3 (28-3cc1f649ac53): Device file not found
2026-02-06 10:00:16,452 - WARNING - Sensor 4 (28-3cf2f6498873): Device file not found
2026-02-06 10:00:16,453 - WARNING - 2026-02-06 10:00:16 - Invalid readings from sensors: [0, 1, 2, 3] (4/4 failed)
2026-02-06 10:01:16,488 - WARNING - Sensor 0 (28-3c4ef649f11d): Device file not found
2026-02-06 10:01:16,488 - WARNING - Sensor 1 (28-3c68f6499bcd): Device file not found
2026-02-06 10:01:16,489 - WARNING - Sensor 2 (28-3cb9f64947fe): Device file not found
2026-02-06 10:01:16,489 - WARNING - Sensor 3 (28-3cc1f649ac53): Device file not found
2026-02-06 10:01:16,489 - WARNING - Sensor 4 (28-3cf2f6498873): Device file not found
2026-02-06 10:01:16,490 - WARNING - 2026-02-06 10:01:16 - Invalid readings from sensors: [0, 1, 2, 3] (4/4 failed)
2026-02-06 10:02:16,531 - WARNING - Sensor 0 (28-3c4ef649f11d): Device file not found
2026-02-06 10:02:16,532 - WARNING - Sensor 1 (28-3c68f6499bcd): Device file not found
2026-02-06 10:02:16,532 - WARNING - Sensor 2 (28-3cb9f64947fe): Device file not found
2026-02-06 10:02:16,532 - WARNING - Sensor 3 (28-3cc1f649ac53): Device file not found
2026-02-06 10:02:16,533 - WARNING - Sensor 4 (28-3cf2f6498873): Device file not found
2026-02-06 10:02:16,533 - WARNING - 2026-02-06 10:02:16 - Invalid readings from sensors: [0, 1, 2, 3] (4/4 failed)
2026-02-06 10:03:16,536 - WARNING - Sensor 0 (28-3c4ef649f11d): Device file not found
2026-02-06 10:03:16,536 - WARNING - Sensor 1 (28-3c68f6499bcd): Device file not found
2026-02-06 10:03:16,537 - WARNING - Sensor 2 (28-3cb9f64947fe): Device file not found
2026-02-06 10:03:16,537 - WARNING - Sensor 3 (28-3cc1f649ac53): Device file not found
2026-02-06 10:03:16,537 - WARNING - Sensor 4 (28-3cf2f6498873): Device file not found
2026-02-06 10:03:16,538 - WARNING - 2026-02-06 10:03:16 - Invalid readings from sensors: [0, 1, 2, 3] (4/4 failed)
2026-02-06 10:04:16,563 - WARNING - Sensor 0 (28-3c4ef649f11d): Device file not found
2026-02-06 10:04:16,564 - WARNING - Sensor 1 (28-3c68f6499bcd): Device file not found
2026-02-06 10:04:16,564 - WARNING - Sensor 2 (28-3cb9f64947fe): Device file not found
2026-02-06 10:04:16,564 - WARNING - Sensor 3 (28-3cc1f649ac53): Device file not found
2026-02-06 10:04:16,564 - WARNING - Sensor 4 (28-3cf2f6498873): Device file not found
2026-02-06 10:04:16,564 - WARNING - 2026-02-06 10:04:16 - Invalid readings from sensors: [0, 1, 2, 3] (4/4 failed)
2026-02-06 10:05:16,625 - WARNING - Sensor 0 (28-3c4ef649f11d): Device file not found
2026-02-06 10:05:16,625 - WARNING - Sensor 1 (28-3c68f6499bcd): Device file not found
2026-02-06 10:05:16,626 - WARNING - Sensor 2 (28-3cb9f64947fe): Device file not found
2026-02-06 10:05:16,626 - WARNING - Sensor 3 (28-3cc1f649ac53): Device file not found
2026-02-06 10:05:16,626 - WARNING - Sensor 4 (28-3cf2f6498873): Device file not found
2026-02-06 10:05:16,627 - WARNING - 2026-02-06 10:05:16 - Invalid readings from sensors: [0, 1, 2, 3] (4/4 failed)
2026-02-06 10:06:16,688 - WARNING - Sensor 0 (28-3c4ef649f11d): Device file not found
2026-02-06 10:06:16,688 - WARNING - Sensor 1 (28-3c68f6499bcd): Device file not found
2026-02-06 10:06:16,688 - WARNING - Sensor 2 (28-3cb9f64947fe): Device file not found
2026-02-06 10:06:16,688 - WARNING - Sensor 3 (28-3cc1f649ac53): Device file not found
2026-02-06 10:06:16,688 - WARNING - Sensor 4 (28-3cf2f6498873): Device file not found
2026-02-06 10:06:16,689 - WARNING - 2026-02-06 10:06:16 - Invalid readings from sensors: [0, 1, 2, 3] (4/4 failed)
2026-02-06 10:07:16,749 - WARNING - Sensor 0 (28-3c4ef649f11d): Device file not found
2026-02-06 10:07:16,750 - WARNING - Sensor 1 (28-3c68f6499bcd): Device file not found
2026-02-06 10:07:16,750 - WARNING - Sensor 2 (28-3cb9f64947fe): Device file not found
2026-02-06 10:07:16,751 - WARNING - Sensor 3 (28-3cc1f649ac53): Device file not found
2026-02-06 10:07:16,751 - WARNING - Sensor 4 (28-3cf2f6498873): Device file not found
2026-02-06 10:07:16,752 - WARNING - 2026-02-06 10:07:16 - Invalid readings from sensors: [0, 1, 2, 3] (4/4 failed)
2026-02-06 10:08:16,812 - WARNING - Sensor 0 (28-3c4ef649f11d): Device file not found
2026-02-06 10:08:16,813 - WARNING - Sensor 1 (28-3c68f6499bcd): Device file not found
2026-02-06 10:08:16,813 - WARNING - Sensor 2 (28-3cb9f64947fe): Device file not found
2026-02-06 10:08:16,814 - WARNING - Sensor 3 (28-3cc1f649ac53): Device file not found
2026-02-06 10:08:16,814 - WARNING - Sensor 4 (28-3cf2f6498873): Device file not found
2026-02-06 10:08:16,815 - WARNING - 2026-02-06 10:08:16 - Invalid readings from sensors: [0, 1, 2, 3] (4/4 failed)
2026-02-06 10:09:16,872 - WARNING - Sensor 0 (28-3c4ef649f11d): Device file not found
2026-02-06 10:09:16,872 - WARNING - Sensor 1 (28-3c68f6499bcd): Device file not found
2026-02-06 10:09:16,873 - WARNING - Sensor 2 (28-3cb9f64947fe): Device file not found
2026-02-06 10:09:16,873 - WARNING - Sensor 3 (28-3cc1f649ac53): Device file not found
2026-02-06 10:09:16,873 - WARNING - Sensor 4 (28-3cf2f6498873): Device file not found
2026-02-06 10:09:16,874 - WARNING - 2026-02-06 10:09:16 - Invalid readings from sensors: [0, 1, 2, 3] (4/4 failed)
2026-02-06 10:10:16,922 - WARNING - Sensor 0 (28-3c4ef649f11d): Device file not found
2026-02-06 10:10:16,923 - WARNING - Sensor 1 (28-3c68f6499bcd): Device file not found
2026-02-06 10:10:16,923 - WARNING - Sensor 2 (28-3cb9f64947fe): Device file not found
2026-02-06 10:10:16,924 - WARNING - Sensor 3 (28-3cc1f649ac53): Device file not found
2026-02-06 10:10:16,924 - WARNING - Sensor 4 (28-3cf2f6498873): Device file not found
2026-02-06 10:10:16,925 - WARNING - 2026-02-06 10:10:16 - Invalid readings from sensors: [0, 1, 2, 3] (4/4 failed)
2026-02-06 10:11:16,956 - WARNING - Sensor 0 (28-3c4ef649f11d): Device file not found
2026-02-06 10:11:16,956 - WARNING - Sensor 1 (28-3c68f6499bcd): Device file not found
2026-02-06 10:11:16,957 - WARNING - Sensor 2 (28-3cb9f64947fe): Device file not found
2026-02-06 10:11:16,957 - WARNING - Sensor 3 (28-3cc1f649ac53): Device file not found
2026-02-06 10:11:16,957 - WARNING - Sensor 4 (28-3cf2f6498873): Device file not found
2026-02-06 10:11:16,958 - WARNING - 2026-02-06 10:11:16 - Invalid readings from sensors: [0, 1, 2, 3] (4/4 failed)
2026-02-06 10:12:16,962 - WARNING - Sensor 0 (28-3c4ef649f11d): Device file not found
2026-02-06 10:12:16,963 - WARNING - Sensor 1 (28-3c68f6499bcd): Device file not found
2026-02-06 10:12:16,963 - WARNING - Sensor 2 (28-3cb9f64947fe): Device file not found
2026-02-06 10:12:16,964 - WARNING - Sensor 3 (28-3cc1f649ac53): Device file not found
2026-02-06 10:12:16,964 - WARNING - Sensor 4 (28-3cf2f6498873): Device file not found
2026-02-06 10:12:16,965 - WARNING - 2026-02-06 10:12:16 - Invalid readings from sensors: [0, 1, 2, 3] (4/4 failed)
2026-02-06 10:13:17,025 - WARNING - Sensor 0 (28-3c4ef649f11d): Device file not found
2026-02-06 10:13:17,026 - WARNING - Sensor 1 (28-3c68f6499bcd): Device file not found
2026-02-06 10:13:17,026 - WARNING - Sensor 2 (28-3cb9f64947fe): Device file not found
2026-02-06 10:13:17,027 - WARNING - Sensor 3 (28-3cc1f649ac53): Device file not found
2026-02-06 10:13:17,027 - WARNING - Sensor 4 (28-3cf2f6498873): Device file not found
2026-02-06 10:13:17,028 - WARNING - 2026-02-06 10:13:17 - Invalid readings from sensors: [0, 1, 2, 3] (4/4 failed)
2026-02-06 10:14:17,064 - WARNING - Sensor 0 (28-3c4ef649f11d): Device file not found
2026-02-06 10:14:17,064 - WARNING - Sensor 1 (28-3c68f6499bcd): Device file not found
2026-02-06 10:14:17,065 - WARNING - Sensor 2 (28-3cb9f64947fe): Device file not found
2026-02-06 10:14:17,065 - WARNING - Sensor 3 (28-3cc1f649ac53): Device file not found
2026-02-06 10:14:17,065 - WARNING - Sensor 4 (28-3cf2f6498873): Device file not found
2026-02-06 10:14:17,066 - WARNING - 2026-02-06 10:14:17 - Invalid readings from sensors: [0, 1, 2, 3] (4/4 failed)
2026-02-06 10:15:17,127 - WARNING - Sensor 0 (28-3c4ef649f11d): Device file not found
2026-02-06 10:15:17,127 - WARNING - Sensor 1 (28-3c68f6499bcd): Device file not found
2026-02-06 10:15:17,128 - WARNING - Sensor 2 (28-3cb9f64947fe): Device file not found
2026-02-06 10:15:17,128 - WARNING - Sensor 3 (28-3cc1f649ac53): Device file not found
2026-02-06 10:15:17,128 - WARNING - Sensor 4 (28-3cf2f6498873): Device file not found
2026-02-06 10:15:17,129 - WARNING - 2026-02-06 10:15:17 - Invalid readings from sensors: [0, 1, 2, 3] (4/4 failed)
2026-02-06 10:16:17,177 - WARNING - Sensor 0 (28-3c4ef649f11d): Device file not found
2026-02-06 10:16:17,177 - WARNING - Sensor 1 (28-3c68f6499bcd): Device file not found
2026-02-06 10:16:17,178 - WARNING - Sensor 2 (28-3cb9f64947fe): Device file not found
2026-02-06 10:16:17,178 - WARNING - Sensor 3 (28-3cc1f649ac53): Device file not found
2026-02-06 10:16:17,178 - WARNING - Sensor 4 (28-3cf2f6498873): Device file not found
2026-02-06 10:16:17,179 - WARNING - 2026-02-06 10:16:17 - Invalid readings from sensors: [0, 1, 2, 3] (4/4 failed)
2026-02-06 10:17:17,240 - WARNING - Sensor 0 (28-3c4ef649f11d): Device file not found
2026-02-06 10:17:17,241 - WARNING - Sensor 1 (28-3c68f6499bcd): Device file not found
2026-02-06 10:17:17,241 - WARNING - Sensor 2 (28-3cb9f64947fe): Device file not found
2026-02-06 10:17:17,241 - WARNING - Sensor 3 (28-3cc1f649ac53): Device file not found
2026-02-06 10:17:17,242 - WARNING - Sensor 4 (28-3cf2f6498873): Device file not found
2026-02-06 10:17:17,242 - WARNING - 2026-02-06 10:17:17 - Invalid readings from sensors: [0, 1, 2, 3] (4/4 failed)
2026-02-06 10:18:17,255 - WARNING - Sensor 0 (28-3c4ef649f11d): Device file not found
2026-02-06 10:18:17,256 - WARNING - Sensor 1 (28-3c68f6499bcd): Device file not found
2026-02-06 10:18:17,256 - WARNING - Sensor 2 (28-3cb9f64947fe): Device file not found
2026-02-06 10:18:17,256 - WARNING - Sensor 3 (28-3cc1f649ac53): Device file not found
2026-02-06 10:18:17,256 - WARNING - Sensor 4 (28-3cf2f6498873): Device file not found
2026-02-06 10:18:17,256 - WARNING - 2026-02-06 10:18:17 - Invalid readings from sensors: [0, 1, 2, 3] (4/4 failed)
2026-02-06 10:19:17,317 - WARNING - Sensor 0 (28-3c4ef649f11d): Device file not found
2026-02-06 10:19:17,317 - WARNING - Sensor 1 (28-3c68f6499bcd): Device file not found
2026-02-06 10:19:17,317 - WARNING - Sensor 2 (28-3cb9f64947fe): Device file not found
2026-02-06 10:19:17,317 - WARNING - Sensor 3 (28-3cc1f649ac53): Device file not found
2026-02-06 10:19:17,317 - WARNING - Sensor 4 (28-3cf2f6498873): Device file not found
2026-02-06 10:19:17,318 - WARNING - 2026-02-06 10:19:17 - Invalid readings from sensors: [0, 1, 2, 3] (4/4 failed)
2026-02-06 10:20:17,378 - WARNING - Sensor 0 (28-3c4ef649f11d): Device file not found
2026-02-06 10:20:17,378 - WARNING - Sensor 1 (28-3c68f6499bcd): Device file not found
2026-02-06 10:20:17,378 - WARNING - Sensor 2 (28-3cb9f64947fe): Device file not found
2026-02-06 10:20:17,378 - WARNING - Sensor 3 (28-3cc1f649ac53): Device file not found
2026-02-06 10:20:17,378 - WARNING - Sensor 4 (28-3cf2f6498873): Device file not found
2026-02-06 10:20:17,379 - WARNING - 2026-02-06 10:20:17 - Invalid readings from sensors: [0, 1, 2, 3] (4/4 failed)
2026-02-06 10:21:17,416 - WARNING - Sensor 0 (28-3c4ef649f11d): Device file not found
2026-02-06 10:21:17,416 - WARNING - Sensor 1 (28-3c68f6499bcd): Device file not found
2026-02-06 10:21:17,417 - WARNING - Sensor 2 (28-3cb9f64947fe): Device file not found
2026-02-06 10:21:17,417 - WARNING - Sensor 3 (28-3cc1f649ac53): Device file not found
2026-02-06 10:21:17,417 - WARNING - Sensor 4 (28-3cf2f6498873): Device file not found
2026-02-06 10:21:17,418 - WARNING - 2026-02-06 10:21:17 - Invalid readings from sensors: [0, 1, 2, 3] (4/4 failed)
2026-02-06 10:22:17,479 - WARNING - Sensor 0 (28-3c4ef649f11d): Device file not found
2026-02-06 10:22:17,479 - WARNING - Sensor 1 (28-3c68f6499bcd): Device file not found
2026-02-06 10:22:17,480 - WARNING - Sensor 2 (28-3cb9f64947fe): Device file not found
2026-02-06 10:22:17,480 - WARNING - Sensor 3 (28-3cc1f649ac53): Device file not found
2026-02-06 10:22:17,480 - WARNING - Sensor 4 (28-3cf2f6498873): Device file not found
2026-02-06 10:22:17,481 - WARNING - 2026-02-06 10:22:17 - Invalid readings from sensors: [0, 1, 2, 3] (4/4 failed)
2026-02-06 10:23:17,542 - WARNING - Sensor 0 (28-3c4ef649f11d): Device file not found
2026-02-06 10:23:17,542 - WARNING - Sensor 1 (28-3c68f6499bcd): Device file not found
2026-02-06 10:23:17,543 - WARNING - Sensor 2 (28-3cb9f64947fe): Device file not found
2026-02-06 10:23:17,543 - WARNING - Sensor 3 (28-3cc1f649ac53): Device file not found
2026-02-06 10:23:17,543 - WARNING - Sensor 4 (28-3cf2f6498873): Device file not found
2026-02-06 10:23:17,544 - WARNING - 2026-02-06 10:23:17 - Invalid readings from sensors: [0, 1, 2, 3] (4/4 failed)
2026-02-06 10:24:17,555 - WARNING - Sensor 0 (28-3c4ef649f11d): Device file not found
2026-02-06 10:24:17,556 - WARNING - Sensor 1 (28-3c68f6499bcd): Device file not found
2026-02-06 10:24:17,556 - WARNING - Sensor 2 (28-3cb9f64947fe): Device file not found
2026-02-06 10:24:17,557 - WARNING - Sensor 3 (28-3cc1f649ac53): Device file not found
2026-02-06 10:24:17,557 - WARNING - Sensor 4 (28-3cf2f6498873): Device file not found
2026-02-06 10:24:17,558 - WARNING - 2026-02-06 10:24:17 - Invalid readings from sensors: [0, 1, 2, 3] (4/4 failed)
2026-02-06 10:25:17,618 - WARNING - Sensor 0 (28-3c4ef649f11d): Device file not found
2026-02-06 10:25:17,619 - WARNING - Sensor 1 (28-3c68f6499bcd): Device file not found
2026-02-06 10:25:17,620 - WARNING - Sensor 2 (28-3cb9f64947fe): Device file not found
2026-02-06 10:25:17,620 - WARNING - Sensor 3 (28-3cc1f649ac53): Device file not found
2026-02-06 10:25:17,620 - WARNING - Sensor 4 (28-3cf2f6498873): Device file not found
2026-02-06 10:25:17,621 - WARNING - 2026-02-06 10:25:17 - Invalid readings from sensors: [0, 1, 2, 3] (4/4 failed)
2026-02-06 10:26:17,680 - WARNING - Sensor 0 (28-3c4ef649f11d): Device file not found
2026-02-06 10:26:17,681 - WARNING - Sensor 1 (28-3c68f6499bcd): Device file not found
2026-02-06 10:26:17,681 - WARNING - Sensor 2 (28-3cb9f64947fe): Device file not found
2026-02-06 10:26:17,681 - WARNING - Sensor 3 (28-3cc1f649ac53): Device file not found
2026-02-06 10:26:17,681 - WARNING - Sensor 4 (28-3cf2f6498873): Device file not found
2026-02-06 10:26:17,681 - WARNING - 2026-02-06 10:26:17 - Invalid readings from sensors: [0, 1, 2, 3] (4/4 failed)
2026-02-06 10:27:17,714 - WARNING - Sensor 0 (28-3c4ef649f11d): Device file not found
2026-02-06 10:27:17,715 - WARNING - Sensor 1 (28-3c68f6499bcd): Device file not found
2026-02-06 10:27:17,715 - WARNING - Sensor 2 (28-3cb9f64947fe): Device file not found
2026-02-06 10:27:17,715 - WARNING - Sensor 3 (28-3cc1f649ac53): Device file not found
2026-02-06 10:27:17,715 - WARNING - Sensor 4 (28-3cf2f6498873): Device file not found
2026-02-06 10:27:17,716 - WARNING - 2026-02-06 10:27:17 - Invalid readings from sensors: [0, 1, 2, 3] (4/4 failed)
2026-02-06 10:28:17,777 - WARNING - Sensor 0 (28-3c4ef649f11d): Device file not found
2026-02-06 10:28:17,777 - WARNING - Sensor 1 (28-3c68f6499bcd): Device file not found
2026-02-06 10:28:17,777 - WARNING - Sensor 2 (28-3cb9f64947fe): Device file not found
2026-02-06 10:28:17,778 - WARNING - Sensor 3 (28-3cc1f649ac53): Device file not found
2026-02-06 10:28:17,778 - WARNING - Sensor 4 (28-3cf2f6498873): Device file not found
2026-02-06 10:28:17,778 - WARNING - 2026-02-06 10:28:17 - Invalid readings from sensors: [0, 1, 2, 3] (4/4 failed)
2026-02-06 10:29:17,839 - WARNING - Sensor 0 (28-3c4ef649f11d): Device file not found
2026-02-06 10:29:17,839 - WARNING - Sensor 1 (28-3c68f6499bcd): Device file not found
2026-02-06 10:29:17,840 - WARNING - Sensor 2 (28-3cb9f64947fe): Device file not found
2026-02-06 10:29:17,840 - WARNING - Sensor 3 (28-3cc1f649ac53): Device file not found
2026-02-06 10:29:17,840 - WARNING - Sensor 4 (28-3cf2f6498873): Device file not found
2026-02-06 10:29:17,841 - WARNING - 2026-02-06 10:29:17 - Invalid readings from sensors: [0, 1, 2, 3] (4/4 failed)
2026-02-06 10:30:17,902 - WARNING - Sensor 0 (28-3c4ef649f11d): Device file not found
2026-02-06 10:30:17,902 - WARNING - Sensor 1 (28-3c68f6499bcd): Device file not found
2026-02-06 10:30:17,903 - WARNING - Sensor 2 (28-3cb9f64947fe): Device file not found
2026-02-06 10:30:17,903 - WARNING - Sensor 3 (28-3cc1f649ac53): Device file not found
2026-02-06 10:30:17,904 - WARNING - Sensor 4 (28-3cf2f6498873): Device file not found
2026-02-06 10:30:17,904 - WARNING - 2026-02-06 10:30:17 - Invalid readings from sensors: [0, 1, 2, 3] (4/4 failed)
2026-02-06 10:31:17,928 - WARNING - Sensor 0 (28-3c4ef649f11d): Device file not found
2026-02-06 10:31:17,928 - WARNING - Sensor 1 (28-3c68f6499bcd): Device file not found
2026-02-06 10:31:17,929 - WARNING - Sensor 2 (28-3cb9f64947fe): Device file not found
2026-02-06 10:31:17,929 - WARNING - Sensor 3 (28-3cc1f649ac53): Device file not found
2026-02-06 10:31:17,929 - WARNING - Sensor 4 (28-3cf2f6498873): Device file not found
2026-02-06 10:31:17,930 - WARNING - 2026-02-06 10:31:17 - Invalid readings from sensors: [0, 1, 2, 3] (4/4 failed)
2026-02-06 10:32:17,959 - WARNING - Sensor 0 (28-3c4ef649f11d): Device file not found
2026-02-06 10:32:17,960 - WARNING - Sensor 1 (28-3c68f6499bcd): Device file not found
2026-02-06 10:32:17,960 - WARNING - Sensor 2 (28-3cb9f64947fe): Device file not found
2026-02-06 10:32:17,961 - WARNING - Sensor 3 (28-3cc1f649ac53): Device file not found
2026-02-06 10:32:17,961 - WARNING - Sensor 4 (28-3cf2f6498873): Device file not found
2026-02-06 10:32:17,961 - WARNING - 2026-02-06 10:32:17 - Invalid readings from sensors: [0, 1, 2, 3] (4/4 failed)
2026-02-06 10:33:18,022 - WARNING - Sensor 0 (28-3c4ef649f11d): Device file not found
2026-02-06 10:33:18,022 - WARNING - Sensor 1 (28-3c68f6499bcd): Device file not found
2026-02-06 10:33:18,022 - WARNING - Sensor 2 (28-3cb9f64947fe): Device file not found
2026-02-06 10:33:18,022 - WARNING - Sensor 3 (28-3cc1f649ac53): Device file not found
2026-02-06 10:33:18,022 - WARNING - Sensor 4 (28-3cf2f6498873): Device file not found
2026-02-06 10:33:18,023 - WARNING - 2026-02-06 10:33:18 - Invalid readings from sensors: [0, 1, 2, 3] (4/4 failed)
2026-02-06 10:34:18,083 - WARNING - Sensor 0 (28-3c4ef649f11d): Device file not found
2026-02-06 10:34:18,083 - WARNING - Sensor 1 (28-3c68f6499bcd): Device file not found
2026-02-06 10:34:18,084 - WARNING - Sensor 2 (28-3cb9f64947fe): Device file not found
2026-02-06 10:34:18,084 - WARNING - Sensor 3 (28-3cc1f649ac53): Device file not found
2026-02-06 10:34:18,084 - WARNING - Sensor 4 (28-3cf2f6498873): Device file not found
2026-02-06 10:34:18,084 - WARNING - 2026-02-06 10:34:18 - Invalid readings from sensors: [0, 1, 2, 3] (4/4 failed)
2026-02-06 10:35:18,144 - WARNING - Sensor 0 (28-3c4ef649f11d): Device file not found
2026-02-06 10:35:18,145 - WARNING - Sensor 1 (28-3c68f6499bcd): Device file not found
2026-02-06 10:35:18,145 - WARNING - Sensor 2 (28-3cb9f64947fe): Device file not found
2026-02-06 10:35:18,145 - WARNING - Sensor 3 (28-3cc1f649ac53): Device file not found
2026-02-06 10:35:18,145 - WARNING - Sensor 4 (28-3cf2f6498873): Device file not found
2026-02-06 10:35:18,145 - WARNING - 2026-02-06 10:35:18 - Invalid readings from sensors: [0, 1, 2, 3] (4/4 failed)
2026-02-06 10:36:18,206 - WARNING - Sensor 0 (28-3c4ef649f11d): Device file not found
2026-02-06 10:36:18,206 - WARNING - Sensor 1 (28-3c68f6499bcd): Device file not found
2026-02-06 10:36:18,207 - WARNING - Sensor 2 (28-3cb9f64947fe): Device file not found
2026-02-06 10:36:18,207 - WARNING - Sensor 3 (28-3cc1f649ac53): Device file not found
2026-02-06 10:36:18,207 - WARNING - Sensor 4 (28-3cf2f6498873): Device file not found
2026-02-06 10:36:18,208 - WARNING - 2026-02-06 10:36:18 - Invalid readings from sensors: [0, 1, 2, 3] (4/4 failed)
2026-02-06 10:37:18,216 - WARNING - Sensor 0 (28-3c4ef649f11d): Device file not found
2026-02-06 10:37:18,216 - WARNING - Sensor 1 (28-3c68f6499bcd): Device file not found
2026-02-06 10:37:18,217 - WARNING - Sensor 2 (28-3cb9f64947fe): Device file not found
2026-02-06 10:37:18,217 - WARNING - Sensor 3 (28-3cc1f649ac53): Device file not found
2026-02-06 10:37:18,217 - WARNING - Sensor 4 (28-3cf2f6498873): Device file not found
2026-02-06 10:37:18,218 - WARNING - 2026-02-06 10:37:18 - Invalid readings from sensors: [0, 1, 2, 3] (4/4 failed)
2026-02-06 10:38:18,279 - WARNING - Sensor 0 (28-3c4ef649f11d): Device file not found
2026-02-06 10:38:18,279 - WARNING - Sensor 1 (28-3c68f6499bcd): Device file not found
2026-02-06 10:38:18,280 - WARNING - Sensor 2 (28-3cb9f64947fe): Device file not found
2026-02-06 10:38:18,280 - WARNING - Sensor 3 (28-3cc1f649ac53): Device file not found
2026-02-06 10:38:18,280 - WARNING - Sensor 4 (28-3cf2f6498873): Device file not found
2026-02-06 10:38:18,281 - WARNING - 2026-02-06 10:38:18 - Invalid readings from sensors: [0, 1, 2, 3] (4/4 failed)
2026-02-06 10:39:18,312 - WARNING - Sensor 0 (28-3c4ef649f11d): Device file not found
2026-02-06 10:39:18,312 - WARNING - Sensor 1 (28-3c68f6499bcd): Device file not found
2026-02-06 10:39:18,312 - WARNING - Sensor 2 (28-3cb9f64947fe): Device file not found
2026-02-06 10:39:18,313 - WARNING - Sensor 3 (28-3cc1f649ac53): Device file not found
2026-02-06 10:39:18,313 - WARNING - Sensor 4 (28-3cf2f6498873): Device file not found
2026-02-06 10:39:18,314 - WARNING - 2026-02-06 10:39:18 - Invalid readings from sensors: [0, 1, 2, 3] (4/4 failed)
2026-02-06 10:40:18,374 - WARNING - Sensor 0 (28-3c4ef649f11d): Device file not found
2026-02-06 10:40:18,375 - WARNING - Sensor 1 (28-3c68f6499bcd): Device file not found
2026-02-06 10:40:18,375 - WARNING - Sensor 2 (28-3cb9f64947fe): Device file not found
2026-02-06 10:40:18,375 - WARNING - Sensor 3 (28-3cc1f649ac53): Device file not found
2026-02-06 10:40:18,375 - WARNING - Sensor 4 (28-3cf2f6498873): Device file not found
2026-02-06 10:40:18,375 - WARNING - 2026-02-06 10:40:18 - Invalid readings from sensors: [0, 1, 2, 3] (4/4 failed)
2026-02-06 10:41:18,436 - WARNING - Sensor 0 (28-3c4ef649f11d): Device file not found
2026-02-06 10:41:18,436 - WARNING - Sensor 1 (28-3c68f6499bcd): Device file not found
2026-02-06 10:41:18,436 - WARNING - Sensor 2 (28-3cb9f64947fe): Device file not found
2026-02-06 10:41:18,436 - WARNING - Sensor 3 (28-3cc1f649ac53): Device file not found
2026-02-06 10:41:18,436 - WARNING - Sensor 4 (28-3cf2f6498873): Device file not found
2026-02-06 10:41:18,437 - WARNING - 2026-02-06 10:41:18 - Invalid readings from sensors: [0, 1, 2, 3] (4/4 failed)
2026-02-06 10:42:18,447 - WARNING - Sensor 0 (28-3c4ef649f11d): Device file not found
2026-02-06 10:42:18,448 - WARNING - Sensor 1 (28-3c68f6499bcd): Device file not found
2026-02-06 10:42:18,448 - WARNING - Sensor 2 (28-3cb9f64947fe): Device file not found
2026-02-06 10:42:18,448 - WARNING - Sensor 3 (28-3cc1f649ac53): Device file not found
2026-02-06 10:42:18,448 - WARNING - Sensor 4 (28-3cf2f6498873): Device file not found
2026-02-06 10:42:18,448 - WARNING - 2026-02-06 10:42:18 - Invalid readings from sensors: [0, 1, 2, 3] (4/4 failed)
2026-02-06 10:43:18,509 - WARNING - Sensor 0 (28-3c4ef649f11d): Device file not found
2026-02-06 10:43:18,509 - WARNING - Sensor 1 (28-3c68f6499bcd): Device file not found
2026-02-06 10:43:18,510 - WARNING - Sensor 2 (28-3cb9f64947fe): Device file not found
2026-02-06 10:43:18,510 - WARNING - Sensor 3 (28-3cc1f649ac53): Device file not found
2026-02-06 10:43:18,511 - WARNING - Sensor 4 (28-3cf2f6498873): Device file not found
2026-02-06 10:43:18,511 - WARNING - 2026-02-06 10:43:18 - Invalid readings from sensors: [0, 1, 2, 3] (4/4 failed)
2026-02-06 10:44:18,572 - WARNING - Sensor 0 (28-3c4ef649f11d): Device file not found
2026-02-06 10:44:18,572 - WARNING - Sensor 1 (28-3c68f6499bcd): Device file not found
2026-02-06 10:44:18,573 - WARNING - Sensor 2 (28-3cb9f64947fe): Device file not found
2026-02-06 10:44:18,573 - WARNING - Sensor 3 (28-3cc1f649ac53): Device file not found
2026-02-06 10:44:18,573 - WARNING - Sensor 4 (28-3cf2f6498873): Device file not found
2026-02-06 10:44:18,574 - WARNING - 2026-02-06 10:44:18 - Invalid readings from sensors: [0, 1, 2, 3] (4/4 failed)
2026-02-06 10:45:18,632 - WARNING - Sensor 0 (28-3c4ef649f11d): Device file not found
2026-02-06 10:45:18,632 - WARNING - Sensor 1 (28-3c68f6499bcd): Device file not found
2026-02-06 10:45:18,633 - WARNING - Sensor 2 (28-3cb9f64947fe): Device file not found
2026-02-06 10:45:18,633 - WARNING - Sensor 3 (28-3cc1f649ac53): Device file not found
2026-02-06 10:45:18,633 - WARNING - Sensor 4 (28-3cf2f6498873): Device file not found
2026-02-06 10:45:18,634 - WARNING - 2026-02-06 10:45:18 - Invalid readings from sensors: [0, 1, 2, 3] (4/4 failed)
2026-02-06 10:46:18,664 - WARNING - Sensor 0 (28-3c4ef649f11d): Device file not found
2026-02-06 10:46:18,664 - WARNING - Sensor 1 (28-3c68f6499bcd): Device file not found
2026-02-06 10:46:18,665 - WARNING - Sensor 2 (28-3cb9f64947fe): Device file not found
2026-02-06 10:46:18,665 - WARNING - Sensor 3 (28-3cc1f649ac53): Device file not found
2026-02-06 10:46:18,665 - WARNING - Sensor 4 (28-3cf2f6498873): Device file not found
2026-02-06 10:46:18,666 - WARNING - 2026-02-06 10:46:18 - Invalid readings from sensors: [0, 1, 2, 3] (4/4 failed)
2026-02-06 10:47:18,726 - WARNING - Sensor 0 (28-3c4ef649f11d): Device file not found
2026-02-06 10:47:18,727 - WARNING - Sensor 1 (28-3c68f6499bcd): Device file not found
2026-02-06 10:47:18,727 - WARNING - Sensor 2 (28-3cb9f64947fe): Device file not found
2026-02-06 10:47:18,727 - WARNING - Sensor 3 (28-3cc1f649ac53): Device file not found
2026-02-06 10:47:18,727 - WARNING - Sensor 4 (28-3cf2f6498873): Device file not found
2026-02-06 10:47:18,727 - WARNING - 2026-02-06 10:47:18 - Invalid readings from sensors: [0, 1, 2, 3] (4/4 failed)
2026-02-06 10:48:18,731 - WARNING - Sensor 0 (28-3c4ef649f11d): Device file not found
2026-02-06 10:48:18,732 - WARNING - Sensor 1 (28-3c68f6499bcd): Device file not found
2026-02-06 10:48:18,732 - WARNING - Sensor 2 (28-3cb9f64947fe): Device file not found
2026-02-06 10:48:18,732 - WARNING - Sensor 3 (28-3cc1f649ac53): Device file not found
2026-02-06 10:48:18,732 - WARNING - Sensor 4 (28-3cf2f6498873): Device file not found
2026-02-06 10:48:18,732 - WARNING - 2026-02-06 10:48:18 - Invalid readings from sensors: [0, 1, 2, 3] (4/4 failed)
2026-02-06 10:49:18,782 - WARNING - Sensor 0 (28-3c4ef649f11d): Device file not found
2026-02-06 10:49:18,783 - WARNING - Sensor 1 (28-3c68f6499bcd): Device file not found
2026-02-06 10:49:18,783 - WARNING - Sensor 2 (28-3cb9f64947fe): Device file not found
2026-02-06 10:49:18,784 - WARNING - Sensor 3 (28-3cc1f649ac53): Device file not found
2026-02-06 10:49:18,784 - WARNING - Sensor 4 (28-3cf2f6498873): Device file not found
2026-02-06 10:49:18,785 - WARNING - 2026-02-06 10:49:18 - Invalid readings from sensors: [0, 1, 2, 3] (4/4 failed)
2026-02-06 10:50:18,792 - WARNING - Sensor 0 (28-3c4ef649f11d): Device file not found
2026-02-06 10:50:18,793 - WARNING - Sensor 1 (28-3c68f6499bcd): Device file not found
2026-02-06 10:50:18,793 - WARNING - Sensor 2 (28-3cb9f64947fe): Device file not found
2026-02-06 10:50:18,793 - WARNING - Sensor 3 (28-3cc1f649ac53): Device file not found
2026-02-06 10:50:18,793 - WARNING - Sensor 4 (28-3cf2f6498873): Device file not found
2026-02-06 10:50:18,794 - WARNING - 2026-02-06 10:50:18 - Invalid readings from sensors: [0, 1, 2, 3] (4/4 failed)
2026-02-06 10:51:18,854 - WARNING - Sensor 0 (28-3c4ef649f11d): Device file not found
2026-02-06 10:51:18,855 - WARNING - Sensor 1 (28-3c68f6499bcd): Device file not found
2026-02-06 10:51:18,855 - WARNING - Sensor 2 (28-3cb9f64947fe): Device file not found
2026-02-06 10:51:18,856 - WARNING - Sensor 3 (28-3cc1f649ac53): Device file not found
2026-02-06 10:51:18,856 - WARNING - Sensor 4 (28-3cf2f6498873): Device file not found
2026-02-06 10:51:18,857 - WARNING - 2026-02-06 10:51:18 - Invalid readings from sensors: [0, 1, 2, 3] (4/4 failed)
2026-02-06 10:52:18,917 - WARNING - Sensor 0 (28-3c4ef649f11d): Device file not found
2026-02-06 10:52:18,918 - WARNING - Sensor 1 (28-3c68f6499bcd): Device file not found
2026-02-06 10:52:18,918 - WARNING - Sensor 2 (28-3cb9f64947fe): Device file not found
2026-02-06 10:52:18,919 - WARNING - Sensor 3 (28-3cc1f649ac53): Device file not found
2026-02-06 10:52:18,919 - WARNING - Sensor 4 (28-3cf2f6498873): Device file not found
2026-02-06 10:52:18,920 - WARNING - 2026-02-06 10:52:18 - Invalid readings from sensors: [0, 1, 2, 3] (4/4 failed)
2026-02-06 10:53:18,967 - WARNING - Sensor 0 (28-3c4ef649f11d): Device file not found
2026-02-06 10:53:18,967 - WARNING - Sensor 1 (28-3c68f6499bcd): Device file not found
2026-02-06 10:53:18,968 - WARNING - Sensor 2 (28-3cb9f64947fe): Device file not found
2026-02-06 10:53:18,968 - WARNING - Sensor 3 (28-3cc1f649ac53): Device file not found
2026-02-06 10:53:18,968 - WARNING - Sensor 4 (28-3cf2f6498873): Device file not found
2026-02-06 10:53:18,969 - WARNING - 2026-02-06 10:53:18 - Invalid readings from sensors: [0, 1, 2, 3] (4/4 failed)
2026-02-06 10:54:19,030 - WARNING - Sensor 0 (28-3c4ef649f11d): Device file not found
2026-02-06 10:54:19,030 - WARNING - Sensor 1 (28-3c68f6499bcd): Device file not found
2026-02-06 10:54:19,030 - WARNING - Sensor 2 (28-3cb9f64947fe): Device file not found
2026-02-06 10:54:19,030 - WARNING - Sensor 3 (28-3cc1f649ac53): Device file not found
2026-02-06 10:54:19,030 - WARNING - Sensor 4 (28-3cf2f6498873): Device file not found
2026-02-06 10:54:19,031 - WARNING - 2026-02-06 10:54:19 - Invalid readings from sensors: [0, 1, 2, 3] (4/4 failed)
2026-02-06 10:55:19,091 - WARNING - Sensor 0 (28-3c4ef649f11d): Device file not found
2026-02-06 10:55:19,091 - WARNING - Sensor 1 (28-3c68f6499bcd): Device file not found
2026-02-06 10:55:19,091 - WARNING - Sensor 2 (28-3cb9f64947fe): Device file not found
2026-02-06 10:55:19,091 - WARNING - Sensor 3 (28-3cc1f649ac53): Device file not found
2026-02-06 10:55:19,092 - WARNING - Sensor 4 (28-3cf2f6498873): Device file not found
2026-02-06 10:55:19,092 - WARNING - 2026-02-06 10:55:19 - Invalid readings from sensors: [0, 1, 2, 3] (4/4 failed)
2026-02-06 10:56:19,111 - WARNING - Sensor 0 (28-3c4ef649f11d): Device file not found
2026-02-06 10:56:19,112 - WARNING - Sensor 1 (28-3c68f6499bcd): Device file not found
2026-02-06 10:56:19,112 - WARNING - Sensor 2 (28-3cb9f64947fe): Device file not found
2026-02-06 10:56:19,112 - WARNING - Sensor 3 (28-3cc1f649ac53): Device file not found
2026-02-06 10:56:19,112 - WARNING - Sensor 4 (28-3cf2f6498873): Device file not found
2026-02-06 10:56:19,112 - WARNING - 2026-02-06 10:56:19 - Invalid readings from sensors: [0, 1, 2, 3] (4/4 failed)
2026-02-06 10:57:19,173 - WARNING - Sensor 0 (28-3c4ef649f11d): Device file not found
2026-02-06 10:57:19,173 - WARNING - Sensor 1 (28-3c68f6499bcd): Device file not found
2026-02-06 10:57:19,173 - WARNING - Sensor 2 (28-3cb9f64947fe): Device file not found
2026-02-06 10:57:19,173 - WARNING - Sensor 3 (28-3cc1f649ac53): Device file not found
2026-02-06 10:57:19,173 - WARNING - Sensor 4 (28-3cf2f6498873): Device file not found
2026-02-06 10:57:19,174 - WARNING - 2026-02-06 10:57:19 - Invalid readings from sensors: [0, 1, 2, 3] (4/4 failed)
2026-02-06 10:58:19,181 - WARNING - Sensor 0 (28-3c4ef649f11d): Device file not found
2026-02-06 10:58:19,182 - WARNING - Sensor 1 (28-3c68f6499bcd): Device file not found
2026-02-06 10:58:19,182 - WARNING - Sensor 2 (28-3cb9f64947fe): Device file not found
2026-02-06 10:58:19,182 - WARNING - Sensor 3 (28-3cc1f649ac53): Device file not found
2026-02-06 10:58:19,183 - WARNING - Sensor 4 (28-3cf2f6498873): Device file not found
2026-02-06 10:58:19,184 - WARNING - 2026-02-06 10:58:19 - Invalid readings from sensors: [0, 1, 2, 3] (4/4 failed)
